project,owner_repo,test_name,path,sha,commit_subject,category,in_flakebench,flakebench_id,n_tokens_pre,n_tokens_post,token_edit_distance,token_edit_distance_approx,diff_frac,annotation_only,cue_stratum,n_cue_added,n_cue_removed,cue_tokens_added,cue_tokens_removed,code_pre,code_post,diff
Alluxio_alluxio,Alluxio/alluxio,BlockMasterJournalIntegrationTest.journalBlockCreation,tests/src/test/java/alluxio/server/ft/journal/BlockMasterJournalIntegrationTest.java,d148ad075143ba5b6c765c6e4fd8b36457f2d529,Fix flaky test:BlockMasterJournalIntegrationTest,unknown,False,,140,158,18,False,0.11392405063291139,False,cue_added,1,0,{'waitFor': 1},{},"@Test
  public void journalBlockCreation() throws Exception {
    FileSystem fs = mCluster.getClient();
    BlockMaster blockMaster =
        mCluster.getLocalAlluxioMaster().getMasterProcess().getMaster(BlockMaster.class);
    AlluxioURI file = new AlluxioURI(""/test"");
    FileSystemTestUtils.createByteFile(fs, file, WritePType.MUST_CACHE, 10);
    URIStatus status = fs.getStatus(file);
    Long blockId = status.getBlockIds().get(0);
    assertNotNull(blockMaster.getBlockInfo(blockId));
    mCluster.stopMasters();
    mCluster.startMasters();
    AlluxioMasterProcess masterProcess = mCluster.getLocalAlluxioMaster().getMasterProcess();
    assertNotNull(masterProcess.getMaster(BlockMaster.class).getBlockInfo(blockId));
  }","@Test
  public void journalBlockCreation() throws Exception {
    FileSystem fs = mCluster.getClient();
    BlockMaster blockMaster =
        mCluster.getLocalAlluxioMaster().getMasterProcess().getMaster(BlockMaster.class);
    AlluxioURI file = new AlluxioURI(""/test"");
    FileSystemTestUtils.createByteFile(fs, file, WritePType.MUST_CACHE, 10);
    URIStatus status = fs.getStatus(file);
    Long blockId = status.getBlockIds().get(0);
    assertNotNull(blockMaster.getBlockInfo(blockId));
    mCluster.stopMasters();
    mCluster.startMasters();
    AlluxioMasterProcess masterProcess = mCluster.getLocalAlluxioMaster().getMasterProcess();
    CommonUtils.waitFor(""Master up"", () -> !masterProcess.isInSafeMode());
    assertNotNull(masterProcess.getMaster(BlockMaster.class).getBlockInfo(blockId));
  }","--- pre
+++ post
@@ -12,4 +12,5 @@
     mCluster.startMasters();
     AlluxioMasterProcess masterProcess = mCluster.getLocalAlluxioMaster().getMasterProcess();
+    CommonUtils.waitFor(""Master up"", () -> !masterProcess.isInSafeMode());
     assertNotNull(masterProcess.getMaster(BlockMaster.class).getBlockInfo(blockId));
   }"
Alluxio_alluxio,Alluxio/alluxio,BlockMasterJournalIntegrationTest.journalBlockDeletion,tests/src/test/java/alluxio/server/ft/journal/BlockMasterJournalIntegrationTest.java,d148ad075143ba5b6c765c6e4fd8b36457f2d529,Fix flaky test:BlockMasterJournalIntegrationTest,async wait,True,225.0,190,208,18,False,0.08653846153846154,False,cue_added,1,0,{'waitFor': 1},{},"@Test
  public void journalBlockDeletion() throws Exception {
    FileSystem fs = mCluster.getClient();
    BlockMaster blockMaster =
        mCluster.getLocalAlluxioMaster().getMasterProcess().getMaster(BlockMaster.class);
    AlluxioURI file = new AlluxioURI(""/test"");
    FileSystemTestUtils.createByteFile(fs, file, WritePType.MUST_CACHE, 10);
    URIStatus status = fs.getStatus(file);
    Long blockId = status.getBlockIds().get(0);
    assertNotNull(blockMaster.getBlockInfo(blockId));
    fs.delete(file);
    WorkerNetAddress workerAddress = mCluster.getWorkerAddress();
    try {
      blockMaster.getBlockInfo(blockId);
      fail(""Expected the block to be deleted"");
    } catch (BlockInfoException e) {
      // expected
    }
    mCluster.stopMasters();
    mCluster.startMasters();
    AlluxioMasterProcess masterProcess = mCluster.getLocalAlluxioMaster().getMasterProcess();
    try {
      masterProcess.getMaster(BlockMaster.class).getBlockInfo(blockId);
      fail(""Expected the block to be deleted after restart"");
    } catch (BlockInfoException e) {
      // expected
    }
  }","@Test
  public void journalBlockDeletion() throws Exception {
    FileSystem fs = mCluster.getClient();
    BlockMaster blockMaster =
        mCluster.getLocalAlluxioMaster().getMasterProcess().getMaster(BlockMaster.class);
    AlluxioURI file = new AlluxioURI(""/test"");
    FileSystemTestUtils.createByteFile(fs, file, WritePType.MUST_CACHE, 10);
    URIStatus status = fs.getStatus(file);
    Long blockId = status.getBlockIds().get(0);
    assertNotNull(blockMaster.getBlockInfo(blockId));
    fs.delete(file);
    WorkerNetAddress workerAddress = mCluster.getWorkerAddress();
    try {
      blockMaster.getBlockInfo(blockId);
      fail(""Expected the block to be deleted"");
    } catch (BlockInfoException e) {
      // expected
    }
    mCluster.stopMasters();
    mCluster.startMasters();
    AlluxioMasterProcess masterProcess = mCluster.getLocalAlluxioMaster().getMasterProcess();
    CommonUtils.waitFor(""Master up"", () -> !masterProcess.isInSafeMode());
    try {
      masterProcess.getMaster(BlockMaster.class).getBlockInfo(blockId);
      fail(""Expected the block to be deleted after restart"");
    } catch (BlockInfoException e) {
      // expected
    }
  }","--- pre
+++ post
@@ -20,4 +20,5 @@
     mCluster.startMasters();
     AlluxioMasterProcess masterProcess = mCluster.getLocalAlluxioMaster().getMasterProcess();
+    CommonUtils.waitFor(""Master up"", () -> !masterProcess.isInSafeMode());
     try {
       masterProcess.getMaster(BlockMaster.class).getBlockInfo(blockId);"
CorfuDB_CorfuDB,CorfuDB/CorfuDB,StreamingIT.testStreamingPrevValue,test/src/test/java/org/corfudb/integration/StreamingIT.java,43709312b5b0f158697d7e27557b1dd1eec82e5c,Description: (#3100),async wait,True,235.0,262,270,32,False,0.11851851851851852,False,cue_added,3,2,"{'CountDownLatch': 2, 'await': 1}","{'TimeUnit': 1, 'sleep': 1}","@Test
    public void testStreamingPrevValue() throws Exception {
        // Run a corfu server and start runtime
        Process corfuServer = runSinglePersistentServer(corfuSingleNodeHost, corfuStringNodePort);
        runtime = createRuntime(singleNodeEndpoint);
        CorfuStore store = new CorfuStore(runtime);
        String ns = ""test_namespace"";
        String tn = ""tableA"";

        // Create two tables.
        Table<Uuid, SampleTableAMsg, Uuid> table = store.openTable(ns, tn,
                Uuid.class, SampleTableAMsg.class, Uuid.class,
                TableOptions.builder().build());

        // Subscribe to streaming updates from tableA using listenerCommon
        PrevValueStreamer listenerCommon = new PrevValueStreamer<Uuid, SampleTableAMsg, Uuid>(store, ns, tn);
        store.subscribeListener(listenerCommon, ns, ""sample_streamer_1"",
                Collections.singletonList(tn));
        final int numRecords = PARAMETERS.NUM_ITERATIONS_LOW;
        for (int i = 0; i < numRecords; i++) {
            try (TxnContext tx = store.txn(namespace)) {
                Uuid key = Uuid.newBuilder().setLsb(0).setMsb(0).build();
                SampleTableAMsg val = SampleTableAMsg.newBuilder()
                        .setPayload(""val""+i).build();
                tx.putRecord(table, key, val, key);
                tx.commit();
            }
        }

        // After a brief wait verify that the listener gets all the updates.
        TimeUnit.MILLISECONDS.sleep(sleepTime);
        assertThat(listenerCommon.getRecordCount()).isEqualTo(numRecords);
        assertThat(shutdownCorfuServer(corfuServer)).isTrue();
    }","@Test
    public void testStreamingPrevValue() throws Exception {
        // Run a corfu server and start runtime
        Process corfuServer = runSinglePersistentServer(corfuSingleNodeHost, corfuStringNodePort);
        runtime = createRuntime(singleNodeEndpoint);
        CorfuStore store = new CorfuStore(runtime);
        String ns = ""test_namespace"";
        String tn = ""tableA"";

        // Create two tables.
        Table<Uuid, SampleTableAMsg, Uuid> table = store.openTable(ns, tn,
                Uuid.class, SampleTableAMsg.class, Uuid.class,
                TableOptions.builder().build());

        final int numRecords = PARAMETERS.NUM_ITERATIONS_LOW;
        CountDownLatch latch = new CountDownLatch(numRecords);
        // Subscribe to streaming updates from tableA using listenerCommon
        PrevValueStreamer listenerCommon = new PrevValueStreamer<Uuid, SampleTableAMsg, Uuid>(store, ns, tn, latch);
        store.subscribeListener(listenerCommon, ns, ""sample_streamer_1"",
                Collections.singletonList(tn));
        for (int i = 0; i < numRecords; i++) {
            try (TxnContext tx = store.txn(namespace)) {
                Uuid key = Uuid.newBuilder().setLsb(0).setMsb(0).build();
                SampleTableAMsg val = SampleTableAMsg.newBuilder()
                        .setPayload(""val""+i).build();
                tx.putRecord(table, key, val, key);
                tx.commit();
            }
        }

        // Await until the listener gets all the updates
        latch.await();
        assertThat(listenerCommon.getRecordCount()).isEqualTo(numRecords);
        assertThat(shutdownCorfuServer(corfuServer)).isTrue();
    }","--- pre
+++ post
@@ -13,9 +13,10 @@
                 TableOptions.builder().build());
 
+        final int numRecords = PARAMETERS.NUM_ITERATIONS_LOW;
+        CountDownLatch latch = new CountDownLatch(numRecords);
         // Subscribe to streaming updates from tableA using listenerCommon
-        PrevValueStreamer listenerCommon = new PrevValueStreamer<Uuid, SampleTableAMsg, Uuid>(store, ns, tn);
+        PrevValueStreamer listenerCommon = new PrevValueStreamer<Uuid, SampleTableAMsg, Uuid>(store, ns, tn, latch);
         store.subscribeListener(listenerCommon, ns, ""sample_streamer_1"",
                 Collections.singletonList(tn));
-        final int numRecords = PARAMETERS.NUM_ITERATIONS_LOW;
         for (int i = 0; i < numRecords; i++) {
             try (TxnContext tx = store.txn(namespace)) {
@@ -28,6 +29,6 @@
         }
 
-        // After a brief wait verify that the listener gets all the updates.
-        TimeUnit.MILLISECONDS.sleep(sleepTime);
+        // Await until the listener gets all the updates
+        latch.await();
         assertThat(listenerCommon.getRecordCount()).isEqualTo(numRecords);
         assertThat(shutdownCorfuServer(corfuServer)).isTrue();"
Ericsson_ecchronos,Ericsson/ecchronos,TestRepairGroup.testGetPartialRepairTasks,core/src/test/java/com/ericsson/bss/cassandra/ecchronos/core/repair/TestRepairGroup.java,caad1754c527affdb35540c4fbbc4c2dd55e9751,Fix flakiness in some tests (#244),unordered collections,True,12.0,243,243,1,False,0.00411522633744856,False,cue_neutral,0,0,{},{},"@Test
    public void testGetPartialRepairTasks()
    {
        // setup
        Node node = mockNode(""DC1"");
        Node node2 = mockNode(""DC1"");

        ImmutableList<LongTokenRange> vnodes = ImmutableList.of(
                new LongTokenRange(1, 2),
                new LongTokenRange(2, 3),
                new LongTokenRange(4, 5));

        ReplicaRepairGroup replicaRepairGroup = new ReplicaRepairGroup(ImmutableSet.of(node, node2), vnodes);

        RepairGroup repairGroup = builderFor(replicaRepairGroup).build(priority);

        Collection<RepairTask> tasks = repairGroup.getRepairTasks();

        assertThat(tasks.size()).isEqualTo(3);

        Set<LongTokenRange> repairTaskRanges = new HashSet<>();

        for (RepairTask repairTask : tasks)
        {
            assertThat(repairTask.getTokenRanges().size()).isEqualTo(1);
            LongTokenRange range = repairTask.getTokenRanges().iterator().next();
            repairTaskRanges.add(range);

            assertThat(repairTask.getReplicas()).containsExactlyInAnyOrder(node, node2);
            assertThat(repairTask.getTableReference()).isEqualTo(tableReference);
            assertThat(repairTask.getRepairConfiguration().getRepairParallelism()).isEqualTo(RepairOptions.RepairParallelism.PARALLEL);
        }

        assertThat(repairTaskRanges).containsExactlyElementsOf(vnodes);
    }","@Test
    public void testGetPartialRepairTasks()
    {
        // setup
        Node node = mockNode(""DC1"");
        Node node2 = mockNode(""DC1"");

        ImmutableList<LongTokenRange> vnodes = ImmutableList.of(
                new LongTokenRange(1, 2),
                new LongTokenRange(2, 3),
                new LongTokenRange(4, 5));

        ReplicaRepairGroup replicaRepairGroup = new ReplicaRepairGroup(ImmutableSet.of(node, node2), vnodes);

        RepairGroup repairGroup = builderFor(replicaRepairGroup).build(priority);

        Collection<RepairTask> tasks = repairGroup.getRepairTasks();

        assertThat(tasks.size()).isEqualTo(3);

        Set<LongTokenRange> repairTaskRanges = new HashSet<>();

        for (RepairTask repairTask : tasks)
        {
            assertThat(repairTask.getTokenRanges().size()).isEqualTo(1);
            LongTokenRange range = repairTask.getTokenRanges().iterator().next();
            repairTaskRanges.add(range);

            assertThat(repairTask.getReplicas()).containsExactlyInAnyOrder(node, node2);
            assertThat(repairTask.getTableReference()).isEqualTo(tableReference);
            assertThat(repairTask.getRepairConfiguration().getRepairParallelism()).isEqualTo(RepairOptions.RepairParallelism.PARALLEL);
        }

        assertThat(repairTaskRanges).containsExactlyInAnyOrderElementsOf(vnodes);
    }","--- pre
+++ post
@@ -32,4 +32,4 @@
         }
 
-        assertThat(repairTaskRanges).containsExactlyElementsOf(vnodes);
+        assertThat(repairTaskRanges).containsExactlyInAnyOrderElementsOf(vnodes);
     }"
Ericsson_ecchronos,Ericsson/ecchronos,TestRepairTask.testPartialRepair,core/src/test/java/com/ericsson/bss/cassandra/ecchronos/core/repair/TestRepairTask.java,caad1754c527affdb35540c4fbbc4c2dd55e9751,Fix flakiness in some tests (#244),unordered collections,True,283.0,404,404,1,False,0.0024752475247524753,False,cue_neutral,0,0,{},{},"@Test
    public void testPartialRepair() throws InterruptedException
    {
        Collection<LongTokenRange> ranges = new ArrayList<>();
        LongTokenRange range1 = new LongTokenRange(1, 2);
        LongTokenRange range2 = new LongTokenRange(3, 4);

        ranges.add(range1);
        ranges.add(range2);

        final RepairTask repairTask = new RepairTask.Builder()
                .withJMXProxyFactory(jmxProxyFactory)
                .withTableReference(myTableReference)
                .withTokenRanges(ranges)
                .withTableRepairMetrics(myTableRepairMetrics)
                .withRepairHistory(repairHistory)
                .withJobId(jobId)
                .withReplicas(participants)
                .build();

        CountDownLatch cdl = startRepair(repairTask, false);

        Notification notification = new Notification(""progress"", ""repair:1"", 0, getRepairMessage(range1));
        notification.setUserData(getNotificationData(RepairTask.ProgressEventType.PROGRESS.ordinal(), 1, 2));
        proxy.notify(notification);

        notification = new Notification(""progress"", ""repair:1"", 1, getRepairMessage(range2));
        notification.setUserData(getNotificationData(RepairTask.ProgressEventType.PROGRESS.ordinal(), 2, 2));
        proxy.notify(notification);

        notification = new Notification(""progress"", ""repair:1"", 2, ""Done with repair"");
        notification.setUserData(getNotificationData(RepairTask.ProgressEventType.COMPLETE.ordinal(), 2, 2));
        proxy.notify(notification);

        cdl.await();

        assertThat(repairTask.getUnknownRanges()).isNull();
        assertThat(repairTask.getCompletedRanges()).containsExactlyElementsOf(ranges);
        assertThat(proxy.myOptions.get(RepairOptions.RANGES_KEY)).isNotEmpty();

        verify(myTableRepairMetrics).repairTiming(eq(TABLE_REFERENCE), anyLong(), any(TimeUnit.class), eq(true));
        verify(repairSessions.get(range1)).start();
        verify(repairSessions.get(range2)).start();
        verify(repairSessions.get(range1)).finish(eq(RepairStatus.SUCCESS));
        verify(repairSessions.get(range2)).finish(eq(RepairStatus.SUCCESS));
    }","@Test
    public void testPartialRepair() throws InterruptedException
    {
        Collection<LongTokenRange> ranges = new ArrayList<>();
        LongTokenRange range1 = new LongTokenRange(1, 2);
        LongTokenRange range2 = new LongTokenRange(3, 4);

        ranges.add(range1);
        ranges.add(range2);

        final RepairTask repairTask = new RepairTask.Builder()
                .withJMXProxyFactory(jmxProxyFactory)
                .withTableReference(myTableReference)
                .withTokenRanges(ranges)
                .withTableRepairMetrics(myTableRepairMetrics)
                .withRepairHistory(repairHistory)
                .withJobId(jobId)
                .withReplicas(participants)
                .build();

        CountDownLatch cdl = startRepair(repairTask, false);

        Notification notification = new Notification(""progress"", ""repair:1"", 0, getRepairMessage(range1));
        notification.setUserData(getNotificationData(RepairTask.ProgressEventType.PROGRESS.ordinal(), 1, 2));
        proxy.notify(notification);

        notification = new Notification(""progress"", ""repair:1"", 1, getRepairMessage(range2));
        notification.setUserData(getNotificationData(RepairTask.ProgressEventType.PROGRESS.ordinal(), 2, 2));
        proxy.notify(notification);

        notification = new Notification(""progress"", ""repair:1"", 2, ""Done with repair"");
        notification.setUserData(getNotificationData(RepairTask.ProgressEventType.COMPLETE.ordinal(), 2, 2));
        proxy.notify(notification);

        cdl.await();

        assertThat(repairTask.getUnknownRanges()).isNull();
        assertThat(repairTask.getCompletedRanges()).containsExactlyInAnyOrderElementsOf(ranges);
        assertThat(proxy.myOptions.get(RepairOptions.RANGES_KEY)).isNotEmpty();

        verify(myTableRepairMetrics).repairTiming(eq(TABLE_REFERENCE), anyLong(), any(TimeUnit.class), eq(true));
        verify(repairSessions.get(range1)).start();
        verify(repairSessions.get(range2)).start();
        verify(repairSessions.get(range1)).finish(eq(RepairStatus.SUCCESS));
        verify(repairSessions.get(range2)).finish(eq(RepairStatus.SUCCESS));
    }","--- pre
+++ post
@@ -36,5 +36,5 @@
 
         assertThat(repairTask.getUnknownRanges()).isNull();
-        assertThat(repairTask.getCompletedRanges()).containsExactlyElementsOf(ranges);
+        assertThat(repairTask.getCompletedRanges()).containsExactlyInAnyOrderElementsOf(ranges);
         assertThat(proxy.myOptions.get(RepairOptions.RANGES_KEY)).isNotEmpty();
 "
Ericsson_ecchronos,Ericsson/ecchronos,TestRepairTask.testRepairSuccessfully,core/src/test/java/com/ericsson/bss/cassandra/ecchronos/core/repair/TestRepairTask.java,caad1754c527affdb35540c4fbbc4c2dd55e9751,Fix flakiness in some tests (#244),unordered collections,True,41.0,404,404,1,False,0.0024752475247524753,False,cue_neutral,0,0,{},{},"@Test
    public void testRepairSuccessfully() throws InterruptedException
    {
        Collection<LongTokenRange> ranges = new ArrayList<>();
        LongTokenRange range1 = new LongTokenRange(1, 2);
        LongTokenRange range2 = new LongTokenRange(3, 4);

        ranges.add(range1);
        ranges.add(range2);

        final RepairTask repairTask = new RepairTask.Builder()
                .withJMXProxyFactory(jmxProxyFactory)
                .withTableReference(myTableReference)
                .withTokenRanges(ranges)
                .withTableRepairMetrics(myTableRepairMetrics)
                .withRepairHistory(repairHistory)
                .withJobId(jobId)
                .withReplicas(participants)
                .build();

        CountDownLatch cdl = startRepair(repairTask, false);

        Notification notification = new Notification(""progress"", ""repair:1"", 0, getRepairMessage(range1));
        notification.setUserData(getNotificationData(RepairTask.ProgressEventType.PROGRESS.ordinal(), 1, 2));
        proxy.notify(notification);

        notification = new Notification(""progress"", ""repair:1"", 1, getRepairMessage(range2));
        notification.setUserData(getNotificationData(RepairTask.ProgressEventType.PROGRESS.ordinal(), 2, 2));
        proxy.notify(notification);

        notification = new Notification(""progress"", ""repair:1"", 2, ""Done with repair"");
        notification.setUserData(getNotificationData(RepairTask.ProgressEventType.COMPLETE.ordinal(), 2, 2));
        proxy.notify(notification);

        cdl.await();

        assertThat(repairTask.getUnknownRanges()).isNull();
        assertThat(repairTask.getCompletedRanges()).containsExactlyElementsOf(ranges);
        assertThat(proxy.myOptions.get(RepairOptions.RANGES_KEY)).isNotEmpty();

        verify(myTableRepairMetrics).repairTiming(eq(TABLE_REFERENCE), anyLong(), any(TimeUnit.class), eq(true));
        verify(repairSessions.get(range1)).start();
        verify(repairSessions.get(range2)).start();
        verify(repairSessions.get(range1)).finish(eq(RepairStatus.SUCCESS));
        verify(repairSessions.get(range2)).finish(eq(RepairStatus.SUCCESS));
    }","@Test
    public void testRepairSuccessfully() throws InterruptedException
    {
        Collection<LongTokenRange> ranges = new ArrayList<>();
        LongTokenRange range1 = new LongTokenRange(1, 2);
        LongTokenRange range2 = new LongTokenRange(3, 4);

        ranges.add(range1);
        ranges.add(range2);

        final RepairTask repairTask = new RepairTask.Builder()
                .withJMXProxyFactory(jmxProxyFactory)
                .withTableReference(myTableReference)
                .withTokenRanges(ranges)
                .withTableRepairMetrics(myTableRepairMetrics)
                .withRepairHistory(repairHistory)
                .withJobId(jobId)
                .withReplicas(participants)
                .build();

        CountDownLatch cdl = startRepair(repairTask, false);

        Notification notification = new Notification(""progress"", ""repair:1"", 0, getRepairMessage(range1));
        notification.setUserData(getNotificationData(RepairTask.ProgressEventType.PROGRESS.ordinal(), 1, 2));
        proxy.notify(notification);

        notification = new Notification(""progress"", ""repair:1"", 1, getRepairMessage(range2));
        notification.setUserData(getNotificationData(RepairTask.ProgressEventType.PROGRESS.ordinal(), 2, 2));
        proxy.notify(notification);

        notification = new Notification(""progress"", ""repair:1"", 2, ""Done with repair"");
        notification.setUserData(getNotificationData(RepairTask.ProgressEventType.COMPLETE.ordinal(), 2, 2));
        proxy.notify(notification);

        cdl.await();

        assertThat(repairTask.getUnknownRanges()).isNull();
        assertThat(repairTask.getCompletedRanges()).containsExactlyInAnyOrderElementsOf(ranges);
        assertThat(proxy.myOptions.get(RepairOptions.RANGES_KEY)).isNotEmpty();

        verify(myTableRepairMetrics).repairTiming(eq(TABLE_REFERENCE), anyLong(), any(TimeUnit.class), eq(true));
        verify(repairSessions.get(range1)).start();
        verify(repairSessions.get(range2)).start();
        verify(repairSessions.get(range1)).finish(eq(RepairStatus.SUCCESS));
        verify(repairSessions.get(range2)).finish(eq(RepairStatus.SUCCESS));
    }","--- pre
+++ post
@@ -36,5 +36,5 @@
 
         assertThat(repairTask.getUnknownRanges()).isNull();
-        assertThat(repairTask.getCompletedRanges()).containsExactlyElementsOf(ranges);
+        assertThat(repairTask.getCompletedRanges()).containsExactlyInAnyOrderElementsOf(ranges);
         assertThat(proxy.myOptions.get(RepairOptions.RANGES_KEY)).isNotEmpty();
 "
GoogleCloudPlatform_google-cloud-eclipse,GoogleCloudPlatform/google-cloud-eclipse,XmlValidatorTest.testCreateMarker,plugins/com.google.cloud.tools.eclipse.appengine.validation.test/src/com/google/cloud/tools/eclipse/appengine/validation/XmlValidatorTest.java,314bda2bd2be0092dfad2b3c51b1e79392fd8dab,Don't do our own manual XSD validation or handle SAX errors because Eclipse does it (#2075),unknown,False,,86,71,15,False,0.1744186046511628,False,cue_neutral,0,0,{},{},"@Test
  public void testCreateMarker() throws CoreException {
    String message = ""Project ID should be specified at deploy time."";
    BannedElement element = new BannedElement(message);
    XmlValidator.createMarker(resource, element);
    IMarker[] markers = resource.findMarkers(IMarker.PROBLEM, true, IResource.DEPTH_ZERO);
    assertEquals(message, markers[0].getAttribute(IMarker.MESSAGE));
    resource.deleteMarkers(IMarker.PROBLEM, true, IResource.DEPTH_ZERO);
  }","@Test
  public void testCreateMarker() throws CoreException {
    String message = ""Project ID should be specified at deploy time."";
    BannedElement element = new BannedElement(message);
    XmlValidator.createMarker(resource, element);
    IMarker[] markers = resource.findMarkers(IMarker.PROBLEM, true, IResource.DEPTH_ZERO);
    assertEquals(message, markers[0].getAttribute(IMarker.MESSAGE));
  }","--- pre
+++ post
@@ -6,4 +6,3 @@
     IMarker[] markers = resource.findMarkers(IMarker.PROBLEM, true, IResource.DEPTH_ZERO);
     assertEquals(message, markers[0].getAttribute(IMarker.MESSAGE));
-    resource.deleteMarkers(IMarker.PROBLEM, true, IResource.DEPTH_ZERO);
   }"
GoogleCloudPlatform_google-cloud-eclipse,GoogleCloudPlatform/google-cloud-eclipse,XmlValidatorTest.testValidate_withBannedElements,plugins/com.google.cloud.tools.eclipse.appengine.validation.test/src/com/google/cloud/tools/eclipse/appengine/validation/XmlValidatorTest.java,314bda2bd2be0092dfad2b3c51b1e79392fd8dab,Don't do our own manual XSD validation or handle SAX errors because Eclipse does it (#2075),unknown,False,,140,125,15,False,0.10714285714285714,False,cue_neutral,0,0,{},{},"@Test
  public void testValidate_withBannedElements() throws IOException, CoreException {
    byte[] bytes = XML.getBytes(StandardCharsets.UTF_8);
    XmlValidator validator = new XmlValidator();
    validator.setHelper(new AppEngineWebXmlValidator());
    validator.validate(resource, bytes);
    IMarker[] markers = resource.findMarkers(APPLICATION_MARKER, true, IResource.DEPTH_ZERO);
    assertEquals(1, markers.length);
    String message = Messages.getString(""application.element"");
    assertEquals(message, markers[0].getAttribute(IMarker.MESSAGE));
    assertEquals(""line 1"", markers[0].getAttribute(IMarker.LOCATION));
    resource.deleteMarkers(IMarker.PROBLEM, true, IResource.DEPTH_ZERO);
  }","@Test
  public void testValidate_withBannedElements() throws IOException, CoreException {
    byte[] bytes = XML.getBytes(StandardCharsets.UTF_8);
    XmlValidator validator = new XmlValidator();
    validator.setHelper(new AppEngineWebXmlValidator());
    validator.validate(resource, bytes);
    IMarker[] markers = resource.findMarkers(APPLICATION_MARKER, true, IResource.DEPTH_ZERO);
    assertEquals(1, markers.length);
    String message = Messages.getString(""application.element"");
    assertEquals(message, markers[0].getAttribute(IMarker.MESSAGE));
    assertEquals(""line 1"", markers[0].getAttribute(IMarker.LOCATION));
  }","--- pre
+++ post
@@ -10,4 +10,3 @@
     assertEquals(message, markers[0].getAttribute(IMarker.MESSAGE));
     assertEquals(""line 1"", markers[0].getAttribute(IMarker.LOCATION));
-    resource.deleteMarkers(IMarker.PROBLEM, true, IResource.DEPTH_ZERO);
   }"
Kong_unirest-java,Kong/unirest-java,DefectTest.nullAndObjectValuesInMap,unirest/src/test/java/BehaviorTests/DefectTest.java,c896beb71210f21476288aab49a33b56209f3597,Fix a flaky test.,unordered collections,True,130.0,85,85,1,False,0.011764705882352941,False,cue_neutral,1,1,{'LinkedHashMap': 1},{'HashMap': 1},"@Test
    void nullAndObjectValuesInMap() {
        Map<String, Object> queryParams = new HashMap<>();
        queryParams.put(""foo"", null);
        queryParams.put(""baz"", ""qux"");

        Unirest.get(MockServer.GET)
                .queryString(queryParams)
                .asObject(RequestCapture.class)
                .getBody()
                .assertParam(""foo"", """")
                .assertParam(""baz"", ""qux"")
                .assertQueryString(""foo&baz=qux"");
    }","@Test
    void nullAndObjectValuesInMap() {
        Map<String, Object> queryParams = new LinkedHashMap<>();
        queryParams.put(""foo"", null);
        queryParams.put(""baz"", ""qux"");

        Unirest.get(MockServer.GET)
                .queryString(queryParams)
                .asObject(RequestCapture.class)
                .getBody()
                .assertParam(""foo"", """")
                .assertParam(""baz"", ""qux"")
                .assertQueryString(""foo&baz=qux"");
    }","--- pre
+++ post
@@ -1,5 +1,5 @@
 @Test
     void nullAndObjectValuesInMap() {
-        Map<String, Object> queryParams = new HashMap<>();
+        Map<String, Object> queryParams = new LinkedHashMap<>();
         queryParams.put(""foo"", null);
         queryParams.put(""baz"", ""qux"");"
MundaneImmortal_pair-distribution-app,MundaneImmortal/pair-distribution-app,DayPairsHelperTest.testGenerateNewDayPairs,src/test/java/pair/distribution/app/helpers/DayPairsHelperTest.java,885a3c7c68ec496f28bb038c652f370d37e09c26,fix some flaky tests,unknown,False,,285,285,1,False,0.0035087719298245615,False,cue_neutral,0,0,{},{},"@Test
    public void testGenerateNewDayPairs() {
        PairCombinations pairs = getPairsList();
        List<Developer> devs = getStandardDevs();
        List<String> tracks = Arrays.asList(""track1"", ""track2"", ""track3"");
        Map<Pair, Integer> pairsWeight = subject.buildPairsWeightFromPastPairing(pairs, devs);
        subject.buildDevelopersPairingDays(pairs, devs);

        DayPairs dayPairs = subject.generateNewDayPairs(tracks, devs, pairs, pairsWeight, getStandardCompanies());

        assertThat(dayPairs.getTracks().size(), is(2));
        assertThat(dayPairs.getTracks(), contains(""track1"", ""track2""));
        assertThat(dayPairs.getPairByTrack(""track1""),
                is(not(new Pair(Arrays.asList(new Developer(""dev1""), new Developer(""dev2""))))));
        assertThat(dayPairs.getPairByTrack(""track2""),
                is(not(new Pair(Arrays.asList(new Developer(""dev3""), new Developer(""dev4""))))));

        boolean trackOneHasContext = dayPairs.getPairByTrack(""track1"").getFirstDev().hasContext() || dayPairs.getPairByTrack(""track1"").getSecondDev().hasContext();
        boolean trackTwoHasContext = dayPairs.getPairByTrack(""track2"").getFirstDev().hasContext() || dayPairs.getPairByTrack(""track2"").getSecondDev().hasContext();
        assertThat(trackOneHasContext, is(true));
        assertThat(trackTwoHasContext, is(true));
    }","@Test
    public void testGenerateNewDayPairs() {
        PairCombinations pairs = getPairsList();
        List<Developer> devs = getStandardDevs();
        List<String> tracks = Arrays.asList(""track1"", ""track2"", ""track3"");
        Map<Pair, Integer> pairsWeight = subject.buildPairsWeightFromPastPairing(pairs, devs);
        subject.buildDevelopersPairingDays(pairs, devs);

        DayPairs dayPairs = subject.generateNewDayPairs(tracks, devs, pairs, pairsWeight, getStandardCompanies());

        assertThat(dayPairs.getTracks().size(), is(2));
        assertThat(dayPairs.getTracks(), containsInAnyOrder(""track1"", ""track2""));
        assertThat(dayPairs.getPairByTrack(""track1""),
                is(not(new Pair(Arrays.asList(new Developer(""dev1""), new Developer(""dev2""))))));
        assertThat(dayPairs.getPairByTrack(""track2""),
                is(not(new Pair(Arrays.asList(new Developer(""dev3""), new Developer(""dev4""))))));

        boolean trackOneHasContext = dayPairs.getPairByTrack(""track1"").getFirstDev().hasContext() || dayPairs.getPairByTrack(""track1"").getSecondDev().hasContext();
        boolean trackTwoHasContext = dayPairs.getPairByTrack(""track2"").getFirstDev().hasContext() || dayPairs.getPairByTrack(""track2"").getSecondDev().hasContext();
        assertThat(trackOneHasContext, is(true));
        assertThat(trackTwoHasContext, is(true));
    }","--- pre
+++ post
@@ -10,5 +10,5 @@
 
         assertThat(dayPairs.getTracks().size(), is(2));
-        assertThat(dayPairs.getTracks(), contains(""track1"", ""track2""));
+        assertThat(dayPairs.getTracks(), containsInAnyOrder(""track1"", ""track2""));
         assertThat(dayPairs.getPairByTrack(""track1""),
                 is(not(new Pair(Arrays.asList(new Developer(""dev1""), new Developer(""dev2""))))));"
MundaneImmortal_pair-distribution-app,MundaneImmortal/pair-distribution-app,DayPairsHelperTest.testGenerateNewDayPairsNoPastState,src/test/java/pair/distribution/app/helpers/DayPairsHelperTest.java,885a3c7c68ec496f28bb038c652f370d37e09c26,fix some flaky tests,unknown,False,,121,121,1,False,0.008264462809917356,False,cue_neutral,0,0,{},{},"@Test
    public void testGenerateNewDayPairsNoPastState() {
        DevPairCombinations pairs = new DevPairCombinations(new ArrayList<>());
        List<Developer> devs = getStandardDevs();
        List<String> tracks = Arrays.asList(""track1"", ""track2"", ""track3"");
        Map<Pair, Integer> pairsWeight = subject.buildPairsWeightFromPastPairing(pairs, devs);

        DayPairs dayPairs = subject.generateNewDayPairs(tracks, devs, pairs, pairsWeight, getStandardCompanies());

        assertThat(dayPairs.getTracks().size(), is(2));
        assertThat(dayPairs.getTracks(), contains(""track1"", ""track2""));
    }","@Test
    public void testGenerateNewDayPairsNoPastState() {
        DevPairCombinations pairs = new DevPairCombinations(new ArrayList<>());
        List<Developer> devs = getStandardDevs();
        List<String> tracks = Arrays.asList(""track1"", ""track2"", ""track3"");
        Map<Pair, Integer> pairsWeight = subject.buildPairsWeightFromPastPairing(pairs, devs);

        DayPairs dayPairs = subject.generateNewDayPairs(tracks, devs, pairs, pairsWeight, getStandardCompanies());

        assertThat(dayPairs.getTracks().size(), is(2));
        assertThat(dayPairs.getTracks(), containsInAnyOrder(""track1"", ""track2""));
    }","--- pre
+++ post
@@ -9,4 +9,4 @@
 
         assertThat(dayPairs.getTracks().size(), is(2));
-        assertThat(dayPairs.getTracks(), contains(""track1"", ""track2""));
+        assertThat(dayPairs.getTracks(), containsInAnyOrder(""track1"", ""track2""));
     }"
MundaneImmortal_pair-distribution-app,MundaneImmortal/pair-distribution-app,DayPairsHelperTest.testGenerateNewDayPairsNoPastStateAndRotationNeeded,src/test/java/pair/distribution/app/helpers/DayPairsHelperTest.java,885a3c7c68ec496f28bb038c652f370d37e09c26,fix some flaky tests,unknown,False,,132,132,1,False,0.007575757575757576,False,cue_neutral,0,0,{},{},"@Test
    public void testGenerateNewDayPairsNoPastStateAndRotationNeeded() {
        DevPairCombinations pairs = new DevPairCombinations(new ArrayList<>());
        List<Developer> devs = getStandardDevs();
        List<String> tracks = Arrays.asList(""track1"", ""track2"", ""track3"");
        Map<Pair, Integer> pairsWeight = subject.buildPairsWeightFromPastPairing(pairs, devs);

        DayPairsHelper subjectWithEverydayRotation = new DayPairsHelper(trelloPairsRepository, true);
        DayPairs dayPairs = subjectWithEverydayRotation.generateNewDayPairs(tracks, devs, pairs, pairsWeight, getStandardCompanies());

        assertThat(dayPairs.getTracks().size(), is(2));
        assertThat(dayPairs.getTracks(), contains(""track1"", ""track2""));
    }","@Test
    public void testGenerateNewDayPairsNoPastStateAndRotationNeeded() {
        DevPairCombinations pairs = new DevPairCombinations(new ArrayList<>());
        List<Developer> devs = getStandardDevs();
        List<String> tracks = Arrays.asList(""track1"", ""track2"", ""track3"");
        Map<Pair, Integer> pairsWeight = subject.buildPairsWeightFromPastPairing(pairs, devs);

        DayPairsHelper subjectWithEverydayRotation = new DayPairsHelper(trelloPairsRepository, true);
        DayPairs dayPairs = subjectWithEverydayRotation.generateNewDayPairs(tracks, devs, pairs, pairsWeight, getStandardCompanies());

        assertThat(dayPairs.getTracks().size(), is(2));
        assertThat(dayPairs.getTracks(), containsInAnyOrder(""track1"", ""track2""));
    }","--- pre
+++ post
@@ -10,4 +10,4 @@
 
         assertThat(dayPairs.getTracks().size(), is(2));
-        assertThat(dayPairs.getTracks(), contains(""track1"", ""track2""));
+        assertThat(dayPairs.getTracks(), containsInAnyOrder(""track1"", ""track2""));
     }"
MundaneImmortal_pair-distribution-app,MundaneImmortal/pair-distribution-app,DayPairsHelperTest.testGenerateNewDayPairsOnlyOldDevAvailableForStory,src/test/java/pair/distribution/app/helpers/DayPairsHelperTest.java,885a3c7c68ec496f28bb038c652f370d37e09c26,fix some flaky tests,unknown,False,,239,239,1,False,0.0041841004184100415,False,cue_neutral,0,0,{},{},"@Test
    public void testGenerateNewDayPairsOnlyOldDevAvailableForStory() {
        PairCombinations pairs = getLongPairsList();
        List<Developer> devs = Arrays.asList(new Developer(""dev1""), new Developer(""dev3""), new Developer(""dev4""));
        List<String> tracks = Arrays.asList(""track1"", ""track2"", ""track3"");
        Map<Pair, Integer> pairsWeight = subject.buildPairsWeightFromPastPairing(pairs, devs);

        DayPairs dayPairs = subject.generateNewDayPairs(tracks, devs, pairs, pairsWeight, getStandardCompanies());

        assertThat(dayPairs.getTracks().size(), is(2));
        assertThat(dayPairs.getTracks(), contains(""track1"", ""track2""));
        assertThat(dayPairs.hasPair(new Pair(Arrays.asList(new Developer(""dev1""), new Developer(""dev4"")))), is(true));
        assertThat(dayPairs.hasPair(new Pair(Arrays.asList(new Developer(""dev3"")))), is(true));
        boolean trackOneHasContext = dayPairs.getPairByTrack(""track1"").getFirstDev().hasContext() || dayPairs.getPairByTrack(""track1"").getSecondDev().hasContext();
        assertThat(trackOneHasContext, is(true));
    }","@Test
    public void testGenerateNewDayPairsOnlyOldDevAvailableForStory() {
        PairCombinations pairs = getLongPairsList();
        List<Developer> devs = Arrays.asList(new Developer(""dev1""), new Developer(""dev3""), new Developer(""dev4""));
        List<String> tracks = Arrays.asList(""track1"", ""track2"", ""track3"");
        Map<Pair, Integer> pairsWeight = subject.buildPairsWeightFromPastPairing(pairs, devs);

        DayPairs dayPairs = subject.generateNewDayPairs(tracks, devs, pairs, pairsWeight, getStandardCompanies());

        assertThat(dayPairs.getTracks().size(), is(2));
      assertThat(dayPairs.getTracks(), containsInAnyOrder(""track1"", ""track2""));
        assertThat(dayPairs.hasPair(new Pair(Arrays.asList(new Developer(""dev1""), new Developer(""dev4"")))), is(true));
        assertThat(dayPairs.hasPair(new Pair(Arrays.asList(new Developer(""dev3"")))), is(true));
        boolean trackOneHasContext = dayPairs.getPairByTrack(""track1"").getFirstDev().hasContext() || dayPairs.getPairByTrack(""track1"").getSecondDev().hasContext();
        assertThat(trackOneHasContext, is(true));
    }","--- pre
+++ post
@@ -9,5 +9,5 @@
 
         assertThat(dayPairs.getTracks().size(), is(2));
-        assertThat(dayPairs.getTracks(), contains(""track1"", ""track2""));
+      assertThat(dayPairs.getTracks(), containsInAnyOrder(""track1"", ""track2""));
         assertThat(dayPairs.hasPair(new Pair(Arrays.asList(new Developer(""dev1""), new Developer(""dev4"")))), is(true));
         assertThat(dayPairs.hasPair(new Pair(Arrays.asList(new Developer(""dev3"")))), is(true));"
MundaneImmortal_pair-distribution-app,MundaneImmortal/pair-distribution-app,DayPairsHelperTest.testGenerateNewDayPairsSoloRequired,src/test/java/pair/distribution/app/helpers/DayPairsHelperTest.java,885a3c7c68ec496f28bb038c652f370d37e09c26,fix some flaky tests,unknown,False,,169,169,1,False,0.005917159763313609,False,cue_neutral,0,0,{},{},"@Test
    public void testGenerateNewDayPairsSoloRequired() {
        PairCombinations pairs = getPairsList();
        List<Developer> devs = Arrays.asList(new Developer(""dev1""), new Developer(""dev2""), new Developer(""dev3""));
        List<String> tracks = Arrays.asList(""track1"", ""track2"", ""track3"");
        Map<Pair, Integer> pairsWeight = subject.buildPairsWeightFromPastPairing(pairs, devs);

        DayPairs dayPairs = subject.generateNewDayPairs(tracks, devs, pairs, pairsWeight, getStandardCompanies());

        assertThat(dayPairs.getTracks().size(), is(2));
        assertThat(dayPairs.getTracks(), contains(""track1"", ""track2""));
        assertThat(dayPairs.getPairByTrack(""track1""),
                is((new Pair(Arrays.asList(new Developer(""dev1""), new Developer(""dev2""))))));
    }","@Test
    public void testGenerateNewDayPairsSoloRequired() {
        PairCombinations pairs = getPairsList();
        List<Developer> devs = Arrays.asList(new Developer(""dev1""), new Developer(""dev2""), new Developer(""dev3""));
        List<String> tracks = Arrays.asList(""track1"", ""track2"", ""track3"");
        Map<Pair, Integer> pairsWeight = subject.buildPairsWeightFromPastPairing(pairs, devs);

        DayPairs dayPairs = subject.generateNewDayPairs(tracks, devs, pairs, pairsWeight, getStandardCompanies());

        assertThat(dayPairs.getTracks().size(), is(2));
        assertThat(dayPairs.getTracks(), containsInAnyOrder(""track1"", ""track2""));
        assertThat(dayPairs.getPairByTrack(""track1""),
                is((new Pair(Arrays.asList(new Developer(""dev1""), new Developer(""dev2""))))));
    }","--- pre
+++ post
@@ -9,5 +9,5 @@
 
         assertThat(dayPairs.getTracks().size(), is(2));
-        assertThat(dayPairs.getTracks(), contains(""track1"", ""track2""));
+        assertThat(dayPairs.getTracks(), containsInAnyOrder(""track1"", ""track2""));
         assertThat(dayPairs.getPairByTrack(""track1""),
                 is((new Pair(Arrays.asList(new Developer(""dev1""), new Developer(""dev2""))))));"
MundaneImmortal_pair-distribution-app,MundaneImmortal/pair-distribution-app,DayPairsHelperTest.testGenerateNewDayPairsWithEverydayRotation,src/test/java/pair/distribution/app/helpers/DayPairsHelperTest.java,885a3c7c68ec496f28bb038c652f370d37e09c26,fix some flaky tests,unknown,False,,316,316,1,False,0.0031645569620253164,False,cue_neutral,0,0,{},{},"@Test
    public void testGenerateNewDayPairsWithEverydayRotation() {
        PairCombinations pairs = getPairsList();
        List<Developer> devs = getStandardDevs();
        List<String> tracks = Arrays.asList(""track1"", ""track2"", ""track3"");
        Map<Pair, Integer> pairsWeight = subject.buildPairsWeightFromPastPairing(pairs, devs);
        subject.buildDevelopersPairingDays(pairs, devs);

        DayPairsHelper subjectWithEverydayRotation = new DayPairsHelper(trelloPairsRepository, true);
        DayPairs dayPairs = subjectWithEverydayRotation.generateNewDayPairs(tracks, devs, pairs, pairsWeight, getStandardCompanies());

        assertThat(dayPairs.getTracks().size(), is(2));
        assertThat(dayPairs.getTracks(), contains(""track1"", ""track2""));
        assertThat(dayPairs.getPairByTrack(""track1""),
                is(not(new Pair(Arrays.asList(new Developer(""dev1""), new Developer(""dev2""))))));
        assertThat(dayPairs.getPairByTrack(""track2""),
                is(not(new Pair(Arrays.asList(new Developer(""dev3""), new Developer(""dev4""))))));

        boolean trackOneHasDev2 = dayPairs.getPairByTrack(""track1"").getFirstDev().equals(new Developer(""dev2"")) || dayPairs.getPairByTrack(""track1"").getSecondDev().equals(new Developer(""dev2""));
        boolean trackTwoHasDev4 = dayPairs.getPairByTrack(""track2"").getFirstDev().equals(new Developer(""dev4"")) || dayPairs.getPairByTrack(""track2"").getSecondDev().equals(new Developer(""dev4""));
        assertThat(trackOneHasDev2, is(true));
        assertThat(trackTwoHasDev4, is(true));
    }","@Test
    public void testGenerateNewDayPairsWithEverydayRotation() {
        PairCombinations pairs = getPairsList();
        List<Developer> devs = getStandardDevs();
        List<String> tracks = Arrays.asList(""track1"", ""track2"", ""track3"");
        Map<Pair, Integer> pairsWeight = subject.buildPairsWeightFromPastPairing(pairs, devs);
        subject.buildDevelopersPairingDays(pairs, devs);

        DayPairsHelper subjectWithEverydayRotation = new DayPairsHelper(trelloPairsRepository, true);
        DayPairs dayPairs = subjectWithEverydayRotation.generateNewDayPairs(tracks, devs, pairs, pairsWeight, getStandardCompanies());

        assertThat(dayPairs.getTracks().size(), is(2));
        assertThat(dayPairs.getTracks(), containsInAnyOrder(""track1"", ""track2""));
        assertThat(dayPairs.getPairByTrack(""track1""),
                is(not(new Pair(Arrays.asList(new Developer(""dev1""), new Developer(""dev2""))))));
        assertThat(dayPairs.getPairByTrack(""track2""),
                is(not(new Pair(Arrays.asList(new Developer(""dev3""), new Developer(""dev4""))))));

        boolean trackOneHasDev2 = dayPairs.getPairByTrack(""track1"").getFirstDev().equals(new Developer(""dev2"")) || dayPairs.getPairByTrack(""track1"").getSecondDev().equals(new Developer(""dev2""));
        boolean trackTwoHasDev4 = dayPairs.getPairByTrack(""track2"").getFirstDev().equals(new Developer(""dev4"")) || dayPairs.getPairByTrack(""track2"").getSecondDev().equals(new Developer(""dev4""));
        assertThat(trackOneHasDev2, is(true));
        assertThat(trackTwoHasDev4, is(true));
    }","--- pre
+++ post
@@ -11,5 +11,5 @@
 
         assertThat(dayPairs.getTracks().size(), is(2));
-        assertThat(dayPairs.getTracks(), contains(""track1"", ""track2""));
+        assertThat(dayPairs.getTracks(), containsInAnyOrder(""track1"", ""track2""));
         assertThat(dayPairs.getPairByTrack(""track1""),
                 is(not(new Pair(Arrays.asList(new Developer(""dev1""), new Developer(""dev2""))))));"
MundaneImmortal_pair-distribution-app,MundaneImmortal/pair-distribution-app,DayPairsHelperTest.testGenerateNewDayPairsWithSmallestWeight,src/test/java/pair/distribution/app/helpers/DayPairsHelperTest.java,885a3c7c68ec496f28bb038c652f370d37e09c26,fix some flaky tests,unknown,False,,277,277,1,False,0.0036101083032490976,False,cue_neutral,0,0,{},{},"@Test
    public void testGenerateNewDayPairsWithSmallestWeight() {
        PairCombinations pairs = getLongPairsList();
        List<Developer> devs = Arrays.asList(new Developer(""dev1""), new Developer(""dev2""), new Developer(""dev3""),
                new Developer(""dev4""), new Developer(""dev5""), new Developer(""dev6""));
        List<String> tracks = Arrays.asList(""track1"", ""track2"", ""track3"");
        Map<Pair, Integer> pairsWeight = subject.buildPairsWeightFromPastPairing(pairs, devs);
        subject.buildDevelopersPairingDays(pairs, devs);

        DayPairs dayPairs = subject.generateNewDayPairs(tracks, devs, pairs, pairsWeight, getStandardCompanies());

        assertThat(dayPairs.getTracks().size(), is(3));
        assertThat(dayPairs.getTracks(), contains(""track1"", ""track2"", ""track3""));
        System.out.println(dayPairs.getPairs());
        assertThat(dayPairs.hasPair(new Pair(Arrays.asList(new Developer(""dev1""), new Developer(""dev6"")))), is(true));
        assertThat(dayPairs.hasPair(new Pair(Arrays.asList(new Developer(""dev3""), new Developer(""dev2"")))), is(true));
        assertThat(dayPairs.hasPair(new Pair(Arrays.asList(new Developer(""dev5""), new Developer(""dev4"")))), is(true));
    }","@Test
    public void testGenerateNewDayPairsWithSmallestWeight() {
        PairCombinations pairs = getLongPairsList();
        List<Developer> devs = Arrays.asList(new Developer(""dev1""), new Developer(""dev2""), new Developer(""dev3""),
                new Developer(""dev4""), new Developer(""dev5""), new Developer(""dev6""));
        List<String> tracks = Arrays.asList(""track1"", ""track2"", ""track3"");
        Map<Pair, Integer> pairsWeight = subject.buildPairsWeightFromPastPairing(pairs, devs);
        subject.buildDevelopersPairingDays(pairs, devs);

        DayPairs dayPairs = subject.generateNewDayPairs(tracks, devs, pairs, pairsWeight, getStandardCompanies());

        assertThat(dayPairs.getTracks().size(), is(3));
        assertThat(dayPairs.getTracks(), containsInAnyOrder(""track1"", ""track2"", ""track3""));
        System.out.println(dayPairs.getPairs());
        assertThat(dayPairs.hasPair(new Pair(Arrays.asList(new Developer(""dev1""), new Developer(""dev6"")))), is(true));
        assertThat(dayPairs.hasPair(new Pair(Arrays.asList(new Developer(""dev3""), new Developer(""dev2"")))), is(true));
        assertThat(dayPairs.hasPair(new Pair(Arrays.asList(new Developer(""dev5""), new Developer(""dev4"")))), is(true));
    }","--- pre
+++ post
@@ -11,5 +11,5 @@
 
         assertThat(dayPairs.getTracks().size(), is(3));
-        assertThat(dayPairs.getTracks(), contains(""track1"", ""track2"", ""track3""));
+        assertThat(dayPairs.getTracks(), containsInAnyOrder(""track1"", ""track2"", ""track3""));
         System.out.println(dayPairs.getPairs());
         assertThat(dayPairs.hasPair(new Pair(Arrays.asList(new Developer(""dev1""), new Developer(""dev6"")))), is(true));"
Netflix_Hystrix,Netflix/Hystrix,HealthCountsStreamTest.testShortCircuited,hystrix-core/src/test/java/com/netflix/hystrix/metric/consumer/HealthCountsStreamTest.java,4f693bf4ad2c298af842741c14f0e37c79537baa,Lengthened wait period in shortCircuited HealthCounts unit test,async wait,True,239.0,321,321,1,False,0.003115264797507788,False,cue_neutral,0,0,{},{},"@Test
    public void testShortCircuited() {
        HystrixCommandKey key = HystrixCommandKey.Factory.asKey(""CMD-Health-G"");
        stream = HealthCountsStream.getInstance(key, 10, 100);

        final CountDownLatch latch = new CountDownLatch(1);
        stream.observe().take(10).subscribe(getSubscriber(latch));

        //3 failures in a row will trip circuit.  let bucket roll once then submit 2 requests.
        //should see 3 FAILUREs and 2 SHORT_CIRCUITs and then 5 FALLBACK_SUCCESSes

        CommandStreamTest.Command failure1 = CommandStreamTest.Command.from(groupKey, key, HystrixEventType.FAILURE, 20);
        CommandStreamTest.Command failure2 = CommandStreamTest.Command.from(groupKey, key, HystrixEventType.FAILURE, 20);
        CommandStreamTest.Command failure3 = CommandStreamTest.Command.from(groupKey, key, HystrixEventType.FAILURE, 20);

        CommandStreamTest.Command shortCircuit1 = CommandStreamTest.Command.from(groupKey, key, HystrixEventType.SUCCESS);
        CommandStreamTest.Command shortCircuit2 = CommandStreamTest.Command.from(groupKey, key, HystrixEventType.SUCCESS);

        failure1.observe();
        failure2.observe();
        failure3.observe();

        try {
            Thread.sleep(100);
        } catch (InterruptedException ie) {
            fail(ie.getMessage());
        }

        shortCircuit1.observe();
        shortCircuit2.observe();

        try {
            assertTrue(latch.await(10000, TimeUnit.MILLISECONDS));
        } catch (InterruptedException ex) {
            fail(""Interrupted ex"");
        }

        assertTrue(shortCircuit1.isResponseShortCircuited());
        assertTrue(shortCircuit2.isResponseShortCircuited());
        System.out.println(""ReqLog : "" + HystrixRequestLog.getCurrentRequest().getExecutedCommandsAsString());
        //should only see failures here, not SHORT-CIRCUITS
        assertEquals(3L, stream.getLatest().getErrorCount());
        assertEquals(3L, stream.getLatest().getTotalRequests());
    }","@Test
    public void testShortCircuited() {
        HystrixCommandKey key = HystrixCommandKey.Factory.asKey(""CMD-Health-G"");
        stream = HealthCountsStream.getInstance(key, 10, 100);

        final CountDownLatch latch = new CountDownLatch(1);
        stream.observe().take(10).subscribe(getSubscriber(latch));

        //3 failures in a row will trip circuit.  let bucket roll once then submit 2 requests.
        //should see 3 FAILUREs and 2 SHORT_CIRCUITs and then 5 FALLBACK_SUCCESSes

        CommandStreamTest.Command failure1 = CommandStreamTest.Command.from(groupKey, key, HystrixEventType.FAILURE, 20);
        CommandStreamTest.Command failure2 = CommandStreamTest.Command.from(groupKey, key, HystrixEventType.FAILURE, 20);
        CommandStreamTest.Command failure3 = CommandStreamTest.Command.from(groupKey, key, HystrixEventType.FAILURE, 20);

        CommandStreamTest.Command shortCircuit1 = CommandStreamTest.Command.from(groupKey, key, HystrixEventType.SUCCESS);
        CommandStreamTest.Command shortCircuit2 = CommandStreamTest.Command.from(groupKey, key, HystrixEventType.SUCCESS);

        failure1.observe();
        failure2.observe();
        failure3.observe();

        try {
            Thread.sleep(500);
        } catch (InterruptedException ie) {
            fail(ie.getMessage());
        }

        shortCircuit1.observe();
        shortCircuit2.observe();

        try {
            assertTrue(latch.await(10000, TimeUnit.MILLISECONDS));
        } catch (InterruptedException ex) {
            fail(""Interrupted ex"");
        }

        assertTrue(shortCircuit1.isResponseShortCircuited());
        assertTrue(shortCircuit2.isResponseShortCircuited());
        System.out.println(""ReqLog : "" + HystrixRequestLog.getCurrentRequest().getExecutedCommandsAsString());
        //should only see failures here, not SHORT-CIRCUITS
        assertEquals(3L, stream.getLatest().getErrorCount());
        assertEquals(3L, stream.getLatest().getTotalRequests());
    }","--- pre
+++ post
@@ -22,5 +22,5 @@
 
         try {
-            Thread.sleep(100);
+            Thread.sleep(500);
         } catch (InterruptedException ie) {
             fail(ie.getMessage());"
ONSdigital_rm-collection-exercise-service,ONSdigital/rm-collection-exercise-service,SampleSummaryServiceTest.testActivateSamples,src/test/java/uk/gov/ons/ctp/response/collection/exercise/service/SampleSummaryServiceTest.java,1d6d7946c2f026dc8113f899ccad89a4317d36be,Fix test that fails intermittently (#264),time,True,133.0,323,325,2,False,0.006153846153846154,False,cue_neutral,0,0,{},{},"@Test
  public void testActivateSamples() throws Exception {
    UUID collectionExerciseId = UUID.randomUUID();
    UUID surveyId = UUID.randomUUID();
    UUID sampleSummaryId = UUID.randomUUID();

    SampleLink sampleLink = new SampleLink();
    sampleLink.setSampleSummaryId(sampleSummaryId);
    sampleLink.setCollectionExerciseId(collectionExerciseId);

    List<SampleLink> sampleLinks = new ArrayList<>();
    sampleLinks.add(sampleLink);

    CollectionExercise collectionExercise = new CollectionExercise();
    collectionExercise.setId(collectionExerciseId);
    collectionExercise.setSurveyId(surveyId);

    Event event = new Event();
    event.setTimestamp(new Timestamp(System.currentTimeMillis()));

    when(collectionExerciseRepository.findOneById(collectionExerciseId))
        .thenReturn(collectionExercise);
    when(sampleLinkRepository.findByCollectionExerciseId(collectionExerciseId))
        .thenReturn(sampleLinks);

    when(eventRepository.findOneByCollectionExerciseAndTag(
            collectionExercise, EventService.Tag.go_live.name()))
        .thenReturn(event);

    // first activate
    sampleSummaryService.activateSamples(collectionExerciseId);
    // then simulate successful enrich
    sampleSummaryService.sampleSummaryValidated(true, collectionExerciseId);
    // then simulate successful distribution
    sampleSummaryService.sampleSummaryDistributed(true, collectionExerciseId);

    verify(collectionExerciseRepository, times(3)).findOneById(collectionExerciseId);
    verify(sampleSummaryActivationPublisher, times(1))
        .sendSampleSummaryActivation(collectionExerciseId, sampleSummaryId, surveyId);
    verify(collectionExerciseService, times(1))
        .transitionCollectionExercise(
            collectionExercise, CollectionExerciseDTO.CollectionExerciseEvent.EXECUTE);
    verify(collectionExerciseService, times(1))
        .transitionCollectionExercise(
            collectionExercise, CollectionExerciseDTO.CollectionExerciseEvent.VALIDATE);
    verify(collectionExerciseService, times(1))
        .transitionCollectionExercise(
            collectionExercise, CollectionExerciseDTO.CollectionExerciseEvent.EXECUTION_COMPLETE);
    verify(collectionExerciseService, times(1))
        .transitionCollectionExercise(
            collectionExercise, CollectionExerciseDTO.CollectionExerciseEvent.GO_LIVE);
  }","@Test
  public void testActivateSamples() throws Exception {
    UUID collectionExerciseId = UUID.randomUUID();
    UUID surveyId = UUID.randomUUID();
    UUID sampleSummaryId = UUID.randomUUID();

    SampleLink sampleLink = new SampleLink();
    sampleLink.setSampleSummaryId(sampleSummaryId);
    sampleLink.setCollectionExerciseId(collectionExerciseId);

    List<SampleLink> sampleLinks = new ArrayList<>();
    sampleLinks.add(sampleLink);

    CollectionExercise collectionExercise = new CollectionExercise();
    collectionExercise.setId(collectionExerciseId);
    collectionExercise.setSurveyId(surveyId);

    Event event = new Event();
    event.setTimestamp(new Timestamp(System.currentTimeMillis() - 1000L));

    when(collectionExerciseRepository.findOneById(collectionExerciseId))
        .thenReturn(collectionExercise);
    when(sampleLinkRepository.findByCollectionExerciseId(collectionExerciseId))
        .thenReturn(sampleLinks);

    when(eventRepository.findOneByCollectionExerciseAndTag(
            collectionExercise, EventService.Tag.go_live.name()))
        .thenReturn(event);

    // first activate
    sampleSummaryService.activateSamples(collectionExerciseId);
    // then simulate successful enrich
    sampleSummaryService.sampleSummaryValidated(true, collectionExerciseId);
    // then simulate successful distribution
    sampleSummaryService.sampleSummaryDistributed(true, collectionExerciseId);

    verify(collectionExerciseRepository, times(3)).findOneById(collectionExerciseId);
    verify(sampleSummaryActivationPublisher, times(1))
        .sendSampleSummaryActivation(collectionExerciseId, sampleSummaryId, surveyId);
    verify(collectionExerciseService, times(1))
        .transitionCollectionExercise(
            collectionExercise, CollectionExerciseDTO.CollectionExerciseEvent.EXECUTE);
    verify(collectionExerciseService, times(1))
        .transitionCollectionExercise(
            collectionExercise, CollectionExerciseDTO.CollectionExerciseEvent.VALIDATE);
    verify(collectionExerciseService, times(1))
        .transitionCollectionExercise(
            collectionExercise, CollectionExerciseDTO.CollectionExerciseEvent.EXECUTION_COMPLETE);
    verify(collectionExerciseService, times(1))
        .transitionCollectionExercise(
            collectionExercise, CollectionExerciseDTO.CollectionExerciseEvent.GO_LIVE);
  }","--- pre
+++ post
@@ -17,5 +17,5 @@
 
     Event event = new Event();
-    event.setTimestamp(new Timestamp(System.currentTimeMillis()));
+    event.setTimestamp(new Timestamp(System.currentTimeMillis() - 1000L));
 
     when(collectionExerciseRepository.findOneById(collectionExerciseId))"
ONSdigital_rm-collection-exercise-service,ONSdigital/rm-collection-exercise-service,SampleSummaryServiceTest.testActivateSamplesFailsDistribution,src/test/java/uk/gov/ons/ctp/response/collection/exercise/service/SampleSummaryServiceTest.java,1d6d7946c2f026dc8113f899ccad89a4317d36be,Fix test that fails intermittently (#264),unknown,False,,297,299,2,False,0.006688963210702341,False,cue_neutral,0,0,{},{},"@Test
  public void testActivateSamplesFailsDistribution() throws Exception {
    UUID collectionExerciseId = UUID.randomUUID();
    UUID surveyId = UUID.randomUUID();
    UUID sampleSummaryId = UUID.randomUUID();

    SampleLink sampleLink = new SampleLink();
    sampleLink.setSampleSummaryId(sampleSummaryId);
    sampleLink.setCollectionExerciseId(collectionExerciseId);

    List<SampleLink> sampleLinks = new ArrayList<>();
    sampleLinks.add(sampleLink);

    CollectionExercise collectionExercise = new CollectionExercise();
    collectionExercise.setId(collectionExerciseId);
    collectionExercise.setSurveyId(surveyId);

    Event event = new Event();
    event.setTimestamp(new Timestamp(System.currentTimeMillis()));

    when(collectionExerciseRepository.findOneById(collectionExerciseId))
        .thenReturn(collectionExercise);
    when(sampleLinkRepository.findByCollectionExerciseId(collectionExerciseId))
        .thenReturn(sampleLinks);

    // first activate
    sampleSummaryService.activateSamples(collectionExerciseId);
    // then simulate successful enrich
    sampleSummaryService.sampleSummaryValidated(true, collectionExerciseId);
    // then simulate failed distribution
    sampleSummaryService.sampleSummaryDistributed(false, collectionExerciseId);

    verify(collectionExerciseRepository, times(3)).findOneById(collectionExerciseId);
    verify(sampleSummaryActivationPublisher, times(1))
        .sendSampleSummaryActivation(collectionExerciseId, sampleSummaryId, surveyId);
    verify(collectionExerciseService, times(1))
        .transitionCollectionExercise(
            collectionExercise, CollectionExerciseDTO.CollectionExerciseEvent.EXECUTE);
    verify(collectionExerciseService, times(1))
        .transitionCollectionExercise(
            collectionExercise, CollectionExerciseDTO.CollectionExerciseEvent.VALIDATE);
    verify(collectionExerciseService, times(1))
        .transitionCollectionExercise(
            collectionExercise, CollectionExerciseDTO.CollectionExerciseEvent.EXECUTION_COMPLETE);
    verify(collectionExerciseService, never())
        .transitionCollectionExercise(
            collectionExercise, CollectionExerciseDTO.CollectionExerciseEvent.GO_LIVE);
  }","@Test
  public void testActivateSamplesFailsDistribution() throws Exception {
    UUID collectionExerciseId = UUID.randomUUID();
    UUID surveyId = UUID.randomUUID();
    UUID sampleSummaryId = UUID.randomUUID();

    SampleLink sampleLink = new SampleLink();
    sampleLink.setSampleSummaryId(sampleSummaryId);
    sampleLink.setCollectionExerciseId(collectionExerciseId);

    List<SampleLink> sampleLinks = new ArrayList<>();
    sampleLinks.add(sampleLink);

    CollectionExercise collectionExercise = new CollectionExercise();
    collectionExercise.setId(collectionExerciseId);
    collectionExercise.setSurveyId(surveyId);

    Event event = new Event();
    event.setTimestamp(new Timestamp(System.currentTimeMillis() - 1000L));

    when(collectionExerciseRepository.findOneById(collectionExerciseId))
        .thenReturn(collectionExercise);
    when(sampleLinkRepository.findByCollectionExerciseId(collectionExerciseId))
        .thenReturn(sampleLinks);

    // first activate
    sampleSummaryService.activateSamples(collectionExerciseId);
    // then simulate successful enrich
    sampleSummaryService.sampleSummaryValidated(true, collectionExerciseId);
    // then simulate failed distribution
    sampleSummaryService.sampleSummaryDistributed(false, collectionExerciseId);

    verify(collectionExerciseRepository, times(3)).findOneById(collectionExerciseId);
    verify(sampleSummaryActivationPublisher, times(1))
        .sendSampleSummaryActivation(collectionExerciseId, sampleSummaryId, surveyId);
    verify(collectionExerciseService, times(1))
        .transitionCollectionExercise(
            collectionExercise, CollectionExerciseDTO.CollectionExerciseEvent.EXECUTE);
    verify(collectionExerciseService, times(1))
        .transitionCollectionExercise(
            collectionExercise, CollectionExerciseDTO.CollectionExerciseEvent.VALIDATE);
    verify(collectionExerciseService, times(1))
        .transitionCollectionExercise(
            collectionExercise, CollectionExerciseDTO.CollectionExerciseEvent.EXECUTION_COMPLETE);
    verify(collectionExerciseService, never())
        .transitionCollectionExercise(
            collectionExercise, CollectionExerciseDTO.CollectionExerciseEvent.GO_LIVE);
  }","--- pre
+++ post
@@ -17,5 +17,5 @@
 
     Event event = new Event();
-    event.setTimestamp(new Timestamp(System.currentTimeMillis()));
+    event.setTimestamp(new Timestamp(System.currentTimeMillis() - 1000L));
 
     when(collectionExerciseRepository.findOneById(collectionExerciseId))"
ONSdigital_rm-collection-exercise-service,ONSdigital/rm-collection-exercise-service,SampleSummaryServiceTest.testActivateSamplesFailsEnrichment,src/test/java/uk/gov/ons/ctp/response/collection/exercise/service/SampleSummaryServiceTest.java,1d6d7946c2f026dc8113f899ccad89a4317d36be,Fix test that fails intermittently (#264),unknown,False,,288,290,2,False,0.006896551724137931,False,cue_neutral,0,0,{},{},"@Test
  public void testActivateSamplesFailsEnrichment() throws Exception {
    UUID collectionExerciseId = UUID.randomUUID();
    UUID surveyId = UUID.randomUUID();
    UUID sampleSummaryId = UUID.randomUUID();

    SampleLink sampleLink = new SampleLink();
    sampleLink.setSampleSummaryId(sampleSummaryId);
    sampleLink.setCollectionExerciseId(collectionExerciseId);

    List<SampleLink> sampleLinks = new ArrayList<>();
    sampleLinks.add(sampleLink);

    CollectionExercise collectionExercise = new CollectionExercise();
    collectionExercise.setId(collectionExerciseId);
    collectionExercise.setSurveyId(surveyId);

    Event event = new Event();
    event.setTimestamp(new Timestamp(System.currentTimeMillis()));

    when(collectionExerciseRepository.findOneById(collectionExerciseId))
        .thenReturn(collectionExercise);
    when(sampleLinkRepository.findByCollectionExerciseId(collectionExerciseId))
        .thenReturn(sampleLinks);

    // first activate
    sampleSummaryService.activateSamples(collectionExerciseId);
    // then simulate failed enrich
    sampleSummaryService.sampleSummaryValidated(false, collectionExerciseId);

    verify(collectionExerciseRepository, times(2)).findOneById(collectionExerciseId);
    verify(sampleSummaryActivationPublisher, times(1))
        .sendSampleSummaryActivation(collectionExerciseId, sampleSummaryId, surveyId);
    verify(collectionExerciseService, times(1))
        .transitionCollectionExercise(
            collectionExercise, CollectionExerciseDTO.CollectionExerciseEvent.EXECUTE);
    verify(collectionExerciseService, times(1))
        .transitionCollectionExercise(
            collectionExercise, CollectionExerciseDTO.CollectionExerciseEvent.INVALIDATE);
    verify(collectionExerciseService, times(1))
        .transitionCollectionExercise(
            collectionExercise, CollectionExerciseDTO.CollectionExerciseEvent.EXECUTION_COMPLETE);
    verify(collectionExerciseService, never())
        .transitionCollectionExercise(
            collectionExercise, CollectionExerciseDTO.CollectionExerciseEvent.GO_LIVE);
  }","@Test
  public void testActivateSamplesFailsEnrichment() throws Exception {
    UUID collectionExerciseId = UUID.randomUUID();
    UUID surveyId = UUID.randomUUID();
    UUID sampleSummaryId = UUID.randomUUID();

    SampleLink sampleLink = new SampleLink();
    sampleLink.setSampleSummaryId(sampleSummaryId);
    sampleLink.setCollectionExerciseId(collectionExerciseId);

    List<SampleLink> sampleLinks = new ArrayList<>();
    sampleLinks.add(sampleLink);

    CollectionExercise collectionExercise = new CollectionExercise();
    collectionExercise.setId(collectionExerciseId);
    collectionExercise.setSurveyId(surveyId);

    Event event = new Event();
    event.setTimestamp(new Timestamp(System.currentTimeMillis() - 1000L));

    when(collectionExerciseRepository.findOneById(collectionExerciseId))
        .thenReturn(collectionExercise);
    when(sampleLinkRepository.findByCollectionExerciseId(collectionExerciseId))
        .thenReturn(sampleLinks);

    // first activate
    sampleSummaryService.activateSamples(collectionExerciseId);
    // then simulate failed enrich
    sampleSummaryService.sampleSummaryValidated(false, collectionExerciseId);

    verify(collectionExerciseRepository, times(2)).findOneById(collectionExerciseId);
    verify(sampleSummaryActivationPublisher, times(1))
        .sendSampleSummaryActivation(collectionExerciseId, sampleSummaryId, surveyId);
    verify(collectionExerciseService, times(1))
        .transitionCollectionExercise(
            collectionExercise, CollectionExerciseDTO.CollectionExerciseEvent.EXECUTE);
    verify(collectionExerciseService, times(1))
        .transitionCollectionExercise(
            collectionExercise, CollectionExerciseDTO.CollectionExerciseEvent.INVALIDATE);
    verify(collectionExerciseService, times(1))
        .transitionCollectionExercise(
            collectionExercise, CollectionExerciseDTO.CollectionExerciseEvent.EXECUTION_COMPLETE);
    verify(collectionExerciseService, never())
        .transitionCollectionExercise(
            collectionExercise, CollectionExerciseDTO.CollectionExerciseEvent.GO_LIVE);
  }","--- pre
+++ post
@@ -17,5 +17,5 @@
 
     Event event = new Event();
-    event.setTimestamp(new Timestamp(System.currentTimeMillis()));
+    event.setTimestamp(new Timestamp(System.currentTimeMillis() - 1000L));
 
     when(collectionExerciseRepository.findOneById(collectionExerciseId))"
OpenAPITools_openapi-generator,OpenAPITools/openapi-generator,AbstractJavaCodegenTest.testAdditionalModelTypeAnnotationsMixed,modules/openapi-generator/src/test/java/org/openapitools/codegen/java/AbstractJavaCodegenTest.java,c09c6261ebb1fb5295d46f6ef65b332e53d87269,[Java] Fix Potential Flaky Tests (#10485),unknown,False,,106,154,51,False,0.33116883116883117,False,cue_neutral,0,0,{},{},"@Test
    public void testAdditionalModelTypeAnnotationsMixed() throws Exception {
        OpenAPI openAPI = TestUtils.createOpenAPI();

        final AbstractJavaCodegen codegen = new P_AbstractJavaCodegen();
        codegen.additionalProperties().put(AbstractJavaCodegen.ADDITIONAL_MODEL_TYPE_ANNOTATIONS, "" \t @Foo;\r\n@Bar  ;\n @Foobar  "");

        codegen.processOpts();
        codegen.preprocessOpenAPI(openAPI);

        final List<String> additionalModelTypeAnnotations = new ArrayList<String>();
        additionalModelTypeAnnotations.add(""@Foo"");
        additionalModelTypeAnnotations.add(""@Bar"");
        additionalModelTypeAnnotations.add(""@Foobar"");

        Assert.assertEquals(codegen.getAdditionalModelTypeAnnotations(), additionalModelTypeAnnotations);
    }","@Test
    public void testAdditionalModelTypeAnnotationsMixed() throws Exception {
        OpenAPI openAPI = TestUtils.createOpenAPI();

        final AbstractJavaCodegen codegen = new P_AbstractJavaCodegen();
        codegen.additionalProperties().put(AbstractJavaCodegen.ADDITIONAL_MODEL_TYPE_ANNOTATIONS, "" \t @Foo;\r\n@Bar  ;\n @Foobar  "");

        codegen.processOpts();
        codegen.preprocessOpenAPI(openAPI);

        final List<String> additionalModelTypeAnnotations = new ArrayList<String>();
        additionalModelTypeAnnotations.add(""@Foo"");
        additionalModelTypeAnnotations.add(""@Bar"");
        additionalModelTypeAnnotations.add(""@Foobar"");

        final List<String> sortedCodegenAdditionalModelTypeAnnotations = new ArrayList<>(codegen.getAdditionalModelTypeAnnotations());
        final List<String> sortedAdditionalModelTypeAnnotations = new ArrayList<>(codegen.getAdditionalModelTypeAnnotations());

        Collections.sort(sortedCodegenAdditionalModelTypeAnnotations);
        Collections.sort(sortedAdditionalModelTypeAnnotations);
        Assert.assertEquals(sortedCodegenAdditionalModelTypeAnnotations, sortedAdditionalModelTypeAnnotations);
    }","--- pre
+++ post
@@ -14,4 +14,9 @@
         additionalModelTypeAnnotations.add(""@Foobar"");
 
-        Assert.assertEquals(codegen.getAdditionalModelTypeAnnotations(), additionalModelTypeAnnotations);
+        final List<String> sortedCodegenAdditionalModelTypeAnnotations = new ArrayList<>(codegen.getAdditionalModelTypeAnnotations());
+        final List<String> sortedAdditionalModelTypeAnnotations = new ArrayList<>(codegen.getAdditionalModelTypeAnnotations());
+
+        Collections.sort(sortedCodegenAdditionalModelTypeAnnotations);
+        Collections.sort(sortedAdditionalModelTypeAnnotations);
+        Assert.assertEquals(sortedCodegenAdditionalModelTypeAnnotations, sortedAdditionalModelTypeAnnotations);
     }"
OpenAPITools_openapi-generator,OpenAPITools/openapi-generator,AbstractJavaCodegenTest.testAdditionalModelTypeAnnotationsNewLineLinux,modules/openapi-generator/src/test/java/org/openapitools/codegen/java/AbstractJavaCodegenTest.java,c09c6261ebb1fb5295d46f6ef65b332e53d87269,[Java] Fix Potential Flaky Tests (#10485),unknown,False,,99,147,51,False,0.3469387755102041,False,cue_neutral,0,0,{},{},"@Test
    public void testAdditionalModelTypeAnnotationsNewLineLinux() throws Exception {
        OpenAPI openAPI = TestUtils.createOpenAPI();

        final AbstractJavaCodegen codegen = new P_AbstractJavaCodegen();
        codegen.additionalProperties().put(AbstractJavaCodegen.ADDITIONAL_MODEL_TYPE_ANNOTATIONS, ""@Foo\n@Bar"");

        codegen.processOpts();
        codegen.preprocessOpenAPI(openAPI);

        final List<String> additionalModelTypeAnnotations = new ArrayList<String>();
        additionalModelTypeAnnotations.add(""@Foo"");
        additionalModelTypeAnnotations.add(""@Bar"");

        Assert.assertEquals(codegen.getAdditionalModelTypeAnnotations(), additionalModelTypeAnnotations);
    }","@Test
    public void testAdditionalModelTypeAnnotationsNewLineLinux() throws Exception {
        OpenAPI openAPI = TestUtils.createOpenAPI();

        final AbstractJavaCodegen codegen = new P_AbstractJavaCodegen();
        codegen.additionalProperties().put(AbstractJavaCodegen.ADDITIONAL_MODEL_TYPE_ANNOTATIONS, ""@Foo\n@Bar"");

        codegen.processOpts();
        codegen.preprocessOpenAPI(openAPI);

        final List<String> additionalModelTypeAnnotations = new ArrayList<String>();
        additionalModelTypeAnnotations.add(""@Foo"");
        additionalModelTypeAnnotations.add(""@Bar"");

        final List<String> sortedCodegenAdditionalModelTypeAnnotations = new ArrayList<>(codegen.getAdditionalModelTypeAnnotations());
        final List<String> sortedAdditionalModelTypeAnnotations = new ArrayList<>(codegen.getAdditionalModelTypeAnnotations());

        Collections.sort(sortedCodegenAdditionalModelTypeAnnotations);
        Collections.sort(sortedAdditionalModelTypeAnnotations);
        Assert.assertEquals(sortedCodegenAdditionalModelTypeAnnotations, sortedAdditionalModelTypeAnnotations);
    }","--- pre
+++ post
@@ -13,4 +13,9 @@
         additionalModelTypeAnnotations.add(""@Bar"");
 
-        Assert.assertEquals(codegen.getAdditionalModelTypeAnnotations(), additionalModelTypeAnnotations);
+        final List<String> sortedCodegenAdditionalModelTypeAnnotations = new ArrayList<>(codegen.getAdditionalModelTypeAnnotations());
+        final List<String> sortedAdditionalModelTypeAnnotations = new ArrayList<>(codegen.getAdditionalModelTypeAnnotations());
+
+        Collections.sort(sortedCodegenAdditionalModelTypeAnnotations);
+        Collections.sort(sortedAdditionalModelTypeAnnotations);
+        Assert.assertEquals(sortedCodegenAdditionalModelTypeAnnotations, sortedAdditionalModelTypeAnnotations);
     }"
OpenAPITools_openapi-generator,OpenAPITools/openapi-generator,AbstractJavaCodegenTest.testAdditionalModelTypeAnnotationsNewLineWindows,modules/openapi-generator/src/test/java/org/openapitools/codegen/java/AbstractJavaCodegenTest.java,c09c6261ebb1fb5295d46f6ef65b332e53d87269,[Java] Fix Potential Flaky Tests (#10485),unknown,False,,99,147,51,False,0.3469387755102041,False,cue_neutral,0,0,{},{},"@Test
    public void testAdditionalModelTypeAnnotationsNewLineWindows() throws Exception {
        OpenAPI openAPI = TestUtils.createOpenAPI();

        final AbstractJavaCodegen codegen = new P_AbstractJavaCodegen();
        codegen.additionalProperties().put(AbstractJavaCodegen.ADDITIONAL_MODEL_TYPE_ANNOTATIONS, ""@Foo\r\n@Bar"");

        codegen.processOpts();
        codegen.preprocessOpenAPI(openAPI);

        final List<String> additionalModelTypeAnnotations = new ArrayList<String>();
        additionalModelTypeAnnotations.add(""@Foo"");
        additionalModelTypeAnnotations.add(""@Bar"");

        Assert.assertEquals(codegen.getAdditionalModelTypeAnnotations(), additionalModelTypeAnnotations);
    }","@Test
    public void testAdditionalModelTypeAnnotationsNewLineWindows() throws Exception {
        OpenAPI openAPI = TestUtils.createOpenAPI();

        final AbstractJavaCodegen codegen = new P_AbstractJavaCodegen();
        codegen.additionalProperties().put(AbstractJavaCodegen.ADDITIONAL_MODEL_TYPE_ANNOTATIONS, ""@Foo\r\n@Bar"");

        codegen.processOpts();
        codegen.preprocessOpenAPI(openAPI);

        final List<String> additionalModelTypeAnnotations = new ArrayList<String>();
        additionalModelTypeAnnotations.add(""@Foo"");
        additionalModelTypeAnnotations.add(""@Bar"");

        final List<String> sortedCodegenAdditionalModelTypeAnnotations = new ArrayList<>(codegen.getAdditionalModelTypeAnnotations());
        final List<String> sortedAdditionalModelTypeAnnotations = new ArrayList<>(codegen.getAdditionalModelTypeAnnotations());

        Collections.sort(sortedCodegenAdditionalModelTypeAnnotations);
        Collections.sort(sortedAdditionalModelTypeAnnotations);
        Assert.assertEquals(sortedCodegenAdditionalModelTypeAnnotations, sortedAdditionalModelTypeAnnotations);
    }","--- pre
+++ post
@@ -13,4 +13,9 @@
         additionalModelTypeAnnotations.add(""@Bar"");
 
-        Assert.assertEquals(codegen.getAdditionalModelTypeAnnotations(), additionalModelTypeAnnotations);
+        final List<String> sortedCodegenAdditionalModelTypeAnnotations = new ArrayList<>(codegen.getAdditionalModelTypeAnnotations());
+        final List<String> sortedAdditionalModelTypeAnnotations = new ArrayList<>(codegen.getAdditionalModelTypeAnnotations());
+
+        Collections.sort(sortedCodegenAdditionalModelTypeAnnotations);
+        Collections.sort(sortedAdditionalModelTypeAnnotations);
+        Assert.assertEquals(sortedCodegenAdditionalModelTypeAnnotations, sortedAdditionalModelTypeAnnotations);
     }"
OpenAPITools_openapi-generator,OpenAPITools/openapi-generator,AbstractJavaCodegenTest.testAdditionalModelTypeAnnotationsNoDuplicate,modules/openapi-generator/src/test/java/org/openapitools/codegen/java/AbstractJavaCodegenTest.java,c09c6261ebb1fb5295d46f6ef65b332e53d87269,[Java] Fix Potential Flaky Tests (#10485),unknown,False,,99,147,51,False,0.3469387755102041,False,cue_neutral,0,0,{},{},"@Test
    public void testAdditionalModelTypeAnnotationsNoDuplicate() throws Exception {
        OpenAPI openAPI = TestUtils.createOpenAPI();

        final AbstractJavaCodegen codegen = new P_AbstractJavaCodegen();
        codegen.additionalProperties().put(AbstractJavaCodegen.ADDITIONAL_MODEL_TYPE_ANNOTATIONS, ""@Foo;@Bar;@Foo"");

        codegen.processOpts();
        codegen.preprocessOpenAPI(openAPI);

        final List<String> additionalModelTypeAnnotations = new ArrayList<String>();
        additionalModelTypeAnnotations.add(""@Foo"");
        additionalModelTypeAnnotations.add(""@Bar"");

        Assert.assertEquals(codegen.getAdditionalModelTypeAnnotations(), additionalModelTypeAnnotations);
    }","@Test
    public void testAdditionalModelTypeAnnotationsNoDuplicate() throws Exception {
        OpenAPI openAPI = TestUtils.createOpenAPI();

        final AbstractJavaCodegen codegen = new P_AbstractJavaCodegen();
        codegen.additionalProperties().put(AbstractJavaCodegen.ADDITIONAL_MODEL_TYPE_ANNOTATIONS, ""@Foo;@Bar;@Foo"");

        codegen.processOpts();
        codegen.preprocessOpenAPI(openAPI);

        final List<String> additionalModelTypeAnnotations = new ArrayList<String>();
        additionalModelTypeAnnotations.add(""@Foo"");
        additionalModelTypeAnnotations.add(""@Bar"");

        final List<String> sortedCodegenAdditionalModelTypeAnnotations = new ArrayList<>(codegen.getAdditionalModelTypeAnnotations());
        final List<String> sortedAdditionalModelTypeAnnotations = new ArrayList<>(codegen.getAdditionalModelTypeAnnotations());

        Collections.sort(sortedCodegenAdditionalModelTypeAnnotations);
        Collections.sort(sortedAdditionalModelTypeAnnotations);
        Assert.assertEquals(sortedCodegenAdditionalModelTypeAnnotations, sortedAdditionalModelTypeAnnotations);
    }","--- pre
+++ post
@@ -13,4 +13,9 @@
         additionalModelTypeAnnotations.add(""@Bar"");
 
-        Assert.assertEquals(codegen.getAdditionalModelTypeAnnotations(), additionalModelTypeAnnotations);
+        final List<String> sortedCodegenAdditionalModelTypeAnnotations = new ArrayList<>(codegen.getAdditionalModelTypeAnnotations());
+        final List<String> sortedAdditionalModelTypeAnnotations = new ArrayList<>(codegen.getAdditionalModelTypeAnnotations());
+
+        Collections.sort(sortedCodegenAdditionalModelTypeAnnotations);
+        Collections.sort(sortedAdditionalModelTypeAnnotations);
+        Assert.assertEquals(sortedCodegenAdditionalModelTypeAnnotations, sortedAdditionalModelTypeAnnotations);
     }"
OpenAPITools_openapi-generator,OpenAPITools/openapi-generator,AbstractJavaCodegenTest.testAdditionalModelTypeAnnotationsSemiColon,modules/openapi-generator/src/test/java/org/openapitools/codegen/java/AbstractJavaCodegenTest.java,c09c6261ebb1fb5295d46f6ef65b332e53d87269,[Java] Fix Potential Flaky Tests (#10485),unordered collections,True,343.0,99,147,51,False,0.3469387755102041,False,cue_neutral,0,0,{},{},"@Test
    public void testAdditionalModelTypeAnnotationsSemiColon() throws Exception {
        OpenAPI openAPI = TestUtils.createOpenAPI();

        final AbstractJavaCodegen codegen = new P_AbstractJavaCodegen();
        codegen.additionalProperties().put(AbstractJavaCodegen.ADDITIONAL_MODEL_TYPE_ANNOTATIONS, ""@Foo;@Bar"");

        codegen.processOpts();
        codegen.preprocessOpenAPI(openAPI);

        final List<String> additionalModelTypeAnnotations = new ArrayList<String>();
        additionalModelTypeAnnotations.add(""@Foo"");
        additionalModelTypeAnnotations.add(""@Bar"");

        Assert.assertEquals(codegen.getAdditionalModelTypeAnnotations(), additionalModelTypeAnnotations);
    }","@Test
    public void testAdditionalModelTypeAnnotationsSemiColon() throws Exception {
        OpenAPI openAPI = TestUtils.createOpenAPI();

        final AbstractJavaCodegen codegen = new P_AbstractJavaCodegen();
        codegen.additionalProperties().put(AbstractJavaCodegen.ADDITIONAL_MODEL_TYPE_ANNOTATIONS, ""@Foo;@Bar"");

        codegen.processOpts();
        codegen.preprocessOpenAPI(openAPI);

        final List<String> additionalModelTypeAnnotations = new ArrayList<String>();
        additionalModelTypeAnnotations.add(""@Foo"");
        additionalModelTypeAnnotations.add(""@Bar"");

        final List<String> sortedCodegenAdditionalModelTypeAnnotations = new ArrayList<>(codegen.getAdditionalModelTypeAnnotations());
        final List<String> sortedAdditionalModelTypeAnnotations = new ArrayList<>(codegen.getAdditionalModelTypeAnnotations());

        Collections.sort(sortedCodegenAdditionalModelTypeAnnotations);
        Collections.sort(sortedAdditionalModelTypeAnnotations);
        Assert.assertEquals(sortedCodegenAdditionalModelTypeAnnotations, sortedAdditionalModelTypeAnnotations);
    }","--- pre
+++ post
@@ -13,4 +13,9 @@
         additionalModelTypeAnnotations.add(""@Bar"");
 
-        Assert.assertEquals(codegen.getAdditionalModelTypeAnnotations(), additionalModelTypeAnnotations);
+        final List<String> sortedCodegenAdditionalModelTypeAnnotations = new ArrayList<>(codegen.getAdditionalModelTypeAnnotations());
+        final List<String> sortedAdditionalModelTypeAnnotations = new ArrayList<>(codegen.getAdditionalModelTypeAnnotations());
+
+        Collections.sort(sortedCodegenAdditionalModelTypeAnnotations);
+        Collections.sort(sortedAdditionalModelTypeAnnotations);
+        Assert.assertEquals(sortedCodegenAdditionalModelTypeAnnotations, sortedAdditionalModelTypeAnnotations);
     }"
OpenLCB_OpenLCB_Java,OpenLCB/OpenLCB_Java,MemoryConfigurationServiceInterfaceTest.testReadWithTimeout,test/org/openlcb/implementations/MemoryConfigurationServiceInterfaceTest.java,998c531c996458916eb8aadf5ff89c774862793c,Makes the datagram-metering-buffer have a single timer thread for datgram expiration timers. Adds a thread name for this timer thread. Adds testing accessors that wait for callbacks on this timer thre,unknown,False,,230,242,12,False,0.049586776859504134,False,cue_added,1,0,{'InterruptedException': 1},{},"public void testReadWithTimeout() {
        int space = 0xFD;
        long address = 0x12345678;
        int length = 4;
        MemoryConfigurationService.McsReadHandler hnd = mock(MemoryConfigurationService
                .McsReadHandler.class);
        iface.getDatagramMeteringBuffer().setTimeout(30);
        // start of 1st pass
        {
            iface.getMemoryConfigurationService().requestRead(farID, space, address, length, hnd);

            // should have sent datagram
            expectMessageAndNoMore(new DatagramMessage(hereID, farID, new int[]{
                    0x20, 0x41, 0x12, 0x34, 0x56, 0x78, 4}));

            System.err.println(""Expect 'Never received reply' here -->"");
            delay(50);
            System.err.println(""<--"");

            verify(hnd).handleFailure(0x100);

            verifyNoMoreInteractions(hnd);

            // datagram reply comes back
            sendMessage(new DatagramAcknowledgedMessage(farID, hereID, 0x80));

            System.err.println(""Expect 'could not find matching memo' here -->"");
            // now return data
            // Response datagram comes and gets acked.
            sendMessageAndExpectResult(new DatagramMessage(farID, hereID, new int[]{
                            0x20, 0x51, 0x12, 0x34, 0x56, 0x78, 0xaa}),
                    new DatagramAcknowledgedMessage(hereID, farID));
            System.err.println(""<--"");

            // the now returned data will never get appropriately assigned.
            // verify(hnd).handleReadData(farID, space, address, new byte[]{(byte) 0xaa});
            verifyNoMoreInteractions(hnd);
        }

        sendAnother(space, address + 1);

        sendAnother(space, address + 5);

    }","public void testReadWithTimeout() throws InterruptedException {
        int space = 0xFD;
        long address = 0x12345678;
        int length = 4;
        MemoryConfigurationService.McsReadHandler hnd = mock(MemoryConfigurationService
                .McsReadHandler.class);
        iface.getDatagramMeteringBuffer().setTimeout(30);
        // start of 1st pass
        {
            iface.getMemoryConfigurationService().requestRead(farID, space, address, length, hnd);

            // should have sent datagram
            expectMessageAndNoMore(new DatagramMessage(hereID, farID, new int[]{
                    0x20, 0x41, 0x12, 0x34, 0x56, 0x78, 4}));

            System.err.println(""Expect 'Never received reply' here -->"");
            delay(50);
            iface.getDatagramMeteringBuffer().waitForSendCallbacks();
            System.err.println(""<--"");

            verify(hnd).handleFailure(0x100);

            verifyNoMoreInteractions(hnd);

            // datagram reply comes back
            sendMessage(new DatagramAcknowledgedMessage(farID, hereID, 0x80));

            System.err.println(""Expect 'could not find matching memo' here -->"");
            // now return data
            // Response datagram comes and gets acked.
            sendMessageAndExpectResult(new DatagramMessage(farID, hereID, new int[]{
                            0x20, 0x51, 0x12, 0x34, 0x56, 0x78, 0xaa}),
                    new DatagramAcknowledgedMessage(hereID, farID));
            System.err.println(""<--"");

            // the now returned data will never get appropriately assigned.
            // verify(hnd).handleReadData(farID, space, address, new byte[]{(byte) 0xaa});
            verifyNoMoreInteractions(hnd);
        }

        sendAnother(space, address + 1);

        sendAnother(space, address + 5);

    }","--- pre
+++ post
@@ -1,3 +1,3 @@
-public void testReadWithTimeout() {
+public void testReadWithTimeout() throws InterruptedException {
         int space = 0xFD;
         long address = 0x12345678;
@@ -16,4 +16,5 @@
             System.err.println(""Expect 'Never received reply' here -->"");
             delay(50);
+            iface.getDatagramMeteringBuffer().waitForSendCallbacks();
             System.err.println(""<--"");
 "
OpenLCB_OpenLCB_Java,OpenLCB/OpenLCB_Java,MemoryConfigurationServiceInterfaceTest.testReadWithTimeoutInterleaved,test/org/openlcb/implementations/MemoryConfigurationServiceInterfaceTest.java,998c531c996458916eb8aadf5ff89c774862793c,Makes the datagram-metering-buffer have a single timer thread for datgram expiration timers. Adds a thread name for this timer thread. Adds testing accessors that wait for callbacks on this timer thre,async wait,True,70.0,468,490,22,False,0.044897959183673466,False,cue_added,1,0,{'InterruptedException': 1},{},"public void testReadWithTimeoutInterleaved() {
        int space = 0xFD;
        long address = 0x12345678;
        int length = 4;
        MemoryConfigurationService.McsReadHandler hnd = mock(MemoryConfigurationService
                .McsReadHandler.class);
        MemoryConfigurationService.McsReadHandler hnd2 = mock(MemoryConfigurationService
                .McsReadHandler.class);
        iface.getDatagramMeteringBuffer().setTimeout(30);
        iface.getMemoryConfigurationService().setTimeoutMillis(30);
        // start of 1st pass
        {
            iface.getMemoryConfigurationService().requestRead(farID, space, address, length, hnd);

            // should have sent datagram
            expectMessageAndNoMore(new DatagramMessage(hereID, farID, new int[]{
                    0x20, 0x41, 0x12, 0x34, 0x56, 0x78, 4}));

            System.err.println(""Expect 'Never received reply' here -->"");
            delay(50);
            System.err.println(""<--"");

            verify(hnd).handleFailure(0x100);

            verifyNoMoreInteractions(hnd);

            iface.getMemoryConfigurationService().requestRead(farID, space, address+1, length,
                    hnd2);
            // should have sent datagram
            expectMessageAndNoMore(new DatagramMessage(hereID, farID, new int[]{
                    0x20, 0x41, 0x12, 0x34, 0x56, 0x79, 4}));

            // datagram reply comes back
            sendMessage(new DatagramAcknowledgedMessage(farID, hereID, 0x80));
            consumeMessages();

            // datagram reply comes back
            sendMessage(new DatagramRejectedMessage(farID, hereID, 0x2020));
            consumeMessages();

            System.err.println(""Expect 'unexpected response datagram' here -->"");
            // now return data for first DG
            // Response datagram comes and gets acked.
            sendMessageAndExpectResult(new DatagramMessage(farID, hereID, new int[]{
                            0x20, 0x51, 0x12, 0x34, 0x56, 0x78, 0xaa}),
                    new DatagramAcknowledgedMessage(hereID, farID));
            System.err.println(""<--"");

            expectNoMessages();

            delay(50);
            // retry should be out now.
            expectMessageAndNoMore(new DatagramMessage(hereID, farID, new int[]{
                    0x20, 0x41, 0x12, 0x34, 0x56, 0x79, 4}));
            sendMessage(new DatagramAcknowledgedMessage(farID, hereID, 0x80));
            consumeMessages();
            // datagram reply comes back
            sendMessage(new DatagramAcknowledgedMessage(farID, hereID, 0x80));
            consumeMessages();
            sendMessageAndExpectResult(new DatagramMessage(farID, hereID, new int[]{
                            0x20, 0x51, 0x12, 0x34, 0x56, 0x79, 0xaa}),
                    new DatagramAcknowledgedMessage(hereID, farID));
            // the now returned data will never get appropriately assigned.
            verify(hnd2).handleReadData(farID, space, address+1, new byte[]{(byte) 0xaa});
            verifyNoMoreInteractions(hnd2);
        }

        System.err.println(""Sending another request..."");
        sendAnother(space, address+5);
    }","public void testReadWithTimeoutInterleaved() throws InterruptedException {
        int space = 0xFD;
        long address = 0x12345678;
        int length = 4;
        MemoryConfigurationService.McsReadHandler hnd = mock(MemoryConfigurationService
                .McsReadHandler.class);
        MemoryConfigurationService.McsReadHandler hnd2 = mock(MemoryConfigurationService
                .McsReadHandler.class);
        iface.getDatagramMeteringBuffer().setTimeout(30);
        iface.getMemoryConfigurationService().setTimeoutMillis(30);
        // start of 1st pass
        {
            iface.getMemoryConfigurationService().requestRead(farID, space, address, length, hnd);

            // should have sent datagram
            expectMessageAndNoMore(new DatagramMessage(hereID, farID, new int[]{
                    0x20, 0x41, 0x12, 0x34, 0x56, 0x78, 4}));

            System.err.println(""Expect 'Never received reply' here -->"");
            delay(50);
            iface.getDatagramMeteringBuffer().waitForSendCallbacks();
            System.err.println(""<--"");

            verify(hnd).handleFailure(0x100);

            verifyNoMoreInteractions(hnd);

            iface.getMemoryConfigurationService().requestRead(farID, space, address+1, length,
                    hnd2);
            // should have sent datagram
            expectMessageAndNoMore(new DatagramMessage(hereID, farID, new int[]{
                    0x20, 0x41, 0x12, 0x34, 0x56, 0x79, 4}));

            // datagram reply comes back
            sendMessage(new DatagramAcknowledgedMessage(farID, hereID, 0x80));
            consumeMessages();

            // datagram reply comes back
            sendMessage(new DatagramRejectedMessage(farID, hereID, 0x2020));
            consumeMessages();

            System.err.println(""Expect 'unexpected response datagram' here -->"");
            // now return data for first DG
            // Response datagram comes and gets acked.
            sendMessageAndExpectResult(new DatagramMessage(farID, hereID, new int[]{
                            0x20, 0x51, 0x12, 0x34, 0x56, 0x78, 0xaa}),
                    new DatagramAcknowledgedMessage(hereID, farID));
            System.err.println(""<--"");

            expectNoMessages();

            delay(50);
            iface.getMemoryConfigurationService().waitForTimer();
            // retry should be out now.
            expectMessageAndNoMore(new DatagramMessage(hereID, farID, new int[]{
                    0x20, 0x41, 0x12, 0x34, 0x56, 0x79, 4}));
            sendMessage(new DatagramAcknowledgedMessage(farID, hereID, 0x80));
            consumeMessages();
            // datagram reply comes back
            sendMessage(new DatagramAcknowledgedMessage(farID, hereID, 0x80));
            consumeMessages();
            sendMessageAndExpectResult(new DatagramMessage(farID, hereID, new int[]{
                            0x20, 0x51, 0x12, 0x34, 0x56, 0x79, 0xaa}),
                    new DatagramAcknowledgedMessage(hereID, farID));
            // the now returned data will never get appropriately assigned.
            verify(hnd2).handleReadData(farID, space, address+1, new byte[]{(byte) 0xaa});
            verifyNoMoreInteractions(hnd2);
        }

        System.err.println(""Sending another request..."");
        sendAnother(space, address+5);
    }","--- pre
+++ post
@@ -1,3 +1,3 @@
-public void testReadWithTimeoutInterleaved() {
+public void testReadWithTimeoutInterleaved() throws InterruptedException {
         int space = 0xFD;
         long address = 0x12345678;
@@ -19,4 +19,5 @@
             System.err.println(""Expect 'Never received reply' here -->"");
             delay(50);
+            iface.getDatagramMeteringBuffer().waitForSendCallbacks();
             System.err.println(""<--"");
 
@@ -50,4 +51,5 @@
 
             delay(50);
+            iface.getMemoryConfigurationService().waitForTimer();
             // retry should be out now.
             expectMessageAndNoMore(new DatagramMessage(hereID, farID, new int[]{"
OryxProject_oryx,OryxProject/oryx,ALSServingInputProducerIT.testALSInputProducer,oryx-app-serving/src/test/java/com/cloudera/oryx/app/serving/als/model/ALSServingInputProducerIT.java,2ca76e7a17cb7b04c628a6e7322fd66328caf514,Issue #183 : add additional delay after batch/speed startup in tests. Tiny refactoring of 'sleep'-related code,async wait,True,358.0,307,303,8,False,0.026058631921824105,False,cue_removed,0,4,{},"{'Thread': 2, 'sleep': 2}","@Test
  public void testALSInputProducer() throws Exception {
    Map<String,Object> overlayConfig = new HashMap<>();
    overlayConfig.put(""oryx.serving.application-resources"",
        ""\""com.cloudera.oryx.app.serving,com.cloudera.oryx.app.serving.als\"""");
    overlayConfig.put(""oryx.serving.model-manager-class"", ALSServingModelManager.class.getName());
    Config config = ConfigUtils.overlayOn(overlayConfig, getConfig());

    startMessaging();
    startServer(config);

    @SuppressWarnings(""unchecked"")
    TopicProducer<String,String> inputProducer = (TopicProducer<String,String>)
        getServingLayer().getContext().getServletContext().getAttribute(
            AbstractOryxResource.INPUT_PRODUCER_KEY);

    String[] inputs = {
        ""abc,123,1.5"",
        ""xyz,234,-0.5"",
        ""AB,10,0"",
    };

    List<Pair<String,String>> keyMessages;
    try (CloseableIterator<Pair<String,String>> data =
             new ConsumeData(INPUT_TOPIC, getZKPort()).iterator()) {

      log.info(""Starting consumer thread"");
      ConsumeTopicRunnable consumeInput = new ConsumeTopicRunnable(data);
      new Thread(consumeInput).start();

      // Sleep to let consumer start
      Thread.sleep(3000);

      for (String input : inputs) {
        inputProducer.send("""", input);
      }

      Thread.sleep(1000);

      keyMessages = consumeInput.getKeyMessages();
    }

    for (int i = 0; i < keyMessages.size(); i++) {
      Pair<String,String> keyMessage = keyMessages.get(i);
      assertEquals("""", keyMessage.getFirst());
      assertEquals(inputs[i], keyMessage.getSecond());
    }
    assertEquals(inputs.length, keyMessages.size());

  }","@Test
  public void testALSInputProducer() throws Exception {
    Map<String,Object> overlayConfig = new HashMap<>();
    overlayConfig.put(""oryx.serving.application-resources"",
        ""\""com.cloudera.oryx.app.serving,com.cloudera.oryx.app.serving.als\"""");
    overlayConfig.put(""oryx.serving.model-manager-class"", ALSServingModelManager.class.getName());
    Config config = ConfigUtils.overlayOn(overlayConfig, getConfig());

    startMessaging();
    startServer(config);

    @SuppressWarnings(""unchecked"")
    TopicProducer<String,String> inputProducer = (TopicProducer<String,String>)
        getServingLayer().getContext().getServletContext().getAttribute(
            AbstractOryxResource.INPUT_PRODUCER_KEY);

    String[] inputs = {
        ""abc,123,1.5"",
        ""xyz,234,-0.5"",
        ""AB,10,0"",
    };

    List<Pair<String,String>> keyMessages;
    try (CloseableIterator<Pair<String,String>> data =
             new ConsumeData(INPUT_TOPIC, getZKPort()).iterator()) {

      log.info(""Starting consumer thread"");
      ConsumeTopicRunnable consumeInput = new ConsumeTopicRunnable(data);
      new Thread(consumeInput).start();

      // Sleep to let consumer start
      sleepSeconds(3);

      for (String input : inputs) {
        inputProducer.send("""", input);
      }

      sleepSeconds(1);

      keyMessages = consumeInput.getKeyMessages();
    }

    for (int i = 0; i < keyMessages.size(); i++) {
      Pair<String,String> keyMessage = keyMessages.get(i);
      assertEquals("""", keyMessage.getFirst());
      assertEquals(inputs[i], keyMessage.getSecond());
    }
    assertEquals(inputs.length, keyMessages.size());

  }","--- pre
+++ post
@@ -30,5 +30,5 @@
 
       // Sleep to let consumer start
-      Thread.sleep(3000);
+      sleepSeconds(3);
 
       for (String input : inputs) {
@@ -36,5 +36,5 @@
       }
 
-      Thread.sleep(1000);
+      sleepSeconds(1);
 
       keyMessages = consumeInput.getKeyMessages();"
OryxProject_oryx,OryxProject/oryx,ALSServingModelManagerIT.testALSServingModel,oryx-app-serving/src/test/java/com/cloudera/oryx/app/serving/als/model/ALSServingModelManagerIT.java,2ca76e7a17cb7b04c628a6e7322fd66328caf514,Issue #183 : add additional delay after batch/speed startup in tests. Tiny refactoring of 'sleep'-related code,unknown,False,,378,376,4,False,0.010582010582010581,False,cue_removed,0,2,{},"{'Thread': 1, 'sleep': 1}","@Test
  public void testALSServingModel() throws Exception {
    Map<String,Object> overlayConfig = new HashMap<>();
    overlayConfig.put(""oryx.serving.application-resources"",
        ""\""com.cloudera.oryx.app.serving,com.cloudera.oryx.app.serving.als\"""");
    overlayConfig.put(""oryx.serving.model-manager-class"", ALSServingModelManager.class.getName());
    Config config = ConfigUtils.overlayOn(overlayConfig, getConfig());

    startMessaging();
    startServer(config);
    startUpdateTopics(new MockALSModelUpdateGenerator(), 10);

    // Let updates finish
    Thread.sleep(1000);

    ALSServingModelManager manager = (ALSServingModelManager)
        getServingLayer().getContext().getServletContext().getAttribute(
            AbstractOryxResource.MODEL_MANAGER_KEY);

    assertNotNull(""Manager must initialize in web context"", manager);

    ALSServingModel model = manager.getModel();
    log.debug(""{}"", model);

    assertNotNull(model);
    assertEquals(2, model.getFeatures());
    assertTrue(model.isImplicit());

    Collection<String> expectedItems = MockALSModelUpdateGenerator.Y.keySet();
    assertTrue(expectedItems.containsAll(model.getAllItemIDs()));
    assertTrue(model.getAllItemIDs().containsAll(expectedItems));

    assertNotNull(model.getYTYSolver());

    for (Map.Entry<String,float[]> entry : MockALSModelUpdateGenerator.X.entrySet()) {
      assertArrayEquals(entry.getValue(), model.getUserVector(entry.getKey()));
    }
    for (Map.Entry<String,float[]> entry : MockALSModelUpdateGenerator.Y.entrySet()) {
      assertArrayEquals(entry.getValue(), model.getItemVector(entry.getKey()));
    }
    for (Map.Entry<String,Collection<String>> entry : MockALSModelUpdateGenerator.A.entrySet()) {
      Collection<String> expected = entry.getValue();
      Collection<String> actual = model.getKnownItems(entry.getKey());
      assertTrue(expected.containsAll(actual));
      assertTrue(actual.containsAll(expected));
    }
  }","@Test
  public void testALSServingModel() throws Exception {
    Map<String,Object> overlayConfig = new HashMap<>();
    overlayConfig.put(""oryx.serving.application-resources"",
        ""\""com.cloudera.oryx.app.serving,com.cloudera.oryx.app.serving.als\"""");
    overlayConfig.put(""oryx.serving.model-manager-class"", ALSServingModelManager.class.getName());
    Config config = ConfigUtils.overlayOn(overlayConfig, getConfig());

    startMessaging();
    startServer(config);
    startUpdateTopics(new MockALSModelUpdateGenerator(), 10);

    // Let updates finish
    sleepSeconds(1);

    ALSServingModelManager manager = (ALSServingModelManager)
        getServingLayer().getContext().getServletContext().getAttribute(
            AbstractOryxResource.MODEL_MANAGER_KEY);

    assertNotNull(""Manager must initialize in web context"", manager);

    ALSServingModel model = manager.getModel();
    log.debug(""{}"", model);

    assertNotNull(model);
    assertEquals(2, model.getFeatures());
    assertTrue(model.isImplicit());

    Collection<String> expectedItems = MockALSModelUpdateGenerator.Y.keySet();
    assertTrue(expectedItems.containsAll(model.getAllItemIDs()));
    assertTrue(model.getAllItemIDs().containsAll(expectedItems));

    assertNotNull(model.getYTYSolver());

    for (Map.Entry<String,float[]> entry : MockALSModelUpdateGenerator.X.entrySet()) {
      assertArrayEquals(entry.getValue(), model.getUserVector(entry.getKey()));
    }
    for (Map.Entry<String,float[]> entry : MockALSModelUpdateGenerator.Y.entrySet()) {
      assertArrayEquals(entry.getValue(), model.getItemVector(entry.getKey()));
    }
    for (Map.Entry<String,Collection<String>> entry : MockALSModelUpdateGenerator.A.entrySet()) {
      Collection<String> expected = entry.getValue();
      Collection<String> actual = model.getKnownItems(entry.getKey());
      assertTrue(expected.containsAll(actual));
      assertTrue(actual.containsAll(expected));
    }
  }","--- pre
+++ post
@@ -12,5 +12,5 @@
 
     // Let updates finish
-    Thread.sleep(1000);
+    sleepSeconds(1);
 
     ALSServingModelManager manager = (ALSServingModelManager)"
OryxProject_oryx,OryxProject/oryx,KMeansServingModelManagerIT.testKMeansServingModel,oryx-app-serving/src/test/java/com/cloudera/oryx/app/serving/kmeans/model/KMeansServingModelManagerIT.java,2ca76e7a17cb7b04c628a6e7322fd66328caf514,Issue #183 : add additional delay after batch/speed startup in tests. Tiny refactoring of 'sleep'-related code,unknown,False,,241,239,4,False,0.016597510373443983,False,cue_removed,0,2,{},"{'Thread': 1, 'sleep': 1}","@Test
  public void testKMeansServingModel() throws Exception {
    Map<String,Object> overlayConfig = new HashMap<>();
    overlayConfig.put(""oryx.serving.application-resources"",
                      ""\""com.cloudera.oryx.app.serving,com.cloudera.oryx.app.serving.kmeans\"""");
    overlayConfig.put(""oryx.serving.model-manager-class"",
                      KMeansServingModelManager.class.getName());
    overlayConfig.put(""oryx.input-schema.feature-names"", ""[\""x\"",\""y\""]"");
    overlayConfig.put(""oryx.input-schema.categorical-features"", ""[]"");
    Config config = ConfigUtils.overlayOn(overlayConfig, getConfig());

    startMessaging();
    startServer(config);
    startUpdateTopics(new MockKMeansModelGenerator(), 10);

    // Let updates finish
    Thread.sleep(1000);

    KMeansServingModelManager manager = (KMeansServingModelManager)
        getServingLayer().getContext().getServletContext().getAttribute(
            AbstractOryxResource.MODEL_MANAGER_KEY);

    assertNotNull(""Manager must initialize in web context"", manager);

    KMeansServingModel model = manager.getModel();
    log.debug(""{}"", model);

    assertEquals(3, model.getNumClusters());
    assertCluster(model.getCluster(0), 0, new double[] { 9.0, 9.0 }, 9);
    assertCluster(model.getCluster(1), 1, new double[] { 7.0, 7.0 }, 7);
    assertCluster(model.getCluster(2), 2, new double[] { 8.0, 8.0 }, 8);
  }","@Test
  public void testKMeansServingModel() throws Exception {
    Map<String,Object> overlayConfig = new HashMap<>();
    overlayConfig.put(""oryx.serving.application-resources"",
                      ""\""com.cloudera.oryx.app.serving,com.cloudera.oryx.app.serving.kmeans\"""");
    overlayConfig.put(""oryx.serving.model-manager-class"",
                      KMeansServingModelManager.class.getName());
    overlayConfig.put(""oryx.input-schema.feature-names"", ""[\""x\"",\""y\""]"");
    overlayConfig.put(""oryx.input-schema.categorical-features"", ""[]"");
    Config config = ConfigUtils.overlayOn(overlayConfig, getConfig());

    startMessaging();
    startServer(config);
    startUpdateTopics(new MockKMeansModelGenerator(), 10);

    // Let updates finish
    sleepSeconds(1);

    KMeansServingModelManager manager = (KMeansServingModelManager)
        getServingLayer().getContext().getServletContext().getAttribute(
            AbstractOryxResource.MODEL_MANAGER_KEY);

    assertNotNull(""Manager must initialize in web context"", manager);

    KMeansServingModel model = manager.getModel();
    log.debug(""{}"", model);

    assertEquals(3, model.getNumClusters());
    assertCluster(model.getCluster(0), 0, new double[] { 9.0, 9.0 }, 9);
    assertCluster(model.getCluster(1), 1, new double[] { 7.0, 7.0 }, 7);
    assertCluster(model.getCluster(2), 2, new double[] { 8.0, 8.0 }, 8);
  }","--- pre
+++ post
@@ -15,5 +15,5 @@
 
     // Let updates finish
-    Thread.sleep(1000);
+    sleepSeconds(1);
 
     KMeansServingModelManager manager = (KMeansServingModelManager)"
OryxProject_oryx,OryxProject/oryx,ProduceConsumeIT.testProduceConsume,kafka-util/src/test/java/com/cloudera/oryx/kafka/util/ProduceConsumeIT.java,2ca76e7a17cb7b04c628a6e7322fd66328caf514,Issue #183 : add additional delay after batch/speed startup in tests. Tiny refactoring of 'sleep'-related code,unknown,False,,286,282,8,False,0.027972027972027972,False,cue_removed,0,4,{},"{'Thread': 2, 'sleep': 2}","@Test
  public void testProduceConsume() throws Exception {
    int zkPort = IOUtils.chooseFreePort();
    int kafkaBrokerPort = IOUtils.chooseFreePort();
    try (LocalZKServer localZKServer = new LocalZKServer(zkPort);
         LocalKafkaBroker localKafkaBroker = new LocalKafkaBroker(kafkaBrokerPort, zkPort)) {

      localZKServer.start();
      localKafkaBroker.start();

      KafkaUtils.deleteTopic(""localhost"", zkPort, TOPIC);
      KafkaUtils.maybeCreateTopic(""localhost"", zkPort, TOPIC);

      ProduceData produce = new ProduceData(new DefaultCSVDatumGenerator(),
                                            zkPort,
                                            localKafkaBroker.getPort(),
                                            TOPIC,
                                            NUM_DATA,
                                            0);

      List<String> keys;
      try (CloseableIterator<Pair<String,String>> data = new ConsumeData(TOPIC, zkPort).iterator()) {

        log.info(""Starting consumer thread"");
        ConsumeTopicRunnable consumeTopic = new ConsumeTopicRunnable(data);
        new Thread(consumeTopic).start();

        // Sleep to let consumer start
        Thread.sleep(3000);

        log.info(""Producing data"");
        produce.start();

        // Sleep for a while before shutting down producer to let both finish
        Thread.sleep(1000);

        keys = consumeTopic.getKeys();
      } finally {
        KafkaUtils.deleteTopic(""localhost"", zkPort, TOPIC);
      }

      if (keys.size() != NUM_DATA) {
        log.info(""keys = {}"", keys);
        assertEquals(NUM_DATA, keys.size());
      }
      for (int i = 0; i < NUM_DATA; i++) {
        assertTrue(keys.contains(Integer.toString(i)));
      }
    }
  }","@Test
  public void testProduceConsume() throws Exception {
    int zkPort = IOUtils.chooseFreePort();
    int kafkaBrokerPort = IOUtils.chooseFreePort();
    try (LocalZKServer localZKServer = new LocalZKServer(zkPort);
         LocalKafkaBroker localKafkaBroker = new LocalKafkaBroker(kafkaBrokerPort, zkPort)) {

      localZKServer.start();
      localKafkaBroker.start();

      KafkaUtils.deleteTopic(""localhost"", zkPort, TOPIC);
      KafkaUtils.maybeCreateTopic(""localhost"", zkPort, TOPIC);

      ProduceData produce = new ProduceData(new DefaultCSVDatumGenerator(),
                                            zkPort,
                                            localKafkaBroker.getPort(),
                                            TOPIC,
                                            NUM_DATA,
                                            0);

      List<String> keys;
      try (CloseableIterator<Pair<String,String>> data = new ConsumeData(TOPIC, zkPort).iterator()) {

        log.info(""Starting consumer thread"");
        ConsumeTopicRunnable consumeTopic = new ConsumeTopicRunnable(data);
        new Thread(consumeTopic).start();

        // Sleep to let consumer start
        sleepSeconds(3);

        log.info(""Producing data"");
        produce.start();

        // Sleep for a while before shutting down producer to let both finish
        sleepSeconds(1);

        keys = consumeTopic.getKeys();
      } finally {
        KafkaUtils.deleteTopic(""localhost"", zkPort, TOPIC);
      }

      if (keys.size() != NUM_DATA) {
        log.info(""keys = {}"", keys);
        assertEquals(NUM_DATA, keys.size());
      }
      for (int i = 0; i < NUM_DATA; i++) {
        assertTrue(keys.contains(Integer.toString(i)));
      }
    }
  }","--- pre
+++ post
@@ -27,5 +27,5 @@
 
         // Sleep to let consumer start
-        Thread.sleep(3000);
+        sleepSeconds(3);
 
         log.info(""Producing data"");
@@ -33,5 +33,5 @@
 
         // Sleep for a while before shutting down producer to let both finish
-        Thread.sleep(1000);
+        sleepSeconds(1);
 
         keys = consumeTopic.getKeys();"
OryxProject_oryx,OryxProject/oryx,RDFNumericHyperParamTuningIT.testRDF,app/oryx-app-mllib/src/test/java/com/cloudera/oryx/app/batch/mllib/rdf/RDFNumericHyperParamTuningIT.java,1ba3b4138e13b7a9a196279b202fd7b85e9c08ca,Issue #195 : maybe fix flaky RDF test,unknown,False,,612,612,107,False,0.17483660130718953,False,cue_neutral,0,0,{},{},"@Test
  public void testRDF() throws Exception {
    Path tempDir = getTempDir();
    Path dataDir = tempDir.resolve(""data"");
    Path modelDir = tempDir.resolve(""model"");

    Map<String,Object> overlayConfig = new HashMap<>();
    overlayConfig.put(""oryx.batch.update-class"", RDFUpdate.class.getName());
    ConfigUtils.set(overlayConfig, ""oryx.batch.storage.data-dir"", dataDir);
    ConfigUtils.set(overlayConfig, ""oryx.batch.storage.model-dir"", modelDir);
    overlayConfig.put(""oryx.batch.streaming.generation-interval-sec"", GEN_INTERVAL_SEC);
    overlayConfig.put(""oryx.batch.streaming.block-interval-sec"", BLOCK_INTERVAL_SEC);
    overlayConfig.put(""oryx.rdf.num-trees"", NUM_TREES);
    // Low values like 1 are deliberately bad, won't work
    overlayConfig.put(""oryx.rdf.hyperparams.max-depth"", ""[1,"" + MAX_DEPTH + ""]"");
    overlayConfig.put(""oryx.rdf.hyperparams.max-split-candidates"", MAX_SPLIT_CANDIDATES);
    overlayConfig.put(""oryx.rdf.hyperparams.impurity"", IMPURITY);
    overlayConfig.put(""oryx.input-schema.num-features"", 5);
    overlayConfig.put(""oryx.input-schema.numeric-features"", ""[\""4\""]"");
    overlayConfig.put(""oryx.input-schema.id-features"", ""[\""0\""]"");
    overlayConfig.put(""oryx.input-schema.target-feature"", ""\""4\"""");
    overlayConfig.put(""oryx.ml.eval.candidates"", 2);
    overlayConfig.put(""oryx.ml.eval.parallelism"", 2);
    Config config = ConfigUtils.overlayOn(overlayConfig, getConfig());

    startMessaging();

    startServerProduceConsumeTopics(
        config,
        new RandomNumericRDFDataGenerator(3),
        DATA_TO_WRITE,
        WRITE_INTERVAL_MSEC);

    List<Path> modelInstanceDirs = IOUtils.listFiles(modelDir, ""*"");

    checkIntervals(modelInstanceDirs.size(), DATA_TO_WRITE, WRITE_INTERVAL_MSEC, GEN_INTERVAL_SEC);

    Path latestModelDir = modelInstanceDirs.get(modelInstanceDirs.size() - 1);
    Path modelFile = latestModelDir.resolve(MLUpdate.MODEL_FILE_NAME);
    assertTrue(""No such model file: "" + modelFile, Files.exists(modelFile));

    PMML pmml = PMMLUtils.read(modelFile);

    assertEquals(3, pmml.getExtensions().size());
    Map<String,Object> expected = new HashMap<>();
    expected.put(""maxSplitCandidates"", MAX_SPLIT_CANDIDATES);
    expected.put(""maxDepth"", MAX_DEPTH);
    expected.put(""impurity"", IMPURITY);
    checkExtensions(pmml, expected);

    Pair<DecisionForest,CategoricalValueEncodings> forestEncoding = RDFPMMLUtils.read(pmml);
    DecisionForest forest = forestEncoding.getFirst();
    CategoricalValueEncodings encoding = forestEncoding.getSecond();

    for (int f1 = 0; f1 <= 1; f1++) {
      for (int f2 = 0; f2 <= 1; f2++) {
        for (int f3 = 0; f3 <= 1; f3++) {
          NumericPrediction prediction = (NumericPrediction) forest.predict(new Example(null,
              null,
              CategoricalFeature.forEncoding(encoding.getValueEncodingMap(1).get(f1 == 1 ? ""A"" : ""B"")),
              CategoricalFeature.forEncoding(encoding.getValueEncodingMap(2).get(f2 == 1 ? ""A"" : ""B"")),
              CategoricalFeature.forEncoding(encoding.getValueEncodingMap(3).get(f3 == 1 ? ""A"" : ""B""))));
          int expectedCount = f1 + f2 + f3;
          if (expectedCount == 3) {
            // TODO this might be a bug in Spark RDF. The tree never creates a node for all
            // positive classes even though it should. Plenty of nodes, info gain, etc.
            assertEquals(2, Math.round(prediction.getPrediction()));
          } else {
            assertEquals(expectedCount, Math.round(prediction.getPrediction()));
          }
        }
      }
    }

  }","@Test
  public void testRDF() throws Exception {
    Path tempDir = getTempDir();
    Path dataDir = tempDir.resolve(""data"");
    Path modelDir = tempDir.resolve(""model"");

    Map<String,Object> overlayConfig = new HashMap<>();
    overlayConfig.put(""oryx.batch.update-class"", RDFUpdate.class.getName());
    ConfigUtils.set(overlayConfig, ""oryx.batch.storage.data-dir"", dataDir);
    ConfigUtils.set(overlayConfig, ""oryx.batch.storage.model-dir"", modelDir);
    overlayConfig.put(""oryx.batch.streaming.generation-interval-sec"", 15);
    overlayConfig.put(""oryx.batch.streaming.block-interval-sec"", BLOCK_INTERVAL_SEC);
    overlayConfig.put(""oryx.rdf.num-trees"", NUM_TREES);
    // Low values like 1 are deliberately bad, won't work
    overlayConfig.put(""oryx.rdf.hyperparams.max-depth"", ""[1,"" + MAX_DEPTH + ""]"");
    overlayConfig.put(""oryx.rdf.hyperparams.max-split-candidates"", MAX_SPLIT_CANDIDATES);
    overlayConfig.put(""oryx.rdf.hyperparams.impurity"", IMPURITY);
    overlayConfig.put(""oryx.input-schema.num-features"", 5);
    overlayConfig.put(""oryx.input-schema.numeric-features"", ""[\""4\""]"");
    overlayConfig.put(""oryx.input-schema.id-features"", ""[\""0\""]"");
    overlayConfig.put(""oryx.input-schema.target-feature"", ""\""4\"""");
    overlayConfig.put(""oryx.ml.eval.candidates"", 2);
    overlayConfig.put(""oryx.ml.eval.parallelism"", 2);
    Config config = ConfigUtils.overlayOn(overlayConfig, getConfig());

    startMessaging();

    startServerProduceConsumeTopics(
        config,
        new RandomNumericRDFDataGenerator(3),
        DATA_TO_WRITE,
        WRITE_INTERVAL_MSEC);

    List<Path> modelInstanceDirs = IOUtils.listFiles(modelDir, ""*"");

    checkIntervals(modelInstanceDirs.size(), DATA_TO_WRITE, WRITE_INTERVAL_MSEC, GEN_INTERVAL_SEC);

    Path latestModelDir = modelInstanceDirs.get(modelInstanceDirs.size() - 1);
    Path modelFile = latestModelDir.resolve(MLUpdate.MODEL_FILE_NAME);
    assertTrue(""No such model file: "" + modelFile, Files.exists(modelFile));

    PMML pmml = PMMLUtils.read(modelFile);

    assertEquals(3, pmml.getExtensions().size());
    Map<String,Object> expected = new HashMap<>();
    expected.put(""maxSplitCandidates"", MAX_SPLIT_CANDIDATES);
    expected.put(""maxDepth"", MAX_DEPTH);
    expected.put(""impurity"", IMPURITY);
    checkExtensions(pmml, expected);

    Pair<DecisionForest,CategoricalValueEncodings> forestEncoding = RDFPMMLUtils.read(pmml);
    DecisionForest forest = forestEncoding.getFirst();
    CategoricalValueEncodings encoding = forestEncoding.getSecond();

    for (int f1 = 0; f1 <= 1; f1++) {
      CategoricalFeature feature1 = CategoricalFeature.forEncoding(
          encoding.getValueEncodingMap(1).get(f1 == 1 ? ""A"" : ""B""));
      for (int f2 = 0; f2 <= 1; f2++) {
        CategoricalFeature feature2 = CategoricalFeature.forEncoding(
            encoding.getValueEncodingMap(2).get(f2 == 1 ? ""A"" : ""B""));
        for (int f3 = 0; f3 <= 1; f3++) {
          CategoricalFeature feature3 = CategoricalFeature.forEncoding(
              encoding.getValueEncodingMap(3).get(f3 == 1 ? ""A"" : ""B""));
          NumericPrediction prediction = (NumericPrediction)
              forest.predict(new Example(null, null, feature1, feature2, feature3));
          int expectedCount = f1 + f2 + f3;
          if (expectedCount == 3) {
            // TODO this might be a bug in Spark RDF. The tree never creates a node for all
            // positive classes even though it should. Plenty of nodes, info gain, etc.
            expectedCount = 2;
          }
          assertEquals(expectedCount, Math.round(prediction.getPrediction()));
        }
      }
    }

  }","--- pre
+++ post
@@ -9,5 +9,5 @@
     ConfigUtils.set(overlayConfig, ""oryx.batch.storage.data-dir"", dataDir);
     ConfigUtils.set(overlayConfig, ""oryx.batch.storage.model-dir"", modelDir);
-    overlayConfig.put(""oryx.batch.streaming.generation-interval-sec"", GEN_INTERVAL_SEC);
+    overlayConfig.put(""oryx.batch.streaming.generation-interval-sec"", 15);
     overlayConfig.put(""oryx.batch.streaming.block-interval-sec"", BLOCK_INTERVAL_SEC);
     overlayConfig.put(""oryx.rdf.num-trees"", NUM_TREES);
@@ -54,19 +54,21 @@
 
     for (int f1 = 0; f1 <= 1; f1++) {
+      CategoricalFeature feature1 = CategoricalFeature.forEncoding(
+          encoding.getValueEncodingMap(1).get(f1 == 1 ? ""A"" : ""B""));
       for (int f2 = 0; f2 <= 1; f2++) {
+        CategoricalFeature feature2 = CategoricalFeature.forEncoding(
+            encoding.getValueEncodingMap(2).get(f2 == 1 ? ""A"" : ""B""));
         for (int f3 = 0; f3 <= 1; f3++) {
-          NumericPrediction prediction = (NumericPrediction) forest.predict(new Example(null,
-              null,
-              CategoricalFeature.forEncoding(encoding.getValueEncodingMap(1).get(f1 == 1 ? ""A"" : ""B"")),
-              CategoricalFeature.forEncoding(encoding.getValueEncodingMap(2).get(f2 == 1 ? ""A"" : ""B"")),
-              CategoricalFeature.forEncoding(encoding.getValueEncodingMap(3).get(f3 == 1 ? ""A"" : ""B""))));
+          CategoricalFeature feature3 = CategoricalFeature.forEncoding(
+              encoding.getValueEncodingMap(3).get(f3 == 1 ? ""A"" : ""B""));
+          NumericPrediction prediction = (NumericPrediction)
+              forest.predict(new Example(null, null, feature1, feature2, feature3));
           int expectedCount = f1 + f2 + f3;
           if (expectedCount == 3) {
             // TODO this might be a bug in Spark RDF. The tree never creates a node for all
             // positive classes even though it should. Plenty of nodes, info gain, etc.
-            assertEquals(2, Math.round(prediction.getPrediction()));
-          } else {
-            assertEquals(expectedCount, Math.round(prediction.getPrediction()));
+            expectedCount = 2;
           }
+          assertEquals(expectedCount, Math.round(prediction.getPrediction()));
         }
       }"
OryxProject_oryx,OryxProject/oryx,RDFServingModelManagerIT.testRDFServingModel,oryx-app-serving/src/test/java/com/cloudera/oryx/app/serving/rdf/model/RDFServingModelManagerIT.java,2ca76e7a17cb7b04c628a6e7322fd66328caf514,Issue #183 : add additional delay after batch/speed startup in tests. Tiny refactoring of 'sleep'-related code,unknown,False,,515,513,4,False,0.007766990291262136,False,cue_removed,0,2,{},"{'Thread': 1, 'sleep': 1}","@Test
  public void testRDFServingModel() throws Exception {
    Map<String,Object> overlayConfig = new HashMap<>();
    overlayConfig.put(""oryx.serving.application-resources"",
                      ""\""com.cloudera.oryx.app.serving,com.cloudera.oryx.app.serving.rdf\"""");
    overlayConfig.put(""oryx.serving.model-manager-class"", RDFServingModelManager.class.getName());
    overlayConfig.put(""oryx.input-schema.feature-names"", ""[\""color\"",\""fruit\""]"");
    overlayConfig.put(""oryx.input-schema.numeric-features"", ""[]"");
    overlayConfig.put(""oryx.input-schema.target-feature"", ""fruit"");
    Config config = ConfigUtils.overlayOn(overlayConfig, getConfig());

    startMessaging();
    startServer(config);
    // Creates 1 model, 2 updates for each of r- and r+
    startUpdateTopics(new MockRDFClassificationModelGenerator(), 5);

    // Let updates finish
    Thread.sleep(1000);

    RDFServingModelManager manager = (RDFServingModelManager)
        getServingLayer().getContext().getServletContext().getAttribute(
            AbstractOryxResource.MODEL_MANAGER_KEY);

    assertNotNull(""Manager must initialize in web context"", manager);

    RDFServingModel model = manager.getModel();
    log.debug(""{}"", model);

    CategoricalValueEncodings encodings = model.getEncodings();
    assertEquals(2, encodings.getValueCount(0));
    assertEquals(2, encodings.getValueCount(1));
    Map<Integer,String> encodingValuePredictor = encodings.getEncodingValueMap(0);
    assertEquals(""yellow"", encodingValuePredictor.get(0));
    assertEquals(""red"", encodingValuePredictor.get(1));
    Map<Integer,String> encodingValueTarget = encodings.getEncodingValueMap(1);
    assertEquals(""banana"", encodingValueTarget.get(0));
    assertEquals(""apple"", encodingValueTarget.get(1));

    DecisionForest forest = model.getForest();

    DecisionTree[] trees = forest.getTrees();
    assertEquals(1, trees.length);
    assertArrayEquals(new double[] { 1.0 }, forest.getWeights());

    InputSchema inputSchema = model.getInputSchema();
    assertEquals(2, inputSchema.getNumFeatures());

    DecisionTree tree = trees[0];
    DecisionNode root = (DecisionNode) tree.findByID(""r"");

    TerminalNode left = (TerminalNode) tree.findByID(""r-"");
    TerminalNode right = (TerminalNode) tree.findByID(""r+"");
    assertSame(root.getLeft(), left);
    assertSame(root.getRight(), right);
    assertEquals(7, left.getCount());
    assertEquals(7, right.getCount());

    CategoricalPrediction leftPrediction = (CategoricalPrediction) left.getPrediction();
    CategoricalPrediction rightPrediction = (CategoricalPrediction) right.getPrediction();
    assertEquals(2, leftPrediction.getCategoryCounts()[0]);
    assertEquals(5, leftPrediction.getCategoryCounts()[1]);
    assertEquals(3, rightPrediction.getCategoryCounts()[0]);
    assertEquals(4, rightPrediction.getCategoryCounts()[1]);
  }","@Test
  public void testRDFServingModel() throws Exception {
    Map<String,Object> overlayConfig = new HashMap<>();
    overlayConfig.put(""oryx.serving.application-resources"",
                      ""\""com.cloudera.oryx.app.serving,com.cloudera.oryx.app.serving.rdf\"""");
    overlayConfig.put(""oryx.serving.model-manager-class"", RDFServingModelManager.class.getName());
    overlayConfig.put(""oryx.input-schema.feature-names"", ""[\""color\"",\""fruit\""]"");
    overlayConfig.put(""oryx.input-schema.numeric-features"", ""[]"");
    overlayConfig.put(""oryx.input-schema.target-feature"", ""fruit"");
    Config config = ConfigUtils.overlayOn(overlayConfig, getConfig());

    startMessaging();
    startServer(config);
    // Creates 1 model, 2 updates for each of r- and r+
    startUpdateTopics(new MockRDFClassificationModelGenerator(), 5);

    // Let updates finish
    sleepSeconds(1);

    RDFServingModelManager manager = (RDFServingModelManager)
        getServingLayer().getContext().getServletContext().getAttribute(
            AbstractOryxResource.MODEL_MANAGER_KEY);

    assertNotNull(""Manager must initialize in web context"", manager);

    RDFServingModel model = manager.getModel();
    log.debug(""{}"", model);

    CategoricalValueEncodings encodings = model.getEncodings();
    assertEquals(2, encodings.getValueCount(0));
    assertEquals(2, encodings.getValueCount(1));
    Map<Integer,String> encodingValuePredictor = encodings.getEncodingValueMap(0);
    assertEquals(""yellow"", encodingValuePredictor.get(0));
    assertEquals(""red"", encodingValuePredictor.get(1));
    Map<Integer,String> encodingValueTarget = encodings.getEncodingValueMap(1);
    assertEquals(""banana"", encodingValueTarget.get(0));
    assertEquals(""apple"", encodingValueTarget.get(1));

    DecisionForest forest = model.getForest();

    DecisionTree[] trees = forest.getTrees();
    assertEquals(1, trees.length);
    assertArrayEquals(new double[] { 1.0 }, forest.getWeights());

    InputSchema inputSchema = model.getInputSchema();
    assertEquals(2, inputSchema.getNumFeatures());

    DecisionTree tree = trees[0];
    DecisionNode root = (DecisionNode) tree.findByID(""r"");

    TerminalNode left = (TerminalNode) tree.findByID(""r-"");
    TerminalNode right = (TerminalNode) tree.findByID(""r+"");
    assertSame(root.getLeft(), left);
    assertSame(root.getRight(), right);
    assertEquals(7, left.getCount());
    assertEquals(7, right.getCount());

    CategoricalPrediction leftPrediction = (CategoricalPrediction) left.getPrediction();
    CategoricalPrediction rightPrediction = (CategoricalPrediction) right.getPrediction();
    assertEquals(2, leftPrediction.getCategoryCounts()[0]);
    assertEquals(5, leftPrediction.getCategoryCounts()[1]);
    assertEquals(3, rightPrediction.getCategoryCounts()[0]);
    assertEquals(4, rightPrediction.getCategoryCounts()[1]);
  }","--- pre
+++ post
@@ -16,5 +16,5 @@
 
     // Let updates finish
-    Thread.sleep(1000);
+    sleepSeconds(1);
 
     RDFServingModelManager manager = (RDFServingModelManager)"
OryxProject_oryx,OryxProject/oryx,RDFSpeedIT.testRDFSpeedRegression,app/oryx-app/src/test/java/com/cloudera/oryx/app/speed/rdf/RDFSpeedIT.java,55adb53ee568345ed12c856ccd976ad500d0d240,A more real fix for issue #194 flaky test,unknown,False,,559,577,23,False,0.03986135181975736,False,cue_neutral,0,0,{},{},"@Test
  public void testRDFSpeedRegression() throws Exception {
    Map<String,Object> overlayConfig = new HashMap<>();
    overlayConfig.put(""oryx.speed.model-manager-class"", RDFSpeedModelManager.class.getName());
    overlayConfig.put(""oryx.speed.streaming.generation-interval-sec"", 10);
    overlayConfig.put(""oryx.speed.streaming.block-interval-sec"", 1);
    overlayConfig.put(""oryx.input-schema.feature-names"", ""[\""foo\"",\""bar\""]"");
    overlayConfig.put(""oryx.input-schema.categorical-features"", ""[]"");
    overlayConfig.put(""oryx.input-schema.target-feature"", ""bar"");
    Config config = ConfigUtils.overlayOn(overlayConfig, getConfig());

    startMessaging();

    List<Pair<String,String>> updates =
        startServerProduceConsumeTopics(config,
                                        new MockRDFRegressionInputGenerator(),
                                        new MockRDFRegressionModelGenerator(),
                                        NUM_INPUT,
                                        1);

    if (log.isDebugEnabled()) {
      for (Pair<String, String> update : updates) {
        log.debug(""{}"", update);
      }
    }

    int numUpdates = updates.size();

    // Model, and then pairs of positive / negative
    assertTrue(numUpdates >= 3 && numUpdates % 2 != 0);
    // Not testing the model much here:
    assertEquals(""MODEL"", updates.get(0).getFirst());

    for (int i = 1; i < numUpdates; i++) {
      Pair<String, String> update = updates.get(i);
      assertEquals(""UP"", update.getFirst());
      List<?> fields = MAPPER.readValue(update.getSecond(), List.class);
      int treeID = (Integer) fields.get(0);
      String nodeID = fields.get(1).toString();
      double mean = (Double) fields.get(2);
      assertEquals(0, treeID);
      assertTrue(""r-"".equals(nodeID) || ""r+"".equals(nodeID));
      if (""r+"".equals(nodeID)) {
        assertEquals(5.0, mean, 0.5);
      } else {
        assertEquals(-4.0, mean, 0.5);
      }
    }

    for (int i = 1; i < numUpdates; i += 2) {
      Pair<String, String> update1 = updates.get(i);
      Pair<String, String> update2 = updates.get(i + 1);
      List<?> fields1 = MAPPER.readValue(update1.getSecond(), List.class);
      List<?> fields2 = MAPPER.readValue(update2.getSecond(), List.class);
      int count1 = (Integer) fields1.get(3);
      int count2 = (Integer) fields2.get(3);
      assertTrue(Math.abs(count1 - count2) <= 1);
      String nodeID1 = fields1.get(1).toString();
      String nodeID2 = fields2.get(1).toString();
      if (""r-"".equals(nodeID1)) {
        assertEquals(""r+"", nodeID2);
      } else {
        assertEquals(""r-"", nodeID2);
      }
    }

  }","@Test
  public void testRDFSpeedRegression() throws Exception {
    Map<String,Object> overlayConfig = new HashMap<>();
    overlayConfig.put(""oryx.speed.model-manager-class"", RDFSpeedModelManager.class.getName());
    overlayConfig.put(""oryx.speed.streaming.generation-interval-sec"", 10);
    overlayConfig.put(""oryx.speed.streaming.block-interval-sec"", 1);
    overlayConfig.put(""oryx.input-schema.feature-names"", ""[\""foo\"",\""bar\""]"");
    overlayConfig.put(""oryx.input-schema.categorical-features"", ""[]"");
    overlayConfig.put(""oryx.input-schema.target-feature"", ""bar"");
    Config config = ConfigUtils.overlayOn(overlayConfig, getConfig());

    startMessaging();

    List<Pair<String,String>> updates =
        startServerProduceConsumeTopics(config,
                                        new MockRDFRegressionInputGenerator(),
                                        new MockRDFRegressionModelGenerator(),
                                        NUM_INPUT,
                                        1);

    if (log.isDebugEnabled()) {
      for (Pair<String, String> update : updates) {
        log.debug(""{}"", update);
      }
    }

    int numUpdates = updates.size();

    // Model, and then pairs of positive / negative
    assertTrue(numUpdates >= 3 && numUpdates % 2 != 0);
    // Not testing the model much here:
    assertEquals(""MODEL"", updates.get(0).getFirst());

    for (int i = 1; i < numUpdates; i++) {
      Pair<String, String> update = updates.get(i);
      assertEquals(""UP"", update.getFirst());
      List<?> fields = MAPPER.readValue(update.getSecond(), List.class);
      int treeID = (Integer) fields.get(0);
      String nodeID = fields.get(1).toString();
      double mean = (Double) fields.get(2);
      int count = (Integer) fields.get(3);
      assertEquals(0, treeID);
      assertTrue(""r-"".equals(nodeID) || ""r+"".equals(nodeID));
      if (""r+"".equals(nodeID)) {
        assertEquals(expectedPositiveMean(count), mean, 0.1);
      } else {
        assertEquals(expectedNegativeMean(count), mean, 0.1);
      }
    }

    for (int i = 1; i < numUpdates; i += 2) {
      Pair<String, String> update1 = updates.get(i);
      Pair<String, String> update2 = updates.get(i + 1);
      List<?> fields1 = MAPPER.readValue(update1.getSecond(), List.class);
      List<?> fields2 = MAPPER.readValue(update2.getSecond(), List.class);
      int count1 = (Integer) fields1.get(3);
      int count2 = (Integer) fields2.get(3);
      assertTrue(Math.abs(count1 - count2) <= 1);
      String nodeID1 = fields1.get(1).toString();
      String nodeID2 = fields2.get(1).toString();
      if (""r-"".equals(nodeID1)) {
        assertEquals(""r+"", nodeID2);
      } else {
        assertEquals(""r-"", nodeID2);
      }
    }

  }","--- pre
+++ post
@@ -39,10 +39,11 @@
       String nodeID = fields.get(1).toString();
       double mean = (Double) fields.get(2);
+      int count = (Integer) fields.get(3);
       assertEquals(0, treeID);
       assertTrue(""r-"".equals(nodeID) || ""r+"".equals(nodeID));
       if (""r+"".equals(nodeID)) {
-        assertEquals(5.0, mean, 0.5);
+        assertEquals(expectedPositiveMean(count), mean, 0.1);
       } else {
-        assertEquals(-4.0, mean, 0.5);
+        assertEquals(expectedNegativeMean(count), mean, 0.1);
       }
     }"
OryxProject_oryx,OryxProject/oryx,RDFSpeedIT.testRDFSpeedRegression,app/oryx-app/src/test/java/com/cloudera/oryx/app/speed/rdf/RDFSpeedIT.java,c62839923a311272df007c48b3c201b055768ce8,Issue #233 : yet another fix for estimate of mean in test,unknown,False,,568,586,42,False,0.07167235494880546,False,cue_neutral,0,0,{},{},"@Test
  public void testRDFSpeedRegression() throws Exception {
    Map<String,Object> overlayConfig = new HashMap<>();
    overlayConfig.put(""oryx.speed.model-manager-class"", RDFSpeedModelManager.class.getName());
    overlayConfig.put(""oryx.speed.streaming.generation-interval-sec"", 10);
    overlayConfig.put(""oryx.input-schema.feature-names"", ""[\""foo\"",\""bar\""]"");
    overlayConfig.put(""oryx.input-schema.categorical-features"", ""[]"");
    overlayConfig.put(""oryx.input-schema.target-feature"", ""bar"");
    Config config = ConfigUtils.overlayOn(overlayConfig, getConfig());

    startMessaging();

    List<Pair<String,String>> updates =
        startServerProduceConsumeTopics(config,
                                        new MockRDFRegressionInputGenerator(),
                                        new MockRDFRegressionModelGenerator(),
                                        NUM_INPUT,
                                        1);

    if (log.isDebugEnabled()) {
      for (Pair<String, String> update : updates) {
        log.debug(""{}"", update);
      }
    }

    int numUpdates = updates.size();

    // Model, and then pairs of positive / negative
    assertTrue(numUpdates >= 3 && numUpdates % 2 != 0);
    // Not testing the model much here:
    assertEquals(""MODEL"", updates.get(0).getFirst());

    for (int i = 1; i < numUpdates; i++) {
      Pair<String, String> update = updates.get(i);
      assertEquals(""UP"", update.getFirst());
      List<?> fields = MAPPER.readValue(update.getSecond(), List.class);
      int treeID = (Integer) fields.get(0);
      String nodeID = fields.get(1).toString();
      double mean = (Double) fields.get(2);
      int count = (Integer) fields.get(3);
      assertEquals(0, treeID);
      assertTrue(""r-"".equals(nodeID) || ""r+"".equals(nodeID));
      if (""r+"".equals(nodeID)) {
        assertEquals(expectedPositiveMean(count), mean, 0.1);
      } else {
        assertEquals(expectedNegativeMean(count), mean, 0.1);
      }
    }

    for (int i = 1; i < numUpdates; i += 2) {
      Pair<String, String> update1 = updates.get(i);
      Pair<String, String> update2 = updates.get(i + 1);
      List<?> fields1 = MAPPER.readValue(update1.getSecond(), List.class);
      List<?> fields2 = MAPPER.readValue(update2.getSecond(), List.class);
      int count1 = (Integer) fields1.get(3);
      int count2 = (Integer) fields2.get(3);
      assertTrue(Math.abs(count1 - count2) <= 1);
      String nodeID1 = fields1.get(1).toString();
      String nodeID2 = fields2.get(1).toString();
      if (""r-"".equals(nodeID1)) {
        assertEquals(""r+"", nodeID2);
      } else {
        assertEquals(""r-"", nodeID2);
      }
    }

  }","@Test
  public void testRDFSpeedRegression() throws Exception {
    Map<String,Object> overlayConfig = new HashMap<>();
    overlayConfig.put(""oryx.speed.model-manager-class"", RDFSpeedModelManager.class.getName());
    overlayConfig.put(""oryx.speed.streaming.generation-interval-sec"", 10);
    overlayConfig.put(""oryx.input-schema.feature-names"", ""[\""foo\"",\""bar\""]"");
    overlayConfig.put(""oryx.input-schema.categorical-features"", ""[]"");
    overlayConfig.put(""oryx.input-schema.target-feature"", ""bar"");
    Config config = ConfigUtils.overlayOn(overlayConfig, getConfig());

    startMessaging();

    List<Pair<String,String>> updates =
        startServerProduceConsumeTopics(config,
                                        new MockRDFRegressionInputGenerator(),
                                        new MockRDFRegressionModelGenerator(),
                                        NUM_INPUT,
                                        1);

    if (log.isDebugEnabled()) {
      for (Pair<String, String> update : updates) {
        log.debug(""{}"", update);
      }
    }

    int numUpdates = updates.size();

    // Model, and then pairs of positive / negative
    assertTrue(numUpdates >= 3 && numUpdates % 2 != 0);
    // Not testing the model much here:
    assertEquals(""MODEL"", updates.get(0).getFirst());

    for (int i = 1; i < numUpdates; i++) {
      Pair<String, String> update = updates.get(i);
      assertEquals(""UP"", update.getFirst());
      List<?> fields = MAPPER.readValue(update.getSecond(), List.class);
      int treeID = (Integer) fields.get(0);
      String nodeID = fields.get(1).toString();
      double mean = (Double) fields.get(2);
      int count = (Integer) fields.get(3);
      assertEquals(0, treeID);
      assertTrue(""r-"".equals(nodeID) || ""r+"".equals(nodeID));
      double[] minMax = minMaxExpectedMean(count, ""r+"".equals(nodeID));
      assertTrue(count + ""/"" + mean + "" not in "" + Arrays.toString(minMax),
                 mean >= minMax[0] - DOUBLE_EPSILON && mean <= minMax[1] + DOUBLE_EPSILON);
    }

    for (int i = 1; i < numUpdates; i += 2) {
      Pair<String, String> update1 = updates.get(i);
      Pair<String, String> update2 = updates.get(i + 1);
      List<?> fields1 = MAPPER.readValue(update1.getSecond(), List.class);
      List<?> fields2 = MAPPER.readValue(update2.getSecond(), List.class);
      int count1 = (Integer) fields1.get(3);
      int count2 = (Integer) fields2.get(3);
      assertTrue(Math.abs(count1 - count2) <= 1);
      String nodeID1 = fields1.get(1).toString();
      String nodeID2 = fields2.get(1).toString();
      if (""r-"".equals(nodeID1)) {
        assertEquals(""r+"", nodeID2);
      } else {
        assertEquals(""r-"", nodeID2);
      }
    }

  }","--- pre
+++ post
@@ -41,9 +41,7 @@
       assertEquals(0, treeID);
       assertTrue(""r-"".equals(nodeID) || ""r+"".equals(nodeID));
-      if (""r+"".equals(nodeID)) {
-        assertEquals(expectedPositiveMean(count), mean, 0.1);
-      } else {
-        assertEquals(expectedNegativeMean(count), mean, 0.1);
-      }
+      double[] minMax = minMaxExpectedMean(count, ""r+"".equals(nodeID));
+      assertTrue(count + ""/"" + mean + "" not in "" + Arrays.toString(minMax),
+                 mean >= minMax[0] - DOUBLE_EPSILON && mean <= minMax[1] + DOUBLE_EPSILON);
     }
 "
ReactiveX_RxJava,ReactiveX/RxJava,ObservableSwitchTest.outerInnerErrorRace,src/test/java/io/reactivex/internal/operators/observable/ObservableSwitchTest.java,cfa17ae1654305cc9d75a6f77413dd162b61f9fb,Fix error-error race test,concurrency,True,115.0,236,251,16,False,0.06374501992031872,False,cue_neutral,0,0,{},{},"@Test
    public void outerInnerErrorRace() {
        for (int i = 0; i < 500; i++) {
            List<Throwable> errors = TestHelper.trackPluginErrors();
            try {

                final PublishSubject<Integer> ps1 = PublishSubject.create();
                final PublishSubject<Integer> ps2 = PublishSubject.create();

                ps1.switchMap(new Function<Integer, ObservableSource<Integer>>() {
                    @Override
                    public ObservableSource<Integer> apply(Integer v) throws Exception {
                        if (v == 1) {
                            return ps2;
                        }
                        return Observable.never();
                    }
                })
                .test();

                final TestException ex1 = new TestException();

                Runnable r1 = new Runnable() {
                    @Override
                    public void run() {
                        ps1.onError(ex1);
                    }
                };

                final TestException ex2 = new TestException();

                Runnable r2 = new Runnable() {
                    @Override
                    public void run() {
                        ps2.onError(ex2);
                    }
                };

                TestHelper.race(r1, r2);

                for (Throwable e : errors) {
                    assertTrue(e.toString(), e instanceof TestException);
                }
            } finally {
                RxJavaPlugins.reset();
            }
        }
    }","@Test
    public void outerInnerErrorRace() {
        for (int i = 0; i < 5000; i++) {
            List<Throwable> errors = TestHelper.trackPluginErrors();
            try {

                final PublishSubject<Integer> ps1 = PublishSubject.create();
                final PublishSubject<Integer> ps2 = PublishSubject.create();

                ps1.switchMap(new Function<Integer, ObservableSource<Integer>>() {
                    @Override
                    public ObservableSource<Integer> apply(Integer v) throws Exception {
                        if (v == 1) {
                            return ps2;
                        }
                        return Observable.never();
                    }
                })
                .test();

                ps1.onNext(1);

                final TestException ex1 = new TestException();

                Runnable r1 = new Runnable() {
                    @Override
                    public void run() {
                        ps1.onError(ex1);
                    }
                };

                final TestException ex2 = new TestException();

                Runnable r2 = new Runnable() {
                    @Override
                    public void run() {
                        ps2.onError(ex2);
                    }
                };

                TestHelper.race(r1, r2);

                for (Throwable e : errors) {
                    assertTrue(e.getCause().toString(), e.getCause() instanceof TestException);
                }
            } finally {
                RxJavaPlugins.reset();
            }
        }
    }","--- pre
+++ post
@@ -1,5 +1,5 @@
 @Test
     public void outerInnerErrorRace() {
-        for (int i = 0; i < 500; i++) {
+        for (int i = 0; i < 5000; i++) {
             List<Throwable> errors = TestHelper.trackPluginErrors();
             try {
@@ -18,4 +18,6 @@
                 })
                 .test();
+
+                ps1.onNext(1);
 
                 final TestException ex1 = new TestException();
@@ -40,5 +42,5 @@
 
                 for (Throwable e : errors) {
-                    assertTrue(e.toString(), e instanceof TestException);
+                    assertTrue(e.getCause().toString(), e.getCause() instanceof TestException);
                 }
             } finally {"
ReactiveX_RxJava,ReactiveX/RxJava,TestSchedulers.testSchedulingWithDueTime,rxjava-core/src/test/java/rx/concurrency/TestSchedulers.java,dbfc9b746c94e0112e881ab278415d7f80354536,update counter before triggering latch,concurrency,True,271.0,214,214,4,False,0.018691588785046728,False,cue_neutral,0,0,{},{},"@Test
    public void testSchedulingWithDueTime() throws InterruptedException {

        final CountDownLatch latch = new CountDownLatch(5);
        final AtomicInteger counter = new AtomicInteger();

        long start = System.currentTimeMillis();

        Schedulers.threadPoolForComputation().schedule(null, new Func2<Scheduler, String, Subscription>() {

            @Override
            public Subscription call(Scheduler scheduler, String state) {
                System.out.println(""doing work"");
                latch.countDown();
                counter.incrementAndGet();
                if (latch.getCount() == 0) {
                    return Subscriptions.empty();
                } else {
                    return scheduler.schedule(state, this, new Date(System.currentTimeMillis() + 50));
                }
            }
        }, new Date(System.currentTimeMillis() + 100));

        if (!latch.await(3000, TimeUnit.MILLISECONDS)) {
            fail(""didn't execute ... timed out"");
        }

        long end = System.currentTimeMillis();

        assertEquals(5, counter.get());
        if ((end - start) < 250) {
            fail(""it should have taken over 250ms since each step was scheduled 50ms in the future"");
        }
    }","@Test
    public void testSchedulingWithDueTime() throws InterruptedException {

        final CountDownLatch latch = new CountDownLatch(5);
        final AtomicInteger counter = new AtomicInteger();

        long start = System.currentTimeMillis();

        Schedulers.threadPoolForComputation().schedule(null, new Func2<Scheduler, String, Subscription>() {

            @Override
            public Subscription call(Scheduler scheduler, String state) {
                System.out.println(""doing work"");
                counter.incrementAndGet();
                latch.countDown();
                if (latch.getCount() == 0) {
                    return Subscriptions.empty();
                } else {
                    return scheduler.schedule(state, this, new Date(System.currentTimeMillis() + 50));
                }
            }
        }, new Date(System.currentTimeMillis() + 100));

        if (!latch.await(3000, TimeUnit.MILLISECONDS)) {
            fail(""didn't execute ... timed out"");
        }

        long end = System.currentTimeMillis();

        assertEquals(5, counter.get());
        if ((end - start) < 250) {
            fail(""it should have taken over 250ms since each step was scheduled 50ms in the future"");
        }
    }","--- pre
+++ post
@@ -12,6 +12,6 @@
             public Subscription call(Scheduler scheduler, String state) {
                 System.out.println(""doing work"");
+                counter.incrementAndGet();
                 latch.countDown();
-                counter.incrementAndGet();
                 if (latch.getCount() == 0) {
                     return Subscriptions.empty();"
Tencent_Firestorm,Tencent/Firestorm,HealthCheckCoordinatorGrpcTest.healthCheckTest,integration-test/common/src/test/java/com/tencent/rss/test/HealthCheckCoordinatorGrpcTest.java,5629783a9974fb4f8841f81bc99911cf1a01a1d2,[minor] Fix flaky testes in HealthCheckCoordinatorGrpcTest (#38),async wait,True,45.0,426,426,3,False,0.007042253521126761,False,cue_neutral,0,0,{},{},"@Test
  public void healthCheckTest() throws Exception {
    RssGetShuffleAssignmentsRequest request =
      new RssGetShuffleAssignmentsRequest(
          ""1"",
          1,
          1,
          1,
          1,
          Sets.newHashSet(Constants.SHUFFLE_SERVER_VERSION));
    Uninterruptibles.sleepUninterruptibly(3, TimeUnit.SECONDS);
    assertEquals(2, coordinatorClient.getShuffleServerList().getServersCount());
    List<ServerNode> nodes  = coordinators.get(0).getClusterManager()
        .getServerList(Sets.newHashSet(Constants.SHUFFLE_SERVER_VERSION));
    assertEquals(2, coordinatorClient.getShuffleServerList().getServersCount());
    assertEquals(2, nodes.size());
    RssGetShuffleAssignmentsResponse response =
        coordinatorClient.getShuffleAssignments(request);
    assertFalse(response.getPartitionToServers().isEmpty());
    for (ServerNode node : nodes) {
      assertTrue(node.isHealthy());
    }
    byte[] bytes = new byte[writeDataSize];
    new Random().nextBytes(bytes);
    try (FileOutputStream out = new FileOutputStream(tempDataFile)) {
      out.write(bytes);
    }
    Uninterruptibles.sleepUninterruptibly(3, TimeUnit.SECONDS);

    CoordinatorTestUtils.waitForRegister(coordinatorClient,2);
    nodes  = coordinators.get(0).getClusterManager()
        .getServerList(Sets.newHashSet(Constants.SHUFFLE_SERVER_VERSION));
    for (ServerNode node : nodes) {
      assertFalse(node.isHealthy());
    }
    assertEquals(0, nodes.size());
    response = coordinatorClient.getShuffleAssignments(request);
    assertEquals(ResponseStatusCode.INTERNAL_ERROR, response.getStatusCode());

    tempDataFile.delete();
    int i = 0;
    do {
      Uninterruptibles.sleepUninterruptibly(3, TimeUnit.SECONDS);
      nodes = coordinators.get(0).getClusterManager()
          .getServerList(Sets.newHashSet(Constants.SHUFFLE_SERVER_VERSION));
      i++;
      if (i == 10) {
        fail();
      }
    } while(nodes.size() != 2);
    for (ServerNode node : nodes) {
      assertTrue(node.isHealthy());
    }
    assertEquals(2, nodes.size());
    response =
        coordinatorClient.getShuffleAssignments(request);
    assertFalse(response.getPartitionToServers().isEmpty());
  }","@Test
  public void healthCheckTest() throws Exception {
    RssGetShuffleAssignmentsRequest request =
      new RssGetShuffleAssignmentsRequest(
          ""1"",
          1,
          1,
          1,
          1,
          Sets.newHashSet(Constants.SHUFFLE_SERVER_VERSION));
    Uninterruptibles.sleepUninterruptibly(5, TimeUnit.SECONDS);
    assertEquals(2, coordinatorClient.getShuffleServerList().getServersCount());
    List<ServerNode> nodes  = coordinators.get(0).getClusterManager()
        .getServerList(Sets.newHashSet(Constants.SHUFFLE_SERVER_VERSION));
    assertEquals(2, coordinatorClient.getShuffleServerList().getServersCount());
    assertEquals(2, nodes.size());
    RssGetShuffleAssignmentsResponse response =
        coordinatorClient.getShuffleAssignments(request);
    assertFalse(response.getPartitionToServers().isEmpty());
    for (ServerNode node : nodes) {
      assertTrue(node.isHealthy());
    }
    byte[] bytes = new byte[writeDataSize];
    new Random().nextBytes(bytes);
    try (FileOutputStream out = new FileOutputStream(tempDataFile)) {
      out.write(bytes);
    }
    Uninterruptibles.sleepUninterruptibly(5, TimeUnit.SECONDS);

    CoordinatorTestUtils.waitForRegister(coordinatorClient,2);
    nodes  = coordinators.get(0).getClusterManager()
        .getServerList(Sets.newHashSet(Constants.SHUFFLE_SERVER_VERSION));
    for (ServerNode node : nodes) {
      assertFalse(node.isHealthy());
    }
    assertEquals(0, nodes.size());
    response = coordinatorClient.getShuffleAssignments(request);
    assertEquals(ResponseStatusCode.INTERNAL_ERROR, response.getStatusCode());

    tempDataFile.delete();
    int i = 0;
    do {
      Uninterruptibles.sleepUninterruptibly(5, TimeUnit.SECONDS);
      nodes = coordinators.get(0).getClusterManager()
          .getServerList(Sets.newHashSet(Constants.SHUFFLE_SERVER_VERSION));
      i++;
      if (i == 10) {
        fail();
      }
    } while(nodes.size() != 2);
    for (ServerNode node : nodes) {
      assertTrue(node.isHealthy());
    }
    assertEquals(2, nodes.size());
    response =
        coordinatorClient.getShuffleAssignments(request);
    assertFalse(response.getPartitionToServers().isEmpty());
  }","--- pre
+++ post
@@ -9,5 +9,5 @@
           1,
           Sets.newHashSet(Constants.SHUFFLE_SERVER_VERSION));
-    Uninterruptibles.sleepUninterruptibly(3, TimeUnit.SECONDS);
+    Uninterruptibles.sleepUninterruptibly(5, TimeUnit.SECONDS);
     assertEquals(2, coordinatorClient.getShuffleServerList().getServersCount());
     List<ServerNode> nodes  = coordinators.get(0).getClusterManager()
@@ -26,5 +26,5 @@
       out.write(bytes);
     }
-    Uninterruptibles.sleepUninterruptibly(3, TimeUnit.SECONDS);
+    Uninterruptibles.sleepUninterruptibly(5, TimeUnit.SECONDS);
 
     CoordinatorTestUtils.waitForRegister(coordinatorClient,2);
@@ -41,5 +41,5 @@
     int i = 0;
     do {
-      Uninterruptibles.sleepUninterruptibly(3, TimeUnit.SECONDS);
+      Uninterruptibles.sleepUninterruptibly(5, TimeUnit.SECONDS);
       nodes = coordinators.get(0).getClusterManager()
           .getServerList(Sets.newHashSet(Constants.SHUFFLE_SERVER_VERSION));"
alibaba_fastjson,alibaba/fastjson,Issue1493.test_for_issue,src/test/java/com/alibaba/json/bvt/issue_1400/Issue1493.java,3ea25de368b185e3c9f3d56e46a4cfcdb9265318,fix testcase,unknown,False,,217,209,10,False,0.04608294930875576,False,cue_neutral,0,0,{},{},"public void test_for_issue() throws Exception {

        TestBean test = new TestBean();
        String stime2 = ""2017-09-22T15:08:56"";

        LocalDateTime time1 = LocalDateTime.now();
        time1 = time1.minusNanos(10L);
        System.out.println(time1.getNano());
        LocalDateTime time2 = LocalDateTime.parse(stime2);
        test.setTime1(time1);
        test.setTime2(time2);
        String t1 = JSON.toJSONString(time1, SerializerFeature.WriteDateUseDateFormat);

        String json = JSON.toJSONString(test, SerializerFeature.WriteDateUseDateFormat);
        Assert.assertEquals(""{\""time1\"":""+t1+"",\""time2\"":\""""+stime2+""\""}"",json);


        //String default_format = JSON.DEFFAULT_LOCAL_DATE_TIME_FORMAT;
        //JSON.DEFFAULT_LOCAL_DATE_TIME_FORMAT = ""yyyy-MM-dd HH:mm:ss"";
        //String stime1 = DateTimeFormatter.ofPattern(JSON.DEFFAULT_LOCAL_DATE_TIME_FORMAT, Locale.CHINA).format(time1);

        json = JSON.toJSONString(test, SerializerFeature.WriteDateUseDateFormat);
        Assert.assertEquals(""{\""time1\"":""+ JSON.toJSONString(time1, SerializerFeature.WriteDateUseDateFormat) +"",\""time2\"":\""""+stime2+""\""}"",json);


        String pattern = ""yyyy-MM-dd'T'HH:mm:ss"";
        String stime1 = DateTimeFormatter.ofPattern(pattern, Locale.CHINA).format(time1);

        json = JSON.toJSONStringWithDateFormat(test, ""yyyy-MM-dd'T'HH:mm:ss"", SerializerFeature.WriteDateUseDateFormat);
        Assert.assertEquals(""{\""time1\"":\""""+stime1+""\"",\""time2\"":\""""+stime2+""\""}"",json);

        //JSON.DEFFAULT_LOCAL_DATE_TIME_FORMAT = default_format;
    }","public void test_for_issue() throws Exception {

        TestBean test = new TestBean();
        String stime2 = ""2017-09-22T15:08:56"";

        LocalDateTime time1 = LocalDateTime.now();
        time1 = time1.minusNanos(10L);
        System.out.println(time1.getNano());
        LocalDateTime time2 = LocalDateTime.parse(stime2);
        test.setTime1(time1);
        test.setTime2(time2);
        String t1 = JSON.toJSONString(time1, SerializerFeature.WriteDateUseDateFormat);

        String json = JSON.toJSONString(test, SerializerFeature.WriteDateUseDateFormat);
        Assert.assertEquals(""{\""time1\"":""+t1+"",\""time2\"":\""2017-09-22 15:08:56\""}"",json);


        //String default_format = JSON.DEFFAULT_LOCAL_DATE_TIME_FORMAT;
        //JSON.DEFFAULT_LOCAL_DATE_TIME_FORMAT = ""yyyy-MM-dd HH:mm:ss"";
        //String stime1 = DateTimeFormatter.ofPattern(JSON.DEFFAULT_LOCAL_DATE_TIME_FORMAT, Locale.CHINA).format(time1);

        json = JSON.toJSONString(test, SerializerFeature.WriteDateUseDateFormat);
        Assert.assertEquals(""{\""time1\"":""+ JSON.toJSONString(time1, SerializerFeature.WriteDateUseDateFormat) +"",\""time2\"":\""2017-09-22 15:08:56\""}"",json);


        String pattern = ""yyyy-MM-dd'T'HH:mm:ss"";
        String stime1 = DateTimeFormatter.ofPattern(pattern, Locale.CHINA).format(time1);

        json = JSON.toJSONStringWithDateFormat(test, ""yyyy-MM-dd'T'HH:mm:ss"", SerializerFeature.WriteDateUseDateFormat);
        Assert.assertEquals(""{\""time1\"":\""""+stime1+""\"",\""time2\"":\""""+stime2+""\""}"",json);

        //JSON.DEFFAULT_LOCAL_DATE_TIME_FORMAT = default_format;
    }","--- pre
+++ post
@@ -13,5 +13,5 @@
 
         String json = JSON.toJSONString(test, SerializerFeature.WriteDateUseDateFormat);
-        Assert.assertEquals(""{\""time1\"":""+t1+"",\""time2\"":\""""+stime2+""\""}"",json);
+        Assert.assertEquals(""{\""time1\"":""+t1+"",\""time2\"":\""2017-09-22 15:08:56\""}"",json);
 
 
@@ -21,5 +21,5 @@
 
         json = JSON.toJSONString(test, SerializerFeature.WriteDateUseDateFormat);
-        Assert.assertEquals(""{\""time1\"":""+ JSON.toJSONString(time1, SerializerFeature.WriteDateUseDateFormat) +"",\""time2\"":\""""+stime2+""\""}"",json);
+        Assert.assertEquals(""{\""time1\"":""+ JSON.toJSONString(time1, SerializerFeature.WriteDateUseDateFormat) +"",\""time2\"":\""2017-09-22 15:08:56\""}"",json);
 
 "
androidx_androidx,androidx/androidx,DatabaseCallbackTest.corruptExceptionOnCreate,room/integration-tests/testapp/src/androidTest/java/androidx/room/integration/testapp/test/DatabaseCallbackTest.java,6678f5dbd45d444c648dd660ce966b6931e81eb8,Fix some flaky tests!,unknown,False,,189,187,2,False,0.010582010582010581,True,cue_neutral,0,0,{},{},"@Test
    @MediumTest
    public void corruptExceptionOnCreate() throws IOException {
        Context context = ApplicationProvider.getApplicationContext();

        TestDatabaseCallback callback = new TestDatabaseCallback();

        // Create fake DB files that will cause a SQLiteDatabaseCorruptException: SQLITE_NOTADB.
        String[] dbFiles = new String[]{""corrupted"", ""corrupted-shm"", ""corrupted-wal""};
        for (String fileName : dbFiles) {
            File dbFile = context.getDatabasePath(fileName);
            try (FileWriter fileWriter = new FileWriter(dbFile)) {
                fileWriter.write(new char[]{'p', 'o', 'i', 's', 'o', 'n'});
            }
        }

        TestDatabase db = Room.databaseBuilder(context, TestDatabase.class, ""corrupted"")
                .addCallback(callback)
                .build();

        assertFalse(callback.mCreated);
        assertFalse(callback.mOpened);

        // Should not throw a SQLiteDatabaseCorruptException, i.e. default onCorruption() was
        // executed and DB file was re-created.
        List<Integer> ids = db.getUserDao().loadIds();
        db.close();
        assertThat(ids, is(empty()));

        assertTrue(callback.mCreated);
        assertTrue(callback.mOpened);
    }","@Test
    public void corruptExceptionOnCreate() throws IOException {
        Context context = ApplicationProvider.getApplicationContext();

        TestDatabaseCallback callback = new TestDatabaseCallback();

        // Create fake DB files that will cause a SQLiteDatabaseCorruptException: SQLITE_NOTADB.
        String[] dbFiles = new String[]{""corrupted"", ""corrupted-shm"", ""corrupted-wal""};
        for (String fileName : dbFiles) {
            File dbFile = context.getDatabasePath(fileName);
            try (FileWriter fileWriter = new FileWriter(dbFile)) {
                fileWriter.write(new char[]{'p', 'o', 'i', 's', 'o', 'n'});
            }
        }

        TestDatabase db = Room.databaseBuilder(context, TestDatabase.class, ""corrupted"")
                .addCallback(callback)
                .build();

        assertFalse(callback.mCreated);
        assertFalse(callback.mOpened);

        // Should not throw a SQLiteDatabaseCorruptException, i.e. default onCorruption() was
        // executed and DB file was re-created.
        List<Integer> ids = db.getUserDao().loadIds();
        db.close();
        assertThat(ids, is(empty()));

        assertTrue(callback.mCreated);
        assertTrue(callback.mOpened);
    }","--- pre
+++ post
@@ -1,4 +1,3 @@
 @Test
-    @MediumTest
     public void corruptExceptionOnCreate() throws IOException {
         Context context = ApplicationProvider.getApplicationContext();"
androidx_androidx,androidx/androidx,DatabaseCallbackTest.createAndOpen,room/integration-tests/testapp/src/androidTest/java/androidx/room/integration/testapp/test/DatabaseCallbackTest.java,6678f5dbd45d444c648dd660ce966b6931e81eb8,Fix some flaky tests!,unknown,False,,252,250,2,False,0.007936507936507936,True,cue_neutral,0,0,{},{},"@Test
    @MediumTest
    public void createAndOpen() {
        Context context = ApplicationProvider.getApplicationContext();
        TestDatabaseCallback callback1 = new TestDatabaseCallback();
        TestDatabase db1 = null;
        TestDatabase db2 = null;
        try {
            db1 = Room.databaseBuilder(context, TestDatabase.class, ""test"")
                    .addCallback(callback1)
                    .build();
            assertFalse(callback1.mCreated);
            assertFalse(callback1.mOpened);
            User user1 = TestUtil.createUser(3);
            user1.setName(""george"");
            db1.getUserDao().insert(user1);
            assertTrue(callback1.mCreated);
            assertTrue(callback1.mOpened);
            TestDatabaseCallback callback2 = new TestDatabaseCallback();
            db2 = Room.databaseBuilder(context, TestDatabase.class, ""test"")
                    .addCallback(callback2)
                    .build();
            assertFalse(callback2.mCreated);
            assertFalse(callback2.mOpened);
            User user2 = db2.getUserDao().load(3);
            assertThat(user2.getName(), is(""george""));
            assertFalse(callback2.mCreated); // Not called; already created by db1
            assertTrue(callback2.mOpened);
        } finally {
            if (db1 != null) {
                db1.close();
            }
            if (db2 != null) {
                db2.close();
            }
            assertTrue(context.deleteDatabase(""test""));
        }
    }","@Test
    public void createAndOpen() {
        Context context = ApplicationProvider.getApplicationContext();
        TestDatabaseCallback callback1 = new TestDatabaseCallback();
        TestDatabase db1 = null;
        TestDatabase db2 = null;
        try {
            db1 = Room.databaseBuilder(context, TestDatabase.class, ""test"")
                    .addCallback(callback1)
                    .build();
            assertFalse(callback1.mCreated);
            assertFalse(callback1.mOpened);
            User user1 = TestUtil.createUser(3);
            user1.setName(""george"");
            db1.getUserDao().insert(user1);
            assertTrue(callback1.mCreated);
            assertTrue(callback1.mOpened);
            TestDatabaseCallback callback2 = new TestDatabaseCallback();
            db2 = Room.databaseBuilder(context, TestDatabase.class, ""test"")
                    .addCallback(callback2)
                    .build();
            assertFalse(callback2.mCreated);
            assertFalse(callback2.mOpened);
            User user2 = db2.getUserDao().load(3);
            assertThat(user2.getName(), is(""george""));
            assertFalse(callback2.mCreated); // Not called; already created by db1
            assertTrue(callback2.mOpened);
        } finally {
            if (db1 != null) {
                db1.close();
            }
            if (db2 != null) {
                db2.close();
            }
            assertTrue(context.deleteDatabase(""test""));
        }
    }","--- pre
+++ post
@@ -1,4 +1,3 @@
 @Test
-    @MediumTest
     public void createAndOpen() {
         Context context = ApplicationProvider.getApplicationContext();"
androidx_androidx,androidx/androidx,DatabaseCallbackTest.exceptionOnCreate,room/integration-tests/testapp/src/androidTest/java/androidx/room/integration/testapp/test/DatabaseCallbackTest.java,6678f5dbd45d444c648dd660ce966b6931e81eb8,Fix some flaky tests!,unknown,False,,141,139,2,False,0.014184397163120567,True,cue_neutral,0,0,{},{},"@Test
    @SmallTest
    public void exceptionOnCreate() {
        Context context = ApplicationProvider.getApplicationContext();
        TestDatabase db = Room.inMemoryDatabaseBuilder(context, TestDatabase.class)
                .addCallback(new RoomDatabase.Callback() {
                    boolean mIsBadInsertDone;

                    @Override
                    public void onCreate(@NonNull SupportSQLiteDatabase db) {
                        if (!mIsBadInsertDone) {
                            mIsBadInsertDone = true;
                            db.insert(""fake_table"",
                                    SQLiteDatabase.CONFLICT_NONE,
                                    new ContentValues());
                        }
                    }
                })
                .build();

        try {
            db.getUserDao().loadIds();
        } catch (SQLiteException e) {
            // Simulate user catching DB exceptions.
        }

        // Should not throw an ""IllegalStateException: attempt to re-open an already-closed""
        List<Integer> ids = db.getUserDao().loadIds();
        assertThat(ids, is(empty()));
    }","@Test
    public void exceptionOnCreate() {
        Context context = ApplicationProvider.getApplicationContext();
        TestDatabase db = Room.inMemoryDatabaseBuilder(context, TestDatabase.class)
                .addCallback(new RoomDatabase.Callback() {
                    boolean mIsBadInsertDone;

                    @Override
                    public void onCreate(@NonNull SupportSQLiteDatabase db) {
                        if (!mIsBadInsertDone) {
                            mIsBadInsertDone = true;
                            db.insert(""fake_table"",
                                    SQLiteDatabase.CONFLICT_NONE,
                                    new ContentValues());
                        }
                    }
                })
                .build();

        try {
            db.getUserDao().loadIds();
        } catch (SQLiteException e) {
            // Simulate user catching DB exceptions.
        }

        // Should not throw an ""IllegalStateException: attempt to re-open an already-closed""
        List<Integer> ids = db.getUserDao().loadIds();
        assertThat(ids, is(empty()));
    }","--- pre
+++ post
@@ -1,4 +1,3 @@
 @Test
-    @SmallTest
     public void exceptionOnCreate() {
         Context context = ApplicationProvider.getApplicationContext();"
androidx_androidx,androidx/androidx,DatabaseCallbackTest.onDestructiveMigration_calledOnUpgrade,room/integration-tests/testapp/src/androidTest/java/androidx/room/integration/testapp/test/DatabaseCallbackTest.java,6678f5dbd45d444c648dd660ce966b6931e81eb8,Fix some flaky tests!,unknown,False,,104,102,2,False,0.019230769230769232,True,cue_neutral,0,0,{},{},"@Test
    @SmallTest
    public void onDestructiveMigration_calledOnUpgrade() {
        Context context = ApplicationProvider.getApplicationContext();
        context.deleteDatabase(""products.db"");
        TestDatabaseCallback callback = new TestDatabaseCallback();
        ProductsDatabase_v2 database = Room.databaseBuilder(
                context, ProductsDatabase_v2.class, ""products.db"")
                .createFromAsset(""databases/products_v1.db"")
                .addCallback(callback)
                .fallbackToDestructiveMigration()
                .build();

        assertFalse(callback.mDestructivelyMigrated);

        // Use the database to trigger the opening and migration of the database
        ProductDao dao = database.getProductDao();
        dao.countProducts();

        assertTrue(callback.mDestructivelyMigrated);
        database.close();
    }","@Test
    public void onDestructiveMigration_calledOnUpgrade() {
        Context context = ApplicationProvider.getApplicationContext();
        context.deleteDatabase(""products.db"");
        TestDatabaseCallback callback = new TestDatabaseCallback();
        ProductsDatabase_v2 database = Room.databaseBuilder(
                context, ProductsDatabase_v2.class, ""products.db"")
                .createFromAsset(""databases/products_v1.db"")
                .addCallback(callback)
                .fallbackToDestructiveMigration()
                .build();

        assertFalse(callback.mDestructivelyMigrated);

        // Use the database to trigger the opening and migration of the database
        ProductDao dao = database.getProductDao();
        dao.countProducts();

        assertTrue(callback.mDestructivelyMigrated);
        database.close();
    }","--- pre
+++ post
@@ -1,4 +1,3 @@
 @Test
-    @SmallTest
     public void onDestructiveMigration_calledOnUpgrade() {
         Context context = ApplicationProvider.getApplicationContext();"
androidx_androidx,androidx/androidx,DatabaseCallbackTest.writeOnCreate,room/integration-tests/testapp/src/androidTest/java/androidx/room/integration/testapp/test/DatabaseCallbackTest.java,6678f5dbd45d444c648dd660ce966b6931e81eb8,Fix some flaky tests!,unknown,False,,171,169,2,False,0.011695906432748537,True,cue_neutral,0,0,{},{},"@Test
    @SmallTest
    public void writeOnCreate() {
        Context context = ApplicationProvider.getApplicationContext();
        TestDatabase db = Room.inMemoryDatabaseBuilder(context, TestDatabase.class)
                .addCallback(new RoomDatabase.Callback() {
                    @Override
                    public void onCreate(@NonNull SupportSQLiteDatabase db) {
                        Cursor cursor = null;
                        try {
                            cursor = db.query(
                                    ""SELECT name FROM sqlite_master WHERE type = 'table'"");
                            ArrayList<String> names = new ArrayList<>();
                            while (cursor.moveToNext()) {
                                names.add(cursor.getString(0));
                            }
                            assertThat(names, hasItem(""User""));
                        } finally {
                            if (cursor != null) {
                                cursor.close();
                            }
                        }
                    }
                })
                .build();
        List<Integer> ids = db.getUserDao().loadIds();
        assertThat(ids, is(empty()));
    }","@Test
    public void writeOnCreate() {
        Context context = ApplicationProvider.getApplicationContext();
        TestDatabase db = Room.inMemoryDatabaseBuilder(context, TestDatabase.class)
                .addCallback(new RoomDatabase.Callback() {
                    @Override
                    public void onCreate(@NonNull SupportSQLiteDatabase db) {
                        Cursor cursor = null;
                        try {
                            cursor = db.query(
                                    ""SELECT name FROM sqlite_master WHERE type = 'table'"");
                            ArrayList<String> names = new ArrayList<>();
                            while (cursor.moveToNext()) {
                                names.add(cursor.getString(0));
                            }
                            assertThat(names, hasItem(""User""));
                        } finally {
                            if (cursor != null) {
                                cursor.close();
                            }
                        }
                    }
                })
                .build();
        List<Integer> ids = db.getUserDao().loadIds();
        assertThat(ids, is(empty()));
    }","--- pre
+++ post
@@ -1,4 +1,3 @@
 @Test
-    @SmallTest
     public void writeOnCreate() {
         Context context = ApplicationProvider.getApplicationContext();"
androidx_androidx,androidx/androidx,FirebaseJobServiceTest.testOnStopJob_ResetsWorkStatus,work/workmanager-firebase/src/androidTest/java/androidx/work/impl/background/firebase/FirebaseJobServiceTest.java,25727dfbb55bef6bb9f96f62e85af67282fdc967,Fix flaky tests.,unknown,False,,119,119,1,False,0.008403361344537815,True,cue_neutral,0,0,{},{},"@Test
    @SmallTest
    public void testOnStopJob_ResetsWorkStatus() throws InterruptedException {
        OneTimeWorkRequest work =
                new OneTimeWorkRequest.Builder(FirebaseInfiniteTestWorker.class).build();
        insertWork(work);

        JobParameters mockParams = createMockJobParameters(work.getStringId());
        mFirebaseJobService.onStartJob(mockParams);

        // TODO(sumir): Remove later.  Put here because WorkerWrapper sets state to RUNNING.
        Thread.sleep(5000L);

        WorkSpecDao workSpecDao = mDatabase.workSpecDao();
        assertThat(workSpecDao.getState(work.getStringId()), is(State.RUNNING));

        mFirebaseJobService.onStopJob(mockParams);
        assertThat(workSpecDao.getState(work.getStringId()), is(State.ENQUEUED));
    }","@Test
    @LargeTest
    public void testOnStopJob_ResetsWorkStatus() throws InterruptedException {
        OneTimeWorkRequest work =
                new OneTimeWorkRequest.Builder(FirebaseInfiniteTestWorker.class).build();
        insertWork(work);

        JobParameters mockParams = createMockJobParameters(work.getStringId());
        mFirebaseJobService.onStartJob(mockParams);

        // TODO(sumir): Remove later.  Put here because WorkerWrapper sets state to RUNNING.
        Thread.sleep(5000L);

        WorkSpecDao workSpecDao = mDatabase.workSpecDao();
        assertThat(workSpecDao.getState(work.getStringId()), is(State.RUNNING));

        mFirebaseJobService.onStopJob(mockParams);
        assertThat(workSpecDao.getState(work.getStringId()), is(State.ENQUEUED));
    }","--- pre
+++ post
@@ -1,4 +1,4 @@
 @Test
-    @SmallTest
+    @LargeTest
     public void testOnStopJob_ResetsWorkStatus() throws InterruptedException {
         OneTimeWorkRequest work ="
androidx_androidx,androidx/androidx,GridWidgetTest.testAccessibilityOfItemsBeingPushedOut,v17/leanback/tests/java/android/support/v17/leanback/widget/GridWidgetTest.java,6d65d10a40b33e52a365610cb299771178a56824,leanback: fix flaky testMoveItemToTheRight,unknown,False,,241,240,1,False,0.004149377593360996,False,cue_neutral,0,0,{},{},"@Test
    public void testAccessibilityOfItemsBeingPushedOut() throws Throwable {
        Intent intent = new Intent();
        intent.putExtra(GridActivity.EXTRA_LAYOUT_RESOURCE_ID, R.layout.horizontal_grid);
        intent.putExtra(GridActivity.EXTRA_NUM_ITEMS, 100);
        intent.putExtra(GridActivity.EXTRA_STAGGERED, false);
        mOrientation = BaseGridView.HORIZONTAL;
        mNumRows = 3;

        initActivity(intent);

        final int lastPos = mGridView.getChildAdapterPosition(
                mGridView.getChildAt(mGridView.getChildCount() - 1));
        mActivityTestRule.runOnUiThread(new Runnable() {
            @Override
            public void run() {
                mGridView.getLayoutManager().setItemPrefetchEnabled(false);
            }
        });
        final int numItemsToPushOut = mNumRows;
        mActivityTestRule.runOnUiThread(new Runnable() {
            @Override
            public void run() {
                // set longer enough so that accessibility service will initialize node
                // within setImportantForAccessibility().
                mGridView.getItemAnimator().setRemoveDuration(2000);
                mGridView.getItemAnimator().setAddDuration(2000);
                final int[] newItems = new int[numItemsToPushOut];
                final int newItemValue = mActivity.mItemLengths[0];
                for (int i = 0; i < newItems.length; i++) {
                    newItems[i] = newItemValue;
                }
                mActivity.addItems(lastPos - numItemsToPushOut + 1, newItems);
            }
        });
        waitForItemAnimation(6000);
    }","@Test
    public void testAccessibilityOfItemsBeingPushedOut() throws Throwable {
        Intent intent = new Intent();
        intent.putExtra(GridActivity.EXTRA_LAYOUT_RESOURCE_ID, R.layout.horizontal_grid);
        intent.putExtra(GridActivity.EXTRA_NUM_ITEMS, 100);
        intent.putExtra(GridActivity.EXTRA_STAGGERED, false);
        mOrientation = BaseGridView.HORIZONTAL;
        mNumRows = 3;

        initActivity(intent);

        final int lastPos = mGridView.getChildAdapterPosition(
                mGridView.getChildAt(mGridView.getChildCount() - 1));
        mActivityTestRule.runOnUiThread(new Runnable() {
            @Override
            public void run() {
                mGridView.getLayoutManager().setItemPrefetchEnabled(false);
            }
        });
        final int numItemsToPushOut = mNumRows;
        mActivityTestRule.runOnUiThread(new Runnable() {
            @Override
            public void run() {
                // set longer enough so that accessibility service will initialize node
                // within setImportantForAccessibility().
                mGridView.getItemAnimator().setRemoveDuration(2000);
                mGridView.getItemAnimator().setAddDuration(2000);
                final int[] newItems = new int[numItemsToPushOut];
                final int newItemValue = mActivity.mItemLengths[0];
                for (int i = 0; i < newItems.length; i++) {
                    newItems[i] = newItemValue;
                }
                mActivity.addItems(lastPos - numItemsToPushOut + 1, newItems);
            }
        });
        waitForItemAnimation();
    }","--- pre
+++ post
@@ -34,4 +34,4 @@
             }
         });
-        waitForItemAnimation(6000);
+        waitForItemAnimation();
     }"
androidx_androidx,androidx/androidx,GridWidgetTest.testPredictiveLayoutAdd1,v17/leanback/tests/java/android/support/v17/leanback/widget/GridWidgetTest.java,6d65d10a40b33e52a365610cb299771178a56824,leanback: fix flaky testMoveItemToTheRight,unknown,False,,90,89,1,False,0.011111111111111112,False,cue_neutral,0,0,{},{},"@Test
    public void testPredictiveLayoutAdd1() throws Throwable {
        preparePredictiveLayout();
        mActivityTestRule.runOnUiThread(new Runnable() {
            @Override
            public void run() {
                mActivity.addItems(51, new int[]{300, 300, 300, 300});
            }
        });
        waitForItemAnimationStart();
        waitForItemAnimation(5000);
        assertEquals(50, mGridView.getSelectedPosition());
        assertEquals(RecyclerView.SCROLL_STATE_IDLE, mGridView.getScrollState());
    }","@Test
    public void testPredictiveLayoutAdd1() throws Throwable {
        preparePredictiveLayout();
        mActivityTestRule.runOnUiThread(new Runnable() {
            @Override
            public void run() {
                mActivity.addItems(51, new int[]{300, 300, 300, 300});
            }
        });
        waitForItemAnimationStart();
        waitForItemAnimation();
        assertEquals(50, mGridView.getSelectedPosition());
        assertEquals(RecyclerView.SCROLL_STATE_IDLE, mGridView.getScrollState());
    }","--- pre
+++ post
@@ -9,5 +9,5 @@
         });
         waitForItemAnimationStart();
-        waitForItemAnimation(5000);
+        waitForItemAnimation();
         assertEquals(50, mGridView.getSelectedPosition());
         assertEquals(RecyclerView.SCROLL_STATE_IDLE, mGridView.getScrollState());"
androidx_androidx,androidx/androidx,GridWidgetTest.testPredictiveLayoutAdd2,v17/leanback/tests/java/android/support/v17/leanback/widget/GridWidgetTest.java,6d65d10a40b33e52a365610cb299771178a56824,leanback: fix flaky testMoveItemToTheRight,unknown,False,,90,89,1,False,0.011111111111111112,False,cue_neutral,0,0,{},{},"@Test
    public void testPredictiveLayoutAdd2() throws Throwable {
        preparePredictiveLayout();
        mActivityTestRule.runOnUiThread(new Runnable() {
            @Override
            public void run() {
                mActivity.addItems(50, new int[]{300, 300, 300, 300});
            }
        });
        waitForItemAnimationStart();
        waitForItemAnimation(5000);
        assertEquals(54, mGridView.getSelectedPosition());
        assertEquals(RecyclerView.SCROLL_STATE_IDLE, mGridView.getScrollState());
    }","@Test
    public void testPredictiveLayoutAdd2() throws Throwable {
        preparePredictiveLayout();
        mActivityTestRule.runOnUiThread(new Runnable() {
            @Override
            public void run() {
                mActivity.addItems(50, new int[]{300, 300, 300, 300});
            }
        });
        waitForItemAnimationStart();
        waitForItemAnimation();
        assertEquals(54, mGridView.getSelectedPosition());
        assertEquals(RecyclerView.SCROLL_STATE_IDLE, mGridView.getScrollState());
    }","--- pre
+++ post
@@ -9,5 +9,5 @@
         });
         waitForItemAnimationStart();
-        waitForItemAnimation(5000);
+        waitForItemAnimation();
         assertEquals(54, mGridView.getSelectedPosition());
         assertEquals(RecyclerView.SCROLL_STATE_IDLE, mGridView.getScrollState());"
androidx_androidx,androidx/androidx,GridWidgetTest.testPredictiveLayoutRemove1,v17/leanback/tests/java/android/support/v17/leanback/widget/GridWidgetTest.java,6d65d10a40b33e52a365610cb299771178a56824,leanback: fix flaky testMoveItemToTheRight,unknown,False,,78,77,1,False,0.01282051282051282,False,cue_neutral,0,0,{},{},"@Test
    public void testPredictiveLayoutRemove1() throws Throwable {
        preparePredictiveLayout();
        mActivityTestRule.runOnUiThread(new Runnable() {
            @Override
            public void run() {
                mActivity.removeItems(51, 3);
            }
        });
        waitForItemAnimationStart();
        waitForItemAnimation(5000);
        assertEquals(50, mGridView.getSelectedPosition());
        assertEquals(RecyclerView.SCROLL_STATE_IDLE, mGridView.getScrollState());
    }","@Test
    public void testPredictiveLayoutRemove1() throws Throwable {
        preparePredictiveLayout();
        mActivityTestRule.runOnUiThread(new Runnable() {
            @Override
            public void run() {
                mActivity.removeItems(51, 3);
            }
        });
        waitForItemAnimationStart();
        waitForItemAnimation();
        assertEquals(50, mGridView.getSelectedPosition());
        assertEquals(RecyclerView.SCROLL_STATE_IDLE, mGridView.getScrollState());
    }","--- pre
+++ post
@@ -9,5 +9,5 @@
         });
         waitForItemAnimationStart();
-        waitForItemAnimation(5000);
+        waitForItemAnimation();
         assertEquals(50, mGridView.getSelectedPosition());
         assertEquals(RecyclerView.SCROLL_STATE_IDLE, mGridView.getScrollState());"
androidx_androidx,androidx/androidx,GridWidgetTest.testPredictiveLayoutRemove2,v17/leanback/tests/java/android/support/v17/leanback/widget/GridWidgetTest.java,6d65d10a40b33e52a365610cb299771178a56824,leanback: fix flaky testMoveItemToTheRight,unknown,False,,78,77,1,False,0.01282051282051282,False,cue_neutral,0,0,{},{},"@Test
    public void testPredictiveLayoutRemove2() throws Throwable {
        preparePredictiveLayout();
        mActivityTestRule.runOnUiThread(new Runnable() {
            @Override
            public void run() {
                mActivity.removeItems(47, 3);
            }
        });
        waitForItemAnimationStart();
        waitForItemAnimation(5000);
        assertEquals(47, mGridView.getSelectedPosition());
        assertEquals(RecyclerView.SCROLL_STATE_IDLE, mGridView.getScrollState());
    }","@Test
    public void testPredictiveLayoutRemove2() throws Throwable {
        preparePredictiveLayout();
        mActivityTestRule.runOnUiThread(new Runnable() {
            @Override
            public void run() {
                mActivity.removeItems(47, 3);
            }
        });
        waitForItemAnimationStart();
        waitForItemAnimation();
        assertEquals(47, mGridView.getSelectedPosition());
        assertEquals(RecyclerView.SCROLL_STATE_IDLE, mGridView.getScrollState());
    }","--- pre
+++ post
@@ -9,5 +9,5 @@
         });
         waitForItemAnimationStart();
-        waitForItemAnimation(5000);
+        waitForItemAnimation();
         assertEquals(47, mGridView.getSelectedPosition());
         assertEquals(RecyclerView.SCROLL_STATE_IDLE, mGridView.getScrollState());"
androidx_androidx,androidx/androidx,GridWidgetTest.testPredictiveLayoutRemove3,v17/leanback/tests/java/android/support/v17/leanback/widget/GridWidgetTest.java,6d65d10a40b33e52a365610cb299771178a56824,leanback: fix flaky testMoveItemToTheRight,unknown,False,,78,77,1,False,0.01282051282051282,False,cue_neutral,0,0,{},{},"@Test
    public void testPredictiveLayoutRemove3() throws Throwable {
        preparePredictiveLayout();
        mActivityTestRule.runOnUiThread(new Runnable() {
            @Override
            public void run() {
                mActivity.removeItems(0, 51);
            }
        });
        waitForItemAnimationStart();
        waitForItemAnimation(5000);
        assertEquals(0, mGridView.getSelectedPosition());
        assertEquals(RecyclerView.SCROLL_STATE_IDLE, mGridView.getScrollState());
    }","@Test
    public void testPredictiveLayoutRemove3() throws Throwable {
        preparePredictiveLayout();
        mActivityTestRule.runOnUiThread(new Runnable() {
            @Override
            public void run() {
                mActivity.removeItems(0, 51);
            }
        });
        waitForItemAnimationStart();
        waitForItemAnimation();
        assertEquals(0, mGridView.getSelectedPosition());
        assertEquals(RecyclerView.SCROLL_STATE_IDLE, mGridView.getScrollState());
    }","--- pre
+++ post
@@ -9,5 +9,5 @@
         });
         waitForItemAnimationStart();
-        waitForItemAnimation(5000);
+        waitForItemAnimation();
         assertEquals(0, mGridView.getSelectedPosition());
         assertEquals(RecyclerView.SCROLL_STATE_IDLE, mGridView.getScrollState());"
androidx_androidx,androidx/androidx,MediaBrowserCompatTest.testUnsubscribeWithSubscriptionCallbackForMultipleSubscriptions,media/version-compat-tests/current/client/src/androidTest/java/android/support/mediacompat/client/MediaBrowserCompatTest.java,86c64c70d20544022759333c0c9e5da8d6148d70,Fix a flaky test of MediaBrowserCompatTest,unknown,False,,300,325,83,False,0.2553846153846154,False,cue_added,1,0,{'await': 1},{},"@Test
    @MediumTest
    @FlakyTest(bugId = 74093976)
    public void testUnsubscribeWithSubscriptionCallbackForMultipleSubscriptions() throws Exception {
        connectMediaBrowserService();
        final List<StubSubscriptionCallback> subscriptionCallbacks = new ArrayList<>();
        final int pageSize = 1;

        // Subscribe four pages, one item per page.
        for (int page = 0; page < 4; page++) {
            final StubSubscriptionCallback callback = new StubSubscriptionCallback();
            subscriptionCallbacks.add(callback);

            Bundle options = new Bundle();
            options.putInt(MediaBrowserCompat.EXTRA_PAGE, page);
            options.putInt(MediaBrowserCompat.EXTRA_PAGE_SIZE, pageSize);
            callback.reset(1);
            mMediaBrowser.subscribe(MEDIA_ID_ROOT, options, callback);
            callback.await(TIME_OUT_MS);

            // Each onChildrenLoaded() must be called.
            assertEquals(1, callback.mChildrenLoadedWithOptionCount);
        }

        // Unsubscribe existing subscriptions one-by-one.
        final int[] orderOfRemovingCallbacks = {2, 0, 3, 1};
        for (int i = 0; i < orderOfRemovingCallbacks.length; i++) {
            // Reset callbacks
            for (StubSubscriptionCallback callback : subscriptionCallbacks) {
                callback.reset(1);
            }

            // Remove one subscription
            mMediaBrowser.unsubscribe(MEDIA_ID_ROOT,
                    subscriptionCallbacks.get(orderOfRemovingCallbacks[i]));

            // Make StubMediaBrowserServiceCompat notify that the children are changed.
            callMediaBrowserServiceMethod(NOTIFY_CHILDREN_CHANGED, MEDIA_ID_ROOT,
                    getApplicationContext());
            try {
                Thread.sleep(SLEEP_MS);
            } catch (InterruptedException e) {
                fail(""Unexpected InterruptedException occurred."");
            }

            // Only the remaining subscriptionCallbacks should be called.
            for (int j = 0; j < 4; j++) {
                int childrenLoadedWithOptionsCount = subscriptionCallbacks
                        .get(orderOfRemovingCallbacks[j]).mChildrenLoadedWithOptionCount;
                if (j <= i) {
                    assertEquals(0, childrenLoadedWithOptionsCount);
                } else {
                    assertEquals(1, childrenLoadedWithOptionsCount);
                }
            }
        }
    }","@Test
    @MediumTest
    public void testUnsubscribeWithSubscriptionCallbackForMultipleSubscriptions() throws Exception {
        connectMediaBrowserService();
        final List<StubSubscriptionCallback> subscriptionCallbacks = new ArrayList<>();
        final int pageSize = 1;

        // Subscribe four pages, one item per page.
        for (int page = 0; page < 4; page++) {
            final StubSubscriptionCallback callback = new StubSubscriptionCallback();
            subscriptionCallbacks.add(callback);

            Bundle options = new Bundle();
            options.putInt(MediaBrowserCompat.EXTRA_PAGE, page);
            options.putInt(MediaBrowserCompat.EXTRA_PAGE_SIZE, pageSize);
            callback.reset(1);
            mMediaBrowser.subscribe(MEDIA_ID_ROOT, options, callback);
            callback.await(TIME_OUT_MS);

            // Each onChildrenLoaded() must be called.
            assertEquals(1, callback.mChildrenLoadedWithOptionCount);
        }

        // Unsubscribe existing subscriptions one-by-one.
        final int[] orderOfRemovingCallbacks = {2, 0, 3, 1};
        for (int i = 0; i < orderOfRemovingCallbacks.length; i++) {
            // Reset callbacks
            for (StubSubscriptionCallback callback : subscriptionCallbacks) {
                callback.reset(1);
            }

            // Remove one subscription
            mMediaBrowser.unsubscribe(MEDIA_ID_ROOT,
                    subscriptionCallbacks.get(orderOfRemovingCallbacks[i]));

            // Make StubMediaBrowserServiceCompat notify that the children are changed.
            callMediaBrowserServiceMethod(NOTIFY_CHILDREN_CHANGED, MEDIA_ID_ROOT,
                    getApplicationContext());

            // Remaining subscriptionCallbacks should be called.
            for (int j = i + 1; j < orderOfRemovingCallbacks.length; j++) {
                StubSubscriptionCallback callback = subscriptionCallbacks
                        .get(orderOfRemovingCallbacks[j]);
                callback.await(TIME_OUT_MS);
                assertEquals(1, callback.mChildrenLoadedWithOptionCount);
            }

            try {
                Thread.sleep(SLEEP_MS);
            } catch (InterruptedException e) {
                fail(""Unexpected InterruptedException occurred."");
            }

            // Removed subscriptionCallbacks should NOT be called.
            for (int j = 0; j <= i; j++) {
                StubSubscriptionCallback callback = subscriptionCallbacks
                        .get(orderOfRemovingCallbacks[j]);
                assertEquals(0, callback.mChildrenLoadedWithOptionCount);
            }
        }
    }","--- pre
+++ post
@@ -1,5 +1,4 @@
 @Test
     @MediumTest
-    @FlakyTest(bugId = 74093976)
     public void testUnsubscribeWithSubscriptionCallbackForMultipleSubscriptions() throws Exception {
         connectMediaBrowserService();
@@ -38,4 +37,13 @@
             callMediaBrowserServiceMethod(NOTIFY_CHILDREN_CHANGED, MEDIA_ID_ROOT,
                     getApplicationContext());
+
+            // Remaining subscriptionCallbacks should be called.
+            for (int j = i + 1; j < orderOfRemovingCallbacks.length; j++) {
+                StubSubscriptionCallback callback = subscriptionCallbacks
+                        .get(orderOfRemovingCallbacks[j]);
+                callback.await(TIME_OUT_MS);
+                assertEquals(1, callback.mChildrenLoadedWithOptionCount);
+            }
+
             try {
                 Thread.sleep(SLEEP_MS);
@@ -44,13 +52,9 @@
             }
 
-            // Only the remaining subscriptionCallbacks should be called.
-            for (int j = 0; j < 4; j++) {
-                int childrenLoadedWithOptionsCount = subscriptionCallbacks
-                        .get(orderOfRemovingCallbacks[j]).mChildrenLoadedWithOptionCount;
-                if (j <= i) {
-                    assertEquals(0, childrenLoadedWithOptionsCount);
-                } else {
-                    assertEquals(1, childrenLoadedWithOptionsCount);
-                }
+            // Removed subscriptionCallbacks should NOT be called.
+            for (int j = 0; j <= i; j++) {
+                StubSubscriptionCallback callback = subscriptionCallbacks
+                        .get(orderOfRemovingCallbacks[j]);
+                assertEquals(0, callback.mChildrenLoadedWithOptionCount);
             }
         }"
androidx_androidx,androidx/androidx,MediaController2Test.testGettersAfterConnected,media/src/androidTest/java/androidx/media/MediaController2Test.java,1e7820def08357c7a191557bccc34e435c9cf6d4,MediaController2Test: Fix flaky testGettersAfterConnected,unknown,False,,153,207,68,False,0.3285024154589372,False,cue_added,4,2,"{'System': 2, 'currentTimeMillis': 2}",{'time': 2},"@Test
    public void testGettersAfterConnected() throws InterruptedException {
        prepareLooper();
        final int state = MediaPlayerBase.PLAYER_STATE_PLAYING;
        final long position = 150000;
        final long bufferedPosition = 900000;
        final float speed = 0.5f;

        mPlayer.mLastPlayerState = state;
        mPlayer.mCurrentPosition = position;
        mPlayer.mBufferedPosition = bufferedPosition;
        mPlayer.mPlaybackSpeed = speed;

        long time = System.currentTimeMillis();
        MediaController2 controller = createController(mSession.getToken());
        assertEquals(state, controller.getPlayerState());
        assertEquals(bufferedPosition, controller.getBufferedPosition());
        assertEquals(speed, controller.getPlaybackSpeed());
        long elapsedTime = System.currentTimeMillis() - time;
        final long tolerance = 10;
        assertEquals(position + speed * elapsedTime, controller.getCurrentPosition(), tolerance);
    }","@Test
    public void testGettersAfterConnected() throws InterruptedException {
        prepareLooper();
        final int state = MediaPlayerBase.PLAYER_STATE_PLAYING;
        final long position = 150000;
        final long bufferedPosition = 900000;
        final float speed = 0.5f;

        mPlayer.mLastPlayerState = state;
        mPlayer.mCurrentPosition = position;
        mPlayer.mBufferedPosition = bufferedPosition;
        mPlayer.mPlaybackSpeed = speed;

        long time1 = System.currentTimeMillis();
        MediaController2 controller = createController(mSession.getToken());
        long time2 = System.currentTimeMillis();
        assertEquals(state, controller.getPlayerState());
        assertEquals(bufferedPosition, controller.getBufferedPosition());
        assertEquals(speed, controller.getPlaybackSpeed());
        long positionLowerBound = (long) (position + speed * (System.currentTimeMillis() - time2));
        long currentPosition = controller.getCurrentPosition();
        long positionUpperBound = (long) (position + speed * (System.currentTimeMillis() - time1));
        assertTrue(""curPos="" + currentPosition + "", lowerBound="" + positionLowerBound
                        + "", upperBound="" + positionUpperBound,
                positionLowerBound <= currentPosition && currentPosition <= positionUpperBound);
    }","--- pre
+++ post
@@ -12,11 +12,15 @@
         mPlayer.mPlaybackSpeed = speed;
 
-        long time = System.currentTimeMillis();
+        long time1 = System.currentTimeMillis();
         MediaController2 controller = createController(mSession.getToken());
+        long time2 = System.currentTimeMillis();
         assertEquals(state, controller.getPlayerState());
         assertEquals(bufferedPosition, controller.getBufferedPosition());
         assertEquals(speed, controller.getPlaybackSpeed());
-        long elapsedTime = System.currentTimeMillis() - time;
-        final long tolerance = 10;
-        assertEquals(position + speed * elapsedTime, controller.getCurrentPosition(), tolerance);
+        long positionLowerBound = (long) (position + speed * (System.currentTimeMillis() - time2));
+        long currentPosition = controller.getCurrentPosition();
+        long positionUpperBound = (long) (position + speed * (System.currentTimeMillis() - time1));
+        assertTrue(""curPos="" + currentPosition + "", lowerBound="" + positionLowerBound
+                        + "", upperBound="" + positionUpperBound,
+                positionLowerBound <= currentPosition && currentPosition <= positionUpperBound);
     }"
androidx_androidx,androidx/androidx,MediaPlayerTest.playbackRate,media2/player/src/androidTest/java/androidx/media2/player/MediaPlayerTest.java,990cd87a7a18dcdd9535b0c556fa93a4f0e281de,Annotate MediaPlayerTest#playbackRate() as @Ignore,unknown,False,,360,365,5,False,0.0136986301369863,True,cue_neutral,0,0,{},{},"@Test
    @LargeTest
    public void playbackRate() throws Exception {
        final int toleranceMs = 1000;
        if (!loadResource(R.raw.video_480x360_mp4_h264_1000kbps_30fps_aac_stereo_128kbps_44100hz)) {
            fail();
        }

        Future<PlayerResult> setSurfaceFuture = mPlayer.setSurface(
                mActivity.getSurfaceHolder().getSurface());
        Future<PlayerResult> prepareFuture = mPlayer.prepare();
        assertFutureSuccess(setSurfaceFuture);
        assertFutureSuccess(prepareFuture);

        float[] rates = {0.25f, 0.5f, 1.0f, 2.0f};
        for (float playbackRate : rates) {
            Future<PlayerResult> seekFuture = mPlayer.seekTo(0, MediaPlayer.SEEK_PREVIOUS_SYNC);
            Thread.sleep(1000);
            int playTime = 4000;  // The testing clip is about 10 second long.
            int privState = mPlayer.getPlayerState();

            Future<PlayerResult> setParamsFuture = mPlayer.setPlaybackParams(
                    new PlaybackParams.Builder().setSpeed(playbackRate).build());
            assertFutureSuccess(seekFuture);
            assertFutureSuccess(setParamsFuture);
            assertEquals(""setPlaybackParams() should not change player state. ""
                    + mPlayer.getPlayerState(), privState, mPlayer.getPlayerState());

            Future<PlayerResult> playFuture = mPlayer.play();
            Thread.sleep(playTime);

            PlaybackParams pbp = mPlayer.getPlaybackParams();
            assertEquals(playbackRate, pbp.getSpeed(), FLOAT_TOLERANCE);
            assertEquals(""The player should still be playing"",
                    MediaPlayer.PLAYER_STATE_PLAYING, mPlayer.getPlayerState());

            long playedMediaDurationMs = mPlayer.getCurrentPosition();
            long expectedPosition = (long) (playTime * playbackRate);
            int diff = (int) Math.abs(playedMediaDurationMs - expectedPosition);
            if (diff > toleranceMs) {
                fail(""Media player had error in playback rate "" + playbackRate
                        + "". expected position after playing "" + playTime
                        + "" was "" + expectedPosition + "", but actually "" + playedMediaDurationMs);
            }
            assertFutureSuccess(playFuture);
            assertFutureSuccess(mPlayer.pause());

            pbp = mPlayer.getPlaybackParams();
            assertEquals(""pause() should not change the playback rate property."",
                    playbackRate, pbp.getSpeed(), FLOAT_TOLERANCE);
        }
        mPlayer.reset();
    }","@Test
    @LargeTest
    @Ignore(""May be flaky if emulator runs slowly"")
    public void playbackRate() throws Exception {
        final int toleranceMs = 1000;
        if (!loadResource(R.raw.video_480x360_mp4_h264_1000kbps_30fps_aac_stereo_128kbps_44100hz)) {
            fail();
        }

        Future<PlayerResult> setSurfaceFuture = mPlayer.setSurface(
                mActivity.getSurfaceHolder().getSurface());
        Future<PlayerResult> prepareFuture = mPlayer.prepare();
        assertFutureSuccess(setSurfaceFuture);
        assertFutureSuccess(prepareFuture);

        float[] rates = {0.25f, 0.5f, 1.0f, 2.0f};
        for (float playbackRate : rates) {
            Future<PlayerResult> seekFuture = mPlayer.seekTo(0, MediaPlayer.SEEK_PREVIOUS_SYNC);
            Thread.sleep(1000);
            int playTime = 4000;  // The testing clip is about 10 second long.
            int privState = mPlayer.getPlayerState();

            Future<PlayerResult> setParamsFuture = mPlayer.setPlaybackParams(
                    new PlaybackParams.Builder().setSpeed(playbackRate).build());
            assertFutureSuccess(seekFuture);
            assertFutureSuccess(setParamsFuture);
            assertEquals(""setPlaybackParams() should not change player state. ""
                    + mPlayer.getPlayerState(), privState, mPlayer.getPlayerState());

            Future<PlayerResult> playFuture = mPlayer.play();
            Thread.sleep(playTime);

            PlaybackParams pbp = mPlayer.getPlaybackParams();
            assertEquals(playbackRate, pbp.getSpeed(), FLOAT_TOLERANCE);
            assertEquals(""The player should still be playing"",
                    MediaPlayer.PLAYER_STATE_PLAYING, mPlayer.getPlayerState());

            long playedMediaDurationMs = mPlayer.getCurrentPosition();
            long expectedPosition = (long) (playTime * playbackRate);
            int diff = (int) Math.abs(playedMediaDurationMs - expectedPosition);
            if (diff > toleranceMs) {
                fail(""Media player had error in playback rate "" + playbackRate
                        + "". expected position after playing "" + playTime
                        + "" was "" + expectedPosition + "", but actually "" + playedMediaDurationMs);
            }
            assertFutureSuccess(playFuture);
            assertFutureSuccess(mPlayer.pause());

            pbp = mPlayer.getPlaybackParams();
            assertEquals(""pause() should not change the playback rate property."",
                    playbackRate, pbp.getSpeed(), FLOAT_TOLERANCE);
        }
        mPlayer.reset();
    }","--- pre
+++ post
@@ -1,4 +1,5 @@
 @Test
     @LargeTest
+    @Ignore(""May be flaky if emulator runs slowly"")
     public void playbackRate() throws Exception {
         final int toleranceMs = 1000;"
androidx_androidx,androidx/androidx,MediaSessionCompatCallbackTest.testSetCallbackWithNull,media/version-compat-tests/current/service/src/androidTest/java/android/support/mediacompat/service/MediaSessionCompatCallbackTest.java,0c06688b4969c423282a2c01f5da21e4aa381746,Version-compat-test: Fix flaky testSetCallbackWithNull,unknown,False,,71,74,18,False,0.24324324324324326,False,cue_neutral,0,0,{},{},"@Test
    @SmallTest
    public void testSetCallbackWithNull() throws Exception {
        mSession.setActive(true);
        mCallback.reset(1);
        callTransportControlsMethod(PLAY, null, getContext(), mSession.getSessionToken());
        mSession.setCallback(null, mHandler);
        mCallback.await(WAIT_TIME_FOR_NO_RESPONSE_MS);
        assertEquals(""Callback shouldn't be called."", 0, mCallback.mOnPlayCalledCount);
    }","@Test
    @SmallTest
    public void testSetCallbackWithNull() throws Exception {
        mSession.setActive(true);
        mCallback.reset(1);
        mSession.setCallback(null, mHandler);
        callTransportControlsMethod(PLAY, null, getContext(), mSession.getSessionToken());
        assertFalse(mCallback.await(WAIT_TIME_FOR_NO_RESPONSE_MS));
        assertEquals(""Callback shouldn't be called."", 0, mCallback.mOnPlayCalledCount);
    }","--- pre
+++ post
@@ -4,7 +4,7 @@
         mSession.setActive(true);
         mCallback.reset(1);
+        mSession.setCallback(null, mHandler);
         callTransportControlsMethod(PLAY, null, getContext(), mSession.getSessionToken());
-        mSession.setCallback(null, mHandler);
-        mCallback.await(WAIT_TIME_FOR_NO_RESPONSE_MS);
+        assertFalse(mCallback.await(WAIT_TIME_FOR_NO_RESPONSE_MS));
         assertEquals(""Callback shouldn't be called."", 0, mCallback.mOnPlayCalledCount);
     }"
androidx_androidx,androidx/androidx,MultiInstanceInvalidationTest.invalidationInAnotherInstance_closed,room/integration-tests/testapp/src/androidTest/java/androidx/room/integration/testapp/test/MultiInstanceInvalidationTest.java,6678f5dbd45d444c648dd660ce966b6931e81eb8,Fix some flaky tests!,unknown,False,,273,273,2,False,0.007326007326007326,False,cue_neutral,0,0,{},{},"@Test
    public void invalidationInAnotherInstance_closed() throws Exception {
        final SampleDatabase db1 = openDatabase(true);
        final SampleDatabase db2 = openDatabase(true);
        final SampleDatabase db3 = openDatabase(true);

        final CountDownLatch invalidated1 = prepareTableObserver(db1);
        final Pair<CountDownLatch, CountDownLatch> changed1 = prepareLiveDataObserver(db1);
        final CountDownLatch invalidated2 = prepareTableObserver(db2);
        final Pair<CountDownLatch, CountDownLatch> changed2 = prepareLiveDataObserver(db2);
        final CountDownLatch invalidated3 = prepareTableObserver(db3);
        final Pair<CountDownLatch, CountDownLatch> changed3 = prepareLiveDataObserver(db3);

        db2.getCustomerDao().insert(CUSTOMER_1);

        assertTrue(invalidated1.await(3, TimeUnit.SECONDS));
        assertTrue(changed1.first.await(3, TimeUnit.SECONDS));
        assertTrue(invalidated2.await(3, TimeUnit.SECONDS));
        assertTrue(changed2.first.await(3, TimeUnit.SECONDS));
        assertTrue(invalidated3.await(3, TimeUnit.SECONDS));
        assertTrue(changed3.first.await(3, TimeUnit.SECONDS));

        db3.close();
        db2.getCustomerDao().insert(CUSTOMER_2);

        assertTrue(changed1.second.await(3, TimeUnit.SECONDS));
        assertTrue(changed2.second.await(3, TimeUnit.SECONDS));
        assertFalse(changed3.second.await(300, TimeUnit.MILLISECONDS));
    }","@Test
    public void invalidationInAnotherInstance_closed() throws Exception {
        final SampleDatabase db1 = openDatabase(true);
        final SampleDatabase db2 = openDatabase(true);
        final SampleDatabase db3 = openDatabase(true);

        final CountDownLatch invalidated1 = prepareTableObserver(db1);
        final Pair<CountDownLatch, CountDownLatch> changed1 = prepareLiveDataObserver(db1);
        final CountDownLatch invalidated2 = prepareTableObserver(db2);
        final Pair<CountDownLatch, CountDownLatch> changed2 = prepareLiveDataObserver(db2);
        final CountDownLatch invalidated3 = prepareTableObserver(db3);
        final Pair<CountDownLatch, CountDownLatch> changed3 = prepareLiveDataObserver(db3);

        db2.getCustomerDao().insert(CUSTOMER_1);

        assertTrue(invalidated1.await(3, TimeUnit.SECONDS));
        assertTrue(changed1.first.await(3, TimeUnit.SECONDS));
        assertTrue(invalidated2.await(3, TimeUnit.SECONDS));
        assertTrue(changed2.first.await(3, TimeUnit.SECONDS));
        assertTrue(invalidated3.await(3, TimeUnit.SECONDS));
        assertTrue(changed3.first.await(3, TimeUnit.SECONDS));

        db3.close();
        db2.getCustomerDao().insert(CUSTOMER_2);

        assertTrue(changed1.second.await(3, TimeUnit.SECONDS));
        assertTrue(changed2.second.await(3, TimeUnit.SECONDS));
        assertFalse(changed3.second.await(3, TimeUnit.SECONDS));
    }","--- pre
+++ post
@@ -26,4 +26,4 @@
         assertTrue(changed1.second.await(3, TimeUnit.SECONDS));
         assertTrue(changed2.second.await(3, TimeUnit.SECONDS));
-        assertFalse(changed3.second.await(300, TimeUnit.MILLISECONDS));
+        assertFalse(changed3.second.await(3, TimeUnit.SECONDS));
     }"
androidx_androidx,androidx/androidx,NetworkStateTrackerTest.handleSecurityExceptions_whenValidatingNetworkState,work/workmanager/src/androidTest/java/androidx/work/impl/constraints/trackers/NetworkStateTrackerTest.java,af04c7b233cd1f46ad67d88d5d4e1d0bce7a49b9,Fix flaky NetworkStateTrackerTest.,unknown,False,,75,75,1,False,0.013333333333333334,True,cue_neutral,0,0,{},{},"@Test
    @SmallTest
    @SdkSuppress(minSdkVersion = 24)
    public void handleSecurityExceptions_whenValidatingNetworkState() {
        Network activeNetwork = mock(Network.class);
        when(mMockConnectivityManager.getActiveNetwork()).thenReturn(activeNetwork);
        when(mMockConnectivityManager.getNetworkCapabilities(activeNetwork))
                .thenThrow(new SecurityException(""Exception""));
        assertThat(mTracker.isActiveNetworkValidated(), is(false));
    }","@Test
    @MediumTest
    @SdkSuppress(minSdkVersion = 24)
    public void handleSecurityExceptions_whenValidatingNetworkState() {
        Network activeNetwork = mock(Network.class);
        when(mMockConnectivityManager.getActiveNetwork()).thenReturn(activeNetwork);
        when(mMockConnectivityManager.getNetworkCapabilities(activeNetwork))
                .thenThrow(new SecurityException(""Exception""));
        assertThat(mTracker.isActiveNetworkValidated(), is(false));
    }","--- pre
+++ post
@@ -1,4 +1,4 @@
 @Test
-    @SmallTest
+    @MediumTest
     @SdkSuppress(minSdkVersion = 24)
     public void handleSecurityExceptions_whenValidatingNetworkState() {"
androidx_androidx,androidx/androidx,RecyclerViewBasicTest.getNanoTime,recyclerview/recyclerview/src/androidTest/java/androidx/recyclerview/widget/RecyclerViewBasicTest.java,f5ba0200eae882a87fcdc970ad53af85f4fb154d,Fixed flaky getNanoTime RV test.,unknown,False,,67,78,11,False,0.14102564102564102,False,cue_added,3,0,"{'InterruptedException': 1, 'Thread': 1, 'sleep': 1}",{},"@Test
    public void getNanoTime() {
        if (Build.VERSION.SDK_INT >= Build.VERSION_CODES.LOLLIPOP) {
            // check that it looks vaguely time-ish
            long time = mRecyclerView.getNanoTime();
            assertNotEquals(0, time);
            assertNotEquals(time, mRecyclerView.getNanoTime());
        } else {
            // expect to avoid cost of system.nanoTime on older platforms that don't do prefetch
            assertEquals(0, mRecyclerView.getNanoTime());
        }
    }","@Test
    public void getNanoTime() throws InterruptedException {
        if (Build.VERSION.SDK_INT >= Build.VERSION_CODES.LOLLIPOP) {
            // check that it looks vaguely time-ish
            long time = mRecyclerView.getNanoTime();
            assertNotEquals(0, time);

            // Sleep for 1 nano to ensure next call won't have the same measurement.
            Thread.sleep(0, 1);
            assertNotEquals(time, mRecyclerView.getNanoTime());
        } else {
            // expect to avoid cost of system.nanoTime on older platforms that don't do prefetch
            assertEquals(0, mRecyclerView.getNanoTime());
        }
    }","--- pre
+++ post
@@ -1,8 +1,11 @@
 @Test
-    public void getNanoTime() {
+    public void getNanoTime() throws InterruptedException {
         if (Build.VERSION.SDK_INT >= Build.VERSION_CODES.LOLLIPOP) {
             // check that it looks vaguely time-ish
             long time = mRecyclerView.getNanoTime();
             assertNotEquals(0, time);
+
+            // Sleep for 1 nano to ensure next call won't have the same measurement.
+            Thread.sleep(0, 1);
             assertNotEquals(time, mRecyclerView.getNanoTime());
         } else {"
androidx_androidx,androidx/androidx,WorkManagerImplTest.testGenerateCleanupCallback_deletesDanglingBlockedDependencies,background/workmanager/src/androidTest/java/android/arch/background/workmanager/impl/WorkManagerImplTest.java,83292e3a7e3a5e109e35ab6e2e6a784a37436d44,Fix some flaky tests.,unknown,False,,273,279,7,False,0.025089605734767026,False,cue_neutral,0,0,{},{},"@Test
    @SmallTest
    public void testGenerateCleanupCallback_deletesDanglingBlockedDependencies() {
        Work work1 = new Work.Builder(TestWorker.class)
                .withInitialState(FAILED)
                .withPeriodStartTime(0L)
                .build();
        Work work2 = new Work.Builder(TestWorker.class)
                .withInitialState(BLOCKED)
                .withPeriodStartTime(Long.MAX_VALUE)
                .build();
        Work work3 = new Work.Builder(TestWorker.class)
                .withInitialState(BLOCKED)
                .withPeriodStartTime(Long.MAX_VALUE)
                .build();

        insertWorkSpecAndTags(work1);
        insertWorkSpecAndTags(work2);
        insertWorkSpecAndTags(work3);

        Dependency dependency21 = new Dependency(work2.getId(), work1.getId());
        Dependency dependency32 = new Dependency(work3.getId(), work2.getId());

        DependencyDao dependencyDao = mDatabase.dependencyDao();
        dependencyDao.insertDependency(dependency21);
        dependencyDao.insertDependency(dependency32);

        SupportSQLiteOpenHelper openHelper = mDatabase.getOpenHelper();
        SupportSQLiteDatabase db = openHelper.getWritableDatabase();
        WorkDatabase.generateCleanupCallback().onOpen(db);

        WorkSpecDao workSpecDao = mDatabase.workSpecDao();
        assertThat(workSpecDao.getWorkSpec(work1.getId()), is(nullValue()));
        assertThat(workSpecDao.getWorkSpec(work2.getId()), is(nullValue()));
        assertThat(workSpecDao.getWorkSpec(work3.getId()), is(nullValue()));
    }","@Test
    @SmallTest
    public void testGenerateCleanupCallback_deletesDanglingBlockedDependencies() {
        Work work1 = new Work.Builder(TestWorker.class)
                .withInitialState(FAILED)
                .withPeriodStartTime(WorkDatabase.getPruneDate() - 1L)
                .build();
        Work work2 = new Work.Builder(TestWorker.class)
                .withInitialState(BLOCKED)
                .withPeriodStartTime(Long.MAX_VALUE)
                .build();
        Work work3 = new Work.Builder(TestWorker.class)
                .withInitialState(BLOCKED)
                .withPeriodStartTime(Long.MAX_VALUE)
                .build();

        insertWorkSpecAndTags(work1);
        insertWorkSpecAndTags(work2);
        insertWorkSpecAndTags(work3);

        Dependency dependency21 = new Dependency(work2.getId(), work1.getId());
        Dependency dependency32 = new Dependency(work3.getId(), work2.getId());

        DependencyDao dependencyDao = mDatabase.dependencyDao();
        dependencyDao.insertDependency(dependency21);
        dependencyDao.insertDependency(dependency32);

        SupportSQLiteOpenHelper openHelper = mDatabase.getOpenHelper();
        SupportSQLiteDatabase db = openHelper.getWritableDatabase();
        WorkDatabase.generateCleanupCallback().onOpen(db);

        WorkSpecDao workSpecDao = mDatabase.workSpecDao();
        assertThat(workSpecDao.getWorkSpec(work1.getId()), is(nullValue()));
        assertThat(workSpecDao.getWorkSpec(work2.getId()), is(nullValue()));
        assertThat(workSpecDao.getWorkSpec(work3.getId()), is(nullValue()));
    }","--- pre
+++ post
@@ -4,5 +4,5 @@
         Work work1 = new Work.Builder(TestWorker.class)
                 .withInitialState(FAILED)
-                .withPeriodStartTime(0L)
+                .withPeriodStartTime(WorkDatabase.getPruneDate() - 1L)
                 .build();
         Work work2 = new Work.Builder(TestWorker.class)"
androidx_androidx,androidx/androidx,WorkManagerImplTest.testGenerateCleanupCallback_deletesOldFinishedWork,background/workmanager/src/androidTest/java/android/arch/background/workmanager/impl/WorkManagerImplTest.java,83292e3a7e3a5e109e35ab6e2e6a784a37436d44,Fix some flaky tests.,unknown,False,,155,161,7,False,0.043478260869565216,False,cue_neutral,0,0,{},{},"@Test
    @SmallTest
    public void testGenerateCleanupCallback_deletesOldFinishedWork() {
        Work work1 = new Work.Builder(TestWorker.class)
                .withInitialState(SUCCEEDED)
                .withPeriodStartTime(0L)
                .build();
        Work work2 = new Work.Builder(TestWorker.class).withPeriodStartTime(Long.MAX_VALUE).build();

        insertWorkSpecAndTags(work1);
        insertWorkSpecAndTags(work2);

        SupportSQLiteOpenHelper openHelper = mDatabase.getOpenHelper();
        SupportSQLiteDatabase db = openHelper.getWritableDatabase();
        WorkDatabase.generateCleanupCallback().onOpen(db);

        WorkSpecDao workSpecDao = mDatabase.workSpecDao();
        assertThat(workSpecDao.getWorkSpec(work1.getId()), is(nullValue()));
        assertThat(workSpecDao.getWorkSpec(work2.getId()), is(not(nullValue())));
    }","@Test
    @SmallTest
    public void testGenerateCleanupCallback_deletesOldFinishedWork() {
        Work work1 = new Work.Builder(TestWorker.class)
                .withInitialState(SUCCEEDED)
                .withPeriodStartTime(WorkDatabase.getPruneDate() - 1L)
                .build();
        Work work2 = new Work.Builder(TestWorker.class).withPeriodStartTime(Long.MAX_VALUE).build();

        insertWorkSpecAndTags(work1);
        insertWorkSpecAndTags(work2);

        SupportSQLiteOpenHelper openHelper = mDatabase.getOpenHelper();
        SupportSQLiteDatabase db = openHelper.getWritableDatabase();
        WorkDatabase.generateCleanupCallback().onOpen(db);

        WorkSpecDao workSpecDao = mDatabase.workSpecDao();
        assertThat(workSpecDao.getWorkSpec(work1.getId()), is(nullValue()));
        assertThat(workSpecDao.getWorkSpec(work2.getId()), is(not(nullValue())));
    }","--- pre
+++ post
@@ -4,5 +4,5 @@
         Work work1 = new Work.Builder(TestWorker.class)
                 .withInitialState(SUCCEEDED)
-                .withPeriodStartTime(0L)
+                .withPeriodStartTime(WorkDatabase.getPruneDate() - 1L)
                 .build();
         Work work2 = new Work.Builder(TestWorker.class).withPeriodStartTime(Long.MAX_VALUE).build();"
androidx_androidx,androidx/androidx,WorkTimerTest.testStopTimer_withCleanUp,work/workmanager/src/androidTest/java/androidx/work/impl/background/systemalarm/WorkTimerTest.java,25727dfbb55bef6bb9f96f62e85af67282fdc967,Fix flaky tests.,unknown,False,,97,97,1,False,0.010309278350515464,False,cue_neutral,0,0,{},{},"@Test
    @MediumTest
    public void testStopTimer_withCleanUp() throws InterruptedException {
        TestTimeLimitExceededListener listenerSpy = spy(mListener);
        mWorkTimer.startTimer(WORKSPEC_ID_1, 100, listenerSpy);
        mWorkTimer.stopTimer(WORKSPEC_ID_1);
        Thread.sleep(100);
        verify(listenerSpy, times(0)).onTimeLimitExceeded(WORKSPEC_ID_1);
        assertThat(mWorkTimer.getTimerMap().size(), is(0));
        assertThat(mWorkTimer.getListeners().size(), is(0));
    }","@Test
    @MediumTest
    public void testStopTimer_withCleanUp() throws InterruptedException {
        TestTimeLimitExceededListener listenerSpy = spy(mListener);
        mWorkTimer.startTimer(WORKSPEC_ID_1, 100, listenerSpy);
        mWorkTimer.stopTimer(WORKSPEC_ID_1);
        Thread.sleep(200);
        verify(listenerSpy, times(0)).onTimeLimitExceeded(WORKSPEC_ID_1);
        assertThat(mWorkTimer.getTimerMap().size(), is(0));
        assertThat(mWorkTimer.getListeners().size(), is(0));
    }","--- pre
+++ post
@@ -5,5 +5,5 @@
         mWorkTimer.startTimer(WORKSPEC_ID_1, 100, listenerSpy);
         mWorkTimer.stopTimer(WORKSPEC_ID_1);
-        Thread.sleep(100);
+        Thread.sleep(200);
         verify(listenerSpy, times(0)).onTimeLimitExceeded(WORKSPEC_ID_1);
         assertThat(mWorkTimer.getTimerMap().size(), is(0));"
androidx_androidx,androidx/androidx,WorkTimerTest.testTimer_withListenerAndCleanUp,work/workmanager/src/androidTest/java/androidx/work/impl/background/systemalarm/WorkTimerTest.java,5cdc7604694626cd9e6da6c0f9523072e7d48455,Fix flaky tests.,unknown,False,,90,90,1,False,0.011111111111111112,False,cue_neutral,0,0,{},{},"@Test
    @LargeTest
    public void testTimer_withListenerAndCleanUp() throws InterruptedException {
        TestTimeLimitExceededListener listenerSpy = spy(mListener);
        mWorkTimer.startTimer(WORKSPEC_ID_1, 0, listenerSpy);
        Thread.sleep(10); // introduce a small delay
        verify(listenerSpy, times(1)).onTimeLimitExceeded(WORKSPEC_ID_1);
        assertThat(mWorkTimer.getTimerMap().size(), is(0));
        assertThat(mWorkTimer.getListeners().size(), is(0));
    }","@Test
    @LargeTest
    public void testTimer_withListenerAndCleanUp() throws InterruptedException {
        TestTimeLimitExceededListener listenerSpy = spy(mListener);
        mWorkTimer.startTimer(WORKSPEC_ID_1, 0, listenerSpy);
        Thread.sleep(100); // introduce a small delay
        verify(listenerSpy, times(1)).onTimeLimitExceeded(WORKSPEC_ID_1);
        assertThat(mWorkTimer.getTimerMap().size(), is(0));
        assertThat(mWorkTimer.getListeners().size(), is(0));
    }","--- pre
+++ post
@@ -4,5 +4,5 @@
         TestTimeLimitExceededListener listenerSpy = spy(mListener);
         mWorkTimer.startTimer(WORKSPEC_ID_1, 0, listenerSpy);
-        Thread.sleep(10); // introduce a small delay
+        Thread.sleep(100); // introduce a small delay
         verify(listenerSpy, times(1)).onTimeLimitExceeded(WORKSPEC_ID_1);
         assertThat(mWorkTimer.getTimerMap().size(), is(0));"
androidx_androidx,androidx/androidx,WorkerWrapperTest.testInterruption,work/workmanager/src/androidTest/java/androidx/work/impl/WorkerWrapperTest.java,9bcde5522983033cbe6a2bc85d80d9205208d1a6,Reduce the sleep duration in `WorkerWrapperTest`.,unknown,False,,105,105,1,False,0.009523809523809525,False,cue_neutral,0,0,{},{},"@Test
    @LargeTest
    public void testInterruption() throws InterruptedException {
        OneTimeWorkRequest work = new OneTimeWorkRequest.Builder(TestWorker.class).build();
        insertWork(work);

        WorkerWrapper workerWrapper =
                createBuilder(work.getStringId())
                        .withSchedulers(Collections.singletonList(mMockScheduler))
                        .build();
        FutureListener listener = createAndAddFutureListener(workerWrapper);
        Executors.newSingleThreadExecutor().submit(workerWrapper);
        workerWrapper.interrupt();
        Thread.sleep(6000L);
        assertThat(listener.mResult, is(true));
    }","@Test
    @LargeTest
    public void testInterruption() throws InterruptedException {
        OneTimeWorkRequest work = new OneTimeWorkRequest.Builder(TestWorker.class).build();
        insertWork(work);

        WorkerWrapper workerWrapper =
                createBuilder(work.getStringId())
                        .withSchedulers(Collections.singletonList(mMockScheduler))
                        .build();
        FutureListener listener = createAndAddFutureListener(workerWrapper);
        Executors.newSingleThreadExecutor().submit(workerWrapper);
        workerWrapper.interrupt();
        Thread.sleep(1000L);
        assertThat(listener.mResult, is(true));
    }","--- pre
+++ post
@@ -12,5 +12,5 @@
         Executors.newSingleThreadExecutor().submit(workerWrapper);
         workerWrapper.interrupt();
-        Thread.sleep(6000L);
+        Thread.sleep(1000L);
         assertThat(listener.mResult, is(true));
     }"
apache_avro,apache/avro,TestSpecificLogicalTypes.testAbilityToReadJodaRecordWrittenAsJsr310Record,lang/java/avro/src/test/java/org/apache/avro/specific/TestSpecificLogicalTypes.java,e04c2c291395339b8eb488a5e045500d366553b6,AVRO-2244 Fix flaky datetime test (#386),unknown,False,,371,357,14,False,0.03773584905660377,False,cue_neutral,0,0,{},{},"@Test
  public void testAbilityToReadJodaRecordWrittenAsJsr310Record() throws IOException {
    TestRecordWithJsr310LogicalTypes withJsr310 = new TestRecordWithJsr310LogicalTypes(
            true,
            34,
            35L,
            3.14F,
            3019.34,
            null,
            java.time.LocalDate.now(),
            java.time.LocalTime.now().truncatedTo(ChronoUnit.MILLIS),
            java.time.Instant.now().truncatedTo(ChronoUnit.MILLIS),
            new BigDecimal(123.45f).setScale(2, BigDecimal.ROUND_HALF_DOWN)
    );

    File data = write(TestRecordWithJsr310LogicalTypes.getClassSchema(), withJsr310);
    List<TestRecordWithLogicalTypes> actual = read(
        TestRecordWithLogicalTypes.getClassSchema(), data);

    Assert.assertThat(actual, is(not(empty())));
    TestRecordWithLogicalTypes withJoda = actual.get(0);

    Assert.assertThat(withJoda.getB(), is(withJsr310.getB()));
    Assert.assertThat(withJoda.getI32(), is(withJsr310.getI32()));
    Assert.assertThat(withJoda.getI64(), is(withJsr310.getI64()));
    Assert.assertThat(withJoda.getF32(), is(withJsr310.getF32()));
    Assert.assertThat(withJoda.getF64(), is(withJsr310.getF64()));
    Assert.assertThat(withJoda.getS(), is(withJsr310.getS()));
    // all of these print in the ISO-8601 format
    Assert.assertThat(withJoda.getD().toString(), is(withJsr310.getD().toString()));
    Assert.assertThat(withJoda.getT().toString(), is(withJsr310.getT().toString()));
    Assert.assertThat(withJoda.getTs().toString(), is(withJsr310.getTs().toString()));
    Assert.assertThat(withJoda.getDec(), comparesEqualTo(withJsr310.getDec()));
  }","@Test
  public void testAbilityToReadJodaRecordWrittenAsJsr310Record() throws IOException {
    TestRecordWithJsr310LogicalTypes withJsr310 = new TestRecordWithJsr310LogicalTypes(
            true,
            34,
            35L,
            3.14F,
            3019.34,
            null,
            java.time.LocalDate.now(),
            java.time.LocalTime.now(),
            java.time.Instant.now(),
            new BigDecimal(123.45f).setScale(2, BigDecimal.ROUND_HALF_DOWN)
    );

    File data = write(TestRecordWithJsr310LogicalTypes.getClassSchema(), withJsr310);
    List<TestRecordWithLogicalTypes> actual = read(
        TestRecordWithLogicalTypes.getClassSchema(), data);

    Assert.assertThat(actual, is(not(empty())));
    TestRecordWithLogicalTypes withJoda = actual.get(0);

    Assert.assertThat(withJoda.getB(), is(withJsr310.getB()));
    Assert.assertThat(withJoda.getI32(), is(withJsr310.getI32()));
    Assert.assertThat(withJoda.getI64(), is(withJsr310.getI64()));
    Assert.assertThat(withJoda.getF32(), is(withJsr310.getF32()));
    Assert.assertThat(withJoda.getF64(), is(withJsr310.getF64()));
    Assert.assertThat(withJoda.getS(), is(withJsr310.getS()));
    // all of these print in the ISO-8601 format
    Assert.assertThat(withJoda.getD().toString(), is(withJsr310.getD().toString()));
    Assert.assertThat(withJoda.getT().toString(), is(withJsr310.getT().toString()));
    Assert.assertThat(withJoda.getTs().toString(), is(withJsr310.getTs().toString()));
    Assert.assertThat(withJoda.getDec(), comparesEqualTo(withJsr310.getDec()));
  }","--- pre
+++ post
@@ -9,6 +9,6 @@
             null,
             java.time.LocalDate.now(),
-            java.time.LocalTime.now().truncatedTo(ChronoUnit.MILLIS),
-            java.time.Instant.now().truncatedTo(ChronoUnit.MILLIS),
+            java.time.LocalTime.now(),
+            java.time.Instant.now(),
             new BigDecimal(123.45f).setScale(2, BigDecimal.ROUND_HALF_DOWN)
     );"
apache_avro,apache/avro,TestSpecificLogicalTypes.testAbilityToReadJsr310RecordWrittenAsJodaRecord,lang/java/avro/src/test/java/org/apache/avro/specific/TestSpecificLogicalTypes.java,e04c2c291395339b8eb488a5e045500d366553b6,AVRO-2244 Fix flaky datetime test (#386),unknown,False,,370,386,18,False,0.046632124352331605,False,cue_added,2,1,"{'System': 1, 'currentTimeMillis': 1}",{'now': 1},"@Test
  public void testAbilityToReadJsr310RecordWrittenAsJodaRecord() throws IOException {
    TestRecordWithLogicalTypes withJoda = new TestRecordWithLogicalTypes(
            true,
            34,
            35L,
            3.14F,
            3019.34,
            null,
            LocalDate.now(),
            LocalTime.now(),
            DateTime.now().withZone(DateTimeZone.UTC),
            new BigDecimal(123.45f).setScale(2, BigDecimal.ROUND_HALF_DOWN)
    );

    File data = write(TestRecordWithLogicalTypes.getClassSchema(), withJoda);
    List<TestRecordWithJsr310LogicalTypes> actual = read(
        TestRecordWithJsr310LogicalTypes.getClassSchema(), data);

    Assert.assertThat(actual, is(not(empty())));
    TestRecordWithJsr310LogicalTypes withJsr310 = actual.get(0);

    Assert.assertThat(withJsr310.getB(), is(withJoda.getB()));
    Assert.assertThat(withJsr310.getI32(), is(withJoda.getI32()));
    Assert.assertThat(withJsr310.getI64(), is(withJoda.getI64()));
    Assert.assertThat(withJsr310.getF32(), is(withJoda.getF32()));
    Assert.assertThat(withJsr310.getF64(), is(withJoda.getF64()));
    Assert.assertThat(withJsr310.getS(), is(withJoda.getS()));

    Assert.assertThat(ISO_LOCAL_DATE.format(withJsr310.getD()), is(ISODateTimeFormat.date().print(withJoda.getD())));
    Assert.assertThat(ISO_LOCAL_TIME.format(withJsr310.getT()), is(ISODateTimeFormat.time().print(withJoda.getT())));
    Assert.assertThat(ISO_INSTANT.format(withJsr310.getTs()), is(ISODateTimeFormat.dateTime().print(withJoda.getTs())));
    Assert.assertThat(withJsr310.getDec(), comparesEqualTo(withJoda.getDec()));
  }","@Test
  public void testAbilityToReadJsr310RecordWrittenAsJodaRecord() throws IOException {

    TestRecordWithLogicalTypes withJoda = new TestRecordWithLogicalTypes(
            true,
            34,
            35L,
            3.14F,
            3019.34,
            null,
            LocalDate.now(),
            LocalTime.now(),
            // There is no reliable way to get fixed width string from ISO_INSTANT below
            // for granularity less than one second second.
            new DateTime((System.currentTimeMillis() / 1000) * 1000,
                    ISOChronology.getInstance()).withZone(DateTimeZone.UTC),
            new BigDecimal(123.45f).setScale(2, BigDecimal.ROUND_HALF_DOWN)
    );

    File data = write(TestRecordWithLogicalTypes.getClassSchema(), withJoda);
    List<TestRecordWithJsr310LogicalTypes> actual = read(
        TestRecordWithJsr310LogicalTypes.getClassSchema(), data);

    Assert.assertThat(actual, is(not(empty())));
    TestRecordWithJsr310LogicalTypes withJsr310 = actual.get(0);

    Assert.assertThat(withJsr310.getB(), is(withJoda.getB()));
    Assert.assertThat(withJsr310.getI32(), is(withJoda.getI32()));
    Assert.assertThat(withJsr310.getI64(), is(withJoda.getI64()));
    Assert.assertThat(withJsr310.getF32(), is(withJoda.getF32()));
    Assert.assertThat(withJsr310.getF64(), is(withJoda.getF64()));
    Assert.assertThat(withJsr310.getS(), is(withJoda.getS()));

    Assert.assertThat(ISO_LOCAL_DATE.format(withJsr310.getD()), is(ISODateTimeFormat.date().print(withJoda.getD())));
    Assert.assertThat(ISO_LOCAL_TIME.format(withJsr310.getT()), is(ISODateTimeFormat.time().print(withJoda.getT())));
    Assert.assertThat(ISO_INSTANT.format(withJsr310.getTs()), is(ISODateTimeFormat.dateTimeNoMillis().print(withJoda.getTs())));
    Assert.assertThat(withJsr310.getDec(), comparesEqualTo(withJoda.getDec()));
  }","--- pre
+++ post
@@ -1,4 +1,5 @@
 @Test
   public void testAbilityToReadJsr310RecordWrittenAsJodaRecord() throws IOException {
+
     TestRecordWithLogicalTypes withJoda = new TestRecordWithLogicalTypes(
             true,
@@ -10,5 +11,8 @@
             LocalDate.now(),
             LocalTime.now(),
-            DateTime.now().withZone(DateTimeZone.UTC),
+            // There is no reliable way to get fixed width string from ISO_INSTANT below
+            // for granularity less than one second second.
+            new DateTime((System.currentTimeMillis() / 1000) * 1000,
+                    ISOChronology.getInstance()).withZone(DateTimeZone.UTC),
             new BigDecimal(123.45f).setScale(2, BigDecimal.ROUND_HALF_DOWN)
     );
@@ -30,5 +34,5 @@
     Assert.assertThat(ISO_LOCAL_DATE.format(withJsr310.getD()), is(ISODateTimeFormat.date().print(withJoda.getD())));
     Assert.assertThat(ISO_LOCAL_TIME.format(withJsr310.getT()), is(ISODateTimeFormat.time().print(withJoda.getT())));
-    Assert.assertThat(ISO_INSTANT.format(withJsr310.getTs()), is(ISODateTimeFormat.dateTime().print(withJoda.getTs())));
+    Assert.assertThat(ISO_INSTANT.format(withJsr310.getTs()), is(ISODateTimeFormat.dateTimeNoMillis().print(withJoda.getTs())));
     Assert.assertThat(withJsr310.getDec(), comparesEqualTo(withJoda.getDec()));
   }"
apache_avro,apache/avro,TestSpecificLogicalTypes.testRecordWithJsr310LogicalTypes,lang/java/avro/src/test/java/org/apache/avro/specific/TestSpecificLogicalTypes.java,e04c2c291395339b8eb488a5e045500d366553b6,AVRO-2244 Fix flaky datetime test (#386),unknown,False,,136,122,14,False,0.10294117647058823,False,cue_neutral,0,0,{},{},"@Test
  public void testRecordWithJsr310LogicalTypes() throws IOException {
    TestRecordWithJsr310LogicalTypes record = new TestRecordWithJsr310LogicalTypes(
        true,
        34,
        35L,
        3.14F,
        3019.34,
        null,
        java.time.LocalDate.now(),
        java.time.LocalTime.now().truncatedTo(ChronoUnit.MILLIS),
        java.time.Instant.now().truncatedTo(ChronoUnit.MILLIS),
        new BigDecimal(123.45f).setScale(2, BigDecimal.ROUND_HALF_DOWN)
    );

    File data = write(TestRecordWithJsr310LogicalTypes.getClassSchema(), record);
    List<TestRecordWithJsr310LogicalTypes> actual = read(
        TestRecordWithJsr310LogicalTypes.getClassSchema(), data);

    Assert.assertEquals(""Should match written record"", record, actual.get(0));
  }","@Test
  public void testRecordWithJsr310LogicalTypes() throws IOException {
    TestRecordWithJsr310LogicalTypes record = new TestRecordWithJsr310LogicalTypes(
        true,
        34,
        35L,
        3.14F,
        3019.34,
        null,
        java.time.LocalDate.now(),
        java.time.LocalTime.now(),
        java.time.Instant.now(),
        new BigDecimal(123.45f).setScale(2, BigDecimal.ROUND_HALF_DOWN)
    );

    File data = write(TestRecordWithJsr310LogicalTypes.getClassSchema(), record);
    List<TestRecordWithJsr310LogicalTypes> actual = read(
        TestRecordWithJsr310LogicalTypes.getClassSchema(), data);

    Assert.assertEquals(""Should match written record"", record, actual.get(0));
  }","--- pre
+++ post
@@ -9,6 +9,6 @@
         null,
         java.time.LocalDate.now(),
-        java.time.LocalTime.now().truncatedTo(ChronoUnit.MILLIS),
-        java.time.Instant.now().truncatedTo(ChronoUnit.MILLIS),
+        java.time.LocalTime.now(),
+        java.time.Instant.now(),
         new BigDecimal(123.45f).setScale(2, BigDecimal.ROUND_HALF_DOWN)
     );"
apache_beam,apache/beam,BeamFnControlServiceTest.testClientConnecting,runners/google-cloud-dataflow-java/worker/src/test/java/org/apache/beam/runners/dataflow/worker/fn/BeamFnControlServiceTest.java,7bf73186f50f71c648bc045362a3cfdc1caf43f6,[BEAM-5709] Fix flaky tests in BeamFnControlServiceTest.,unknown,False,,177,184,7,False,0.03804347826086957,False,cue_added,2,0,"{'Thread': 1, 'sleep': 1}",{},"@Test
  public void testClientConnecting() throws Exception {
    PipelineOptions options = PipelineOptionsFactory.create();
    Endpoints.ApiServiceDescriptor descriptor = findOpenPort();
    BeamFnControlService service =
        new BeamFnControlService(
            descriptor,
            ServerStreamObserverFactory.fromOptions(options)::from,
            GrpcContextHeaderAccessorProvider.getHeaderAccessor());
    Server server =
        ServerFactory.fromOptions(options).create(descriptor, ImmutableList.of(service));
    String url = service.getApiServiceDescriptor().getUrl();
    BeamFnControlGrpc.BeamFnControlStub clientStub =
        BeamFnControlGrpc.newStub(ManagedChannelBuilder.forTarget(url).usePlaintext(true).build());

    // Connect from the client.
    clientStub.control(requestObserver);
    try (FnApiControlClient client = service.get()) {
      assertNotNull(client);
    }
    server.shutdown();
    server.awaitTermination(1, TimeUnit.SECONDS);
    server.shutdownNow();
    verify(requestObserver).onCompleted();
    verifyNoMoreInteractions(requestObserver);
  }","@Test
  public void testClientConnecting() throws Exception {
    PipelineOptions options = PipelineOptionsFactory.create();
    Endpoints.ApiServiceDescriptor descriptor = findOpenPort();
    BeamFnControlService service =
        new BeamFnControlService(
            descriptor,
            ServerStreamObserverFactory.fromOptions(options)::from,
            GrpcContextHeaderAccessorProvider.getHeaderAccessor());
    Server server =
        ServerFactory.fromOptions(options).create(descriptor, ImmutableList.of(service));
    String url = service.getApiServiceDescriptor().getUrl();
    BeamFnControlGrpc.BeamFnControlStub clientStub =
        BeamFnControlGrpc.newStub(ManagedChannelBuilder.forTarget(url).usePlaintext(true).build());

    // Connect from the client.
    clientStub.control(requestObserver);
    try (FnApiControlClient client = service.get()) {
      assertNotNull(client);
    }
    server.shutdown();
    server.awaitTermination(1, TimeUnit.SECONDS);
    server.shutdownNow();
    Thread.sleep(1000); // Wait for stub to close stream.

    verify(requestObserver).onCompleted();
    verifyNoMoreInteractions(requestObserver);
  }","--- pre
+++ post
@@ -22,4 +22,6 @@
     server.awaitTermination(1, TimeUnit.SECONDS);
     server.shutdownNow();
+    Thread.sleep(1000); // Wait for stub to close stream.
+
     verify(requestObserver).onCompleted();
     verifyNoMoreInteractions(requestObserver);"
apache_beam,apache/beam,BeamFnControlServiceTest.testMultipleClientsConnecting,runners/google-cloud-dataflow-java/worker/src/test/java/org/apache/beam/runners/dataflow/worker/fn/BeamFnControlServiceTest.java,7bf73186f50f71c648bc045362a3cfdc1caf43f6,[BEAM-5709] Fix flaky tests in BeamFnControlServiceTest.,unknown,False,,242,249,7,False,0.028112449799196786,False,cue_added,2,0,"{'Thread': 1, 'sleep': 1}",{},"@Test
  public void testMultipleClientsConnecting() throws Exception {
    PipelineOptions options = PipelineOptionsFactory.create();
    Endpoints.ApiServiceDescriptor descriptor = findOpenPort();
    BeamFnControlService service =
        new BeamFnControlService(
            descriptor,
            ServerStreamObserverFactory.fromOptions(options)::from,
            GrpcContextHeaderAccessorProvider.getHeaderAccessor());
    Server server =
        ServerFactory.fromOptions(options).create(descriptor, ImmutableList.of(service));

    String url = service.getApiServiceDescriptor().getUrl();
    BeamFnControlGrpc.BeamFnControlStub clientStub =
        BeamFnControlGrpc.newStub(ManagedChannelBuilder.forTarget(url).usePlaintext(true).build());
    BeamFnControlGrpc.BeamFnControlStub anotherClientStub =
        BeamFnControlGrpc.newStub(ManagedChannelBuilder.forTarget(url).usePlaintext(true).build());

    // Connect from the client.
    clientStub.control(requestObserver);

    // Connect again from the client.
    anotherClientStub.control(anotherRequestObserver);

    try (FnApiControlClient client = service.get()) {
      assertNotNull(client);
      try (FnApiControlClient anotherClient = service.get()) {
        assertNotNull(anotherClient);
      }
    }

    server.shutdown();
    server.awaitTermination(1, TimeUnit.SECONDS);
    server.shutdownNow();
    verify(requestObserver).onCompleted();
    verifyNoMoreInteractions(requestObserver);
    verify(anotherRequestObserver).onCompleted();
    verifyNoMoreInteractions(anotherRequestObserver);
  }","@Test
  public void testMultipleClientsConnecting() throws Exception {
    PipelineOptions options = PipelineOptionsFactory.create();
    Endpoints.ApiServiceDescriptor descriptor = findOpenPort();
    BeamFnControlService service =
        new BeamFnControlService(
            descriptor,
            ServerStreamObserverFactory.fromOptions(options)::from,
            GrpcContextHeaderAccessorProvider.getHeaderAccessor());
    Server server =
        ServerFactory.fromOptions(options).create(descriptor, ImmutableList.of(service));

    String url = service.getApiServiceDescriptor().getUrl();
    BeamFnControlGrpc.BeamFnControlStub clientStub =
        BeamFnControlGrpc.newStub(ManagedChannelBuilder.forTarget(url).usePlaintext(true).build());
    BeamFnControlGrpc.BeamFnControlStub anotherClientStub =
        BeamFnControlGrpc.newStub(ManagedChannelBuilder.forTarget(url).usePlaintext(true).build());

    // Connect from the client.
    clientStub.control(requestObserver);

    // Connect again from the client.
    anotherClientStub.control(anotherRequestObserver);

    try (FnApiControlClient client = service.get()) {
      assertNotNull(client);
      try (FnApiControlClient anotherClient = service.get()) {
        assertNotNull(anotherClient);
      }
    }

    server.shutdown();
    server.awaitTermination(1, TimeUnit.SECONDS);
    server.shutdownNow();
    Thread.sleep(1000); // Wait for stub to close stream.

    verify(requestObserver).onCompleted();
    verifyNoMoreInteractions(requestObserver);
    verify(anotherRequestObserver).onCompleted();
    verifyNoMoreInteractions(anotherRequestObserver);
  }","--- pre
+++ post
@@ -33,4 +33,6 @@
     server.awaitTermination(1, TimeUnit.SECONDS);
     server.shutdownNow();
+    Thread.sleep(1000); // Wait for stub to close stream.
+
     verify(requestObserver).onCompleted();
     verifyNoMoreInteractions(requestObserver);"
apache_beam,apache/beam,RateLimitingTest.testBacklogLimiter,sdk/src/test/java/com/google/cloud/dataflow/sdk/transforms/RateLimitingTest.java,00dc9415d8b2c7b2ceceab87b7c45a2541736c77,Fix parts of flakiness in RateLimitingTest.,unknown,False,,48,48,1,False,0.020833333333333332,False,cue_neutral,0,0,{},{},"@Test
  public void testBacklogLimiter() {
    long duration = runWithRate(2 * RateLimiting.DEFAULT_MAX_PARALLELISM,
        -1.0 /* unlimited */, new DelayFn<Integer>());

    // Should take > 2x the delay interval, since no more than half the elements
    // can be scheduled at once.
    Assert.assertThat(duration,
        greaterThan(2 * DelayFn.DELAY_MS));
  }","@Test
  public void testBacklogLimiter() {
    long duration = runWithRate(2 * RateLimiting.DEFAULT_MAX_PARALLELISM,
        -1.0 /* unlimited */, new DelayFn<Integer>());

    // Should take >= 2x the delay interval, since no more than half the
    // elements can be scheduled at once.
    Assert.assertThat(duration,
        greaterThanOrEqualTo(2 * DelayFn.DELAY_MS));
  }","--- pre
+++ post
@@ -4,7 +4,7 @@
         -1.0 /* unlimited */, new DelayFn<Integer>());
 
-    // Should take > 2x the delay interval, since no more than half the elements
-    // can be scheduled at once.
+    // Should take >= 2x the delay interval, since no more than half the
+    // elements can be scheduled at once.
     Assert.assertThat(duration,
-        greaterThan(2 * DelayFn.DELAY_MS));
+        greaterThanOrEqualTo(2 * DelayFn.DELAY_MS));
   }"
apache_beam,apache/beam,RateLimitingTest.testRateLimitingMax,sdk/src/test/java/com/google/cloud/dataflow/sdk/transforms/RateLimitingTest.java,00dc9415d8b2c7b2ceceab87b7c45a2541736c77,Fix parts of flakiness in RateLimitingTest.,unknown,False,,72,72,1,False,0.013888888888888888,False,cue_neutral,0,0,{},{},"@Test
  public void testRateLimitingMax() {
    int n = 10;
    double rate = 10.0;
    long duration = runWithRate(n, rate, new IdentityFn<Integer>());

    long perElementPause = (long) (1000L / rate);
    long minDuration = (n - 1) * perElementPause;
    Assert.assertThat(duration, greaterThan(minDuration));
  }","@Test
  public void testRateLimitingMax() {
    int n = 10;
    double rate = 10.0;
    long duration = runWithRate(n, rate, new IdentityFn<Integer>());

    long perElementPause = (long) (1000L / rate);
    long minDuration = (n - 1) * perElementPause;
    Assert.assertThat(duration, greaterThanOrEqualTo(minDuration));
  }","--- pre
+++ post
@@ -7,4 +7,4 @@
     long perElementPause = (long) (1000L / rate);
     long minDuration = (n - 1) * perElementPause;
-    Assert.assertThat(duration, greaterThan(minDuration));
+    Assert.assertThat(duration, greaterThanOrEqualTo(minDuration));
   }"
apache_camel,apache/camel,KafkaConsumerTopicIsPatternIT.kafkaTopicIsPattern,components/camel-kafka/src/test/java/org/apache/camel/component/kafka/integration/KafkaConsumerTopicIsPatternIT.java,72d202e5a38b9ee4a802d257193043b7a1fc477d,camel-kafka: fix flaky kafka test KafkaConsumerTopicIsPatternIT,test order dependency,True,19.0,162,162,1,False,0.006172839506172839,False,cue_neutral,0,0,{},{},"@Test
    public void kafkaTopicIsPattern() throws Exception {
        to.expectedMessageCount(5);
        to.expectedBodiesReceivedInAnyOrder(""message-0"", ""message-1"", ""message-2"", ""message-3"", ""message-4"");
        to.allMessages().header(KafkaConstants.TOPIC).isEqualTo(""test"");
        // The LAST_RECORD_BEFORE_COMMIT header should not be configured on any
        // exchange because autoCommitEnable=true
        to.expectedHeaderValuesReceivedInAnyOrder(KafkaConstants.LAST_RECORD_BEFORE_COMMIT, null, null, null, null, null);

        for (int k = 0; k < 5; k++) {
            String msg = ""message-"" + k;
            ProducerRecord<String, String> data = new ProducerRecord<>(TOPIC, ""1"", msg);
            producer.send(data);
        }

        to.assertIsSatisfied(3000);

        assertEquals(5, StreamSupport.stream(MockConsumerInterceptor.recordsCaptured.get(0).records(TOPIC).spliterator(), false)
                .count());
    }","@Test
    public void kafkaTopicIsPattern() throws Exception {
        to.expectedMessageCount(5);
        to.expectedBodiesReceivedInAnyOrder(""message-0"", ""message-1"", ""message-2"", ""message-3"", ""message-4"");
        to.allMessages().header(KafkaConstants.TOPIC).isEqualTo(TOPIC);
        // The LAST_RECORD_BEFORE_COMMIT header should not be configured on any
        // exchange because autoCommitEnable=true
        to.expectedHeaderValuesReceivedInAnyOrder(KafkaConstants.LAST_RECORD_BEFORE_COMMIT, null, null, null, null, null);

        for (int k = 0; k < 5; k++) {
            String msg = ""message-"" + k;
            ProducerRecord<String, String> data = new ProducerRecord<>(TOPIC, ""1"", msg);
            producer.send(data);
        }

        to.assertIsSatisfied(3000);

        assertEquals(5, StreamSupport.stream(MockConsumerInterceptor.recordsCaptured.get(0).records(TOPIC).spliterator(), false)
                .count());
    }","--- pre
+++ post
@@ -3,5 +3,5 @@
         to.expectedMessageCount(5);
         to.expectedBodiesReceivedInAnyOrder(""message-0"", ""message-1"", ""message-2"", ""message-3"", ""message-4"");
-        to.allMessages().header(KafkaConstants.TOPIC).isEqualTo(""test"");
+        to.allMessages().header(KafkaConstants.TOPIC).isEqualTo(TOPIC);
         // The LAST_RECORD_BEFORE_COMMIT header should not be configured on any
         // exchange because autoCommitEnable=true"
apache_camel,apache/camel,NettyHttpCompressTest.testContentType,components/camel-netty-http/src/test/java/org/apache/camel/component/netty/http/NettyHttpCompressTest.java,37ada72e18efbb2f29202d14389035df929d7d95,camel-netty-http - Fixed flaky test,unknown,False,,90,121,43,False,0.35537190082644626,False,cue_neutral,0,0,{},{},"@Test
    public void testContentType() throws Exception {
        byte[] data = ""Hello World"".getBytes(Charset.forName(""UTF-8""));
        Map<String, Object> headers = new HashMap<>();
        headers.put(""content-type"", ""text/plain; charset=\""UTF-8\"""");
        headers.put(""Accept-Encoding"", ""compress, gzip"");
        String out = template.requestBodyAndHeaders(""netty-http:http://localhost:{{port}}/foo?decoders=#myDecoders"", data,
                headers, String.class);
        // The decoded out has some space to clean up.
        assertEquals(""Bye World"", out.trim());
    }","@Test
    public void testContentType() throws Exception {
        byte[] data = ""Hello World"".getBytes(StandardCharsets.UTF_8);
        Map<String, Object> headers = new HashMap<>();
        headers.put(""content-type"", ""text/plain; charset=\""UTF-8\"""");
        headers.put(""Accept-Encoding"", ""compress, gzip"");
        byte[] out
                = template.requestBodyAndHeaders(""netty-http:http://localhost:{{port}}/foo"", data,
                        headers, byte[].class);
        // deflate the zip
        GZIPInputStream zis = new GZIPInputStream(new ByteArrayInputStream(out));
        String s = IOHelper.loadText(zis);
        IOHelper.close(zis);
        // The decoded out has some space to clean up.
        assertEquals(""Bye World"", s.trim());
    }","--- pre
+++ post
@@ -1,11 +1,16 @@
 @Test
     public void testContentType() throws Exception {
-        byte[] data = ""Hello World"".getBytes(Charset.forName(""UTF-8""));
+        byte[] data = ""Hello World"".getBytes(StandardCharsets.UTF_8);
         Map<String, Object> headers = new HashMap<>();
         headers.put(""content-type"", ""text/plain; charset=\""UTF-8\"""");
         headers.put(""Accept-Encoding"", ""compress, gzip"");
-        String out = template.requestBodyAndHeaders(""netty-http:http://localhost:{{port}}/foo?decoders=#myDecoders"", data,
-                headers, String.class);
+        byte[] out
+                = template.requestBodyAndHeaders(""netty-http:http://localhost:{{port}}/foo"", data,
+                        headers, byte[].class);
+        // deflate the zip
+        GZIPInputStream zis = new GZIPInputStream(new ByteArrayInputStream(out));
+        String s = IOHelper.loadText(zis);
+        IOHelper.close(zis);
         // The decoded out has some space to clean up.
-        assertEquals(""Bye World"", out.trim());
+        assertEquals(""Bye World"", s.trim());
     }"
apache_cassandra,apache/cassandra,PreviewRepairTest.testWithMismatchingPending,test/distributed/org/apache/cassandra/distributed/test/PreviewRepairTest.java,7d4c2da7427392f506deaf832f2c66fc6a358688,Fix flaky testWithMismatchingPending - org.apache.cassandra.distributed.test.PreviewRepairTest,unknown,False,,303,310,7,False,0.02258064516129032,False,cue_added,2,0,"{'Thread': 1, 'sleep': 1}",{},"@Test
    public void testWithMismatchingPending() throws Throwable
    {
        try(Cluster cluster = init(Cluster.build(2).withConfig(config -> config.with(GOSSIP).with(NETWORK)).start()))
        {
            cluster.schemaChange(""create table "" + KEYSPACE + "".tbl (id int primary key, t int)"");
            insert(cluster.coordinator(1), 0, 100);
            cluster.forEach((node) -> node.flush(KEYSPACE));
            cluster.get(1).callOnInstance(repair(options(false)));
            insert(cluster.coordinator(1), 100, 100);
            cluster.forEach((node) -> node.flush(KEYSPACE));

            // make sure that all sstables have moved to repaired by triggering a compaction
            // also disables autocompaction on the nodes
            cluster.forEach((node) -> node.runOnInstance(() -> {
                ColumnFamilyStore cfs = Keyspace.open(KEYSPACE).getColumnFamilyStore(""tbl"");
                FBUtilities.waitOnFutures(CompactionManager.instance.submitBackground(cfs));
                cfs.disableAutoCompaction();
            }));
            cluster.get(1).callOnInstance(repair(options(false)));
            // now re-enable autocompaction on node1, this moves the sstables for the new repair to repaired
            cluster.get(1).runOnInstance(() -> {
                ColumnFamilyStore cfs = Keyspace.open(KEYSPACE).getColumnFamilyStore(""tbl"");
                cfs.enableAutoCompaction();
                FBUtilities.waitOnFutures(CompactionManager.instance.submitBackground(cfs));
            });
            RepairResult rs = cluster.get(1).callOnInstance(repair(options(true)));
            assertTrue(rs.success); // preview repair should succeed
            assertFalse(rs.wasInconsistent); // and we should see no mismatches
        }
    }","@Test
    public void testWithMismatchingPending() throws Throwable
    {
        try(Cluster cluster = init(Cluster.build(2).withConfig(config -> config.with(GOSSIP).with(NETWORK)).start()))
        {
            cluster.schemaChange(""create table "" + KEYSPACE + "".tbl (id int primary key, t int)"");
            insert(cluster.coordinator(1), 0, 100);
            cluster.forEach((node) -> node.flush(KEYSPACE));
            cluster.get(1).callOnInstance(repair(options(false)));
            insert(cluster.coordinator(1), 100, 100);
            cluster.forEach((node) -> node.flush(KEYSPACE));

            // make sure that all sstables have moved to repaired by triggering a compaction
            // also disables autocompaction on the nodes
            cluster.forEach((node) -> node.runOnInstance(() -> {
                ColumnFamilyStore cfs = Keyspace.open(KEYSPACE).getColumnFamilyStore(""tbl"");
                FBUtilities.waitOnFutures(CompactionManager.instance.submitBackground(cfs));
                cfs.disableAutoCompaction();
            }));
            cluster.get(1).callOnInstance(repair(options(false)));
            // now re-enable autocompaction on node1, this moves the sstables for the new repair to repaired
            cluster.get(1).runOnInstance(() -> {
                ColumnFamilyStore cfs = Keyspace.open(KEYSPACE).getColumnFamilyStore(""tbl"");
                cfs.enableAutoCompaction();
                FBUtilities.waitOnFutures(CompactionManager.instance.submitBackground(cfs));
            });

            //IR and Preview repair can't run concurrently. In case the test is flaky, please check CASSANDRA-15685
            Thread.sleep(1000);

            RepairResult rs = cluster.get(1).callOnInstance(repair(options(true)));
            assertTrue(rs.success); // preview repair should succeed
            assertFalse(rs.wasInconsistent); // and we should see no mismatches
        }
    }","--- pre
+++ post
@@ -25,4 +25,8 @@
                 FBUtilities.waitOnFutures(CompactionManager.instance.submitBackground(cfs));
             });
+
+            //IR and Preview repair can't run concurrently. In case the test is flaky, please check CASSANDRA-15685
+            Thread.sleep(1000);
+
             RepairResult rs = cluster.get(1).callOnInstance(repair(options(true)));
             assertTrue(rs.success); // preview repair should succeed"
apache_cassandra,apache/cassandra,SSTableMetadataTest.testTrackMaxDeletionTime,test/unit/org/apache/cassandra/io/sstable/SSTableMetadataTest.java,9b32b8a4369049aec6e0848d21f524a40d2c93f1,Fix flaky SSTableMetadataTest and SSTableMetadataTrackingTest,unknown,False,,512,497,19,False,0.037109375,False,cue_neutral,0,0,{},{},"@Test
    public void testTrackMaxDeletionTime()
    {
        Keyspace keyspace = Keyspace.open(KEYSPACE1);
        ColumnFamilyStore store = keyspace.getColumnFamilyStore(""Standard1"");
        long timestamp = System.currentTimeMillis();
        for(int i = 0; i < 10; i++)
        {
            DecoratedKey key = Util.dk(Integer.toString(i));
            for (int j = 0; j < 10; j++)
                new RowUpdateBuilder(store.metadata(), timestamp, 10 + j, Integer.toString(i))
                    .clustering(Integer.toString(j))
                    .add(""val"", ByteBufferUtil.EMPTY_BYTE_BUFFER)
                    .build()
                    .applyUnsafe();

        }

        new RowUpdateBuilder(store.metadata(), timestamp, 10000, ""longttl"")
            .clustering(""col"")
            .add(""val"", ByteBufferUtil.EMPTY_BYTE_BUFFER)
            .build()
            .applyUnsafe();


        store.forceBlockingFlush();
        assertEquals(1, store.getLiveSSTables().size());
        int ttltimestamp = (int)(System.currentTimeMillis()/1000);
        int firstDelTime = 0;
        for(SSTableReader sstable : store.getLiveSSTables())
        {
            firstDelTime = sstable.getSSTableMetadata().maxLocalDeletionTime;
            assertEquals(ttltimestamp + 10000, firstDelTime, 10);

        }

        new RowUpdateBuilder(store.metadata(), timestamp, 20000, ""longttl2"")
        .clustering(""col"")
        .add(""val"", ByteBufferUtil.EMPTY_BYTE_BUFFER)
        .build()
        .applyUnsafe();


        ttltimestamp = (int) (System.currentTimeMillis()/1000);
        store.forceBlockingFlush();
        assertEquals(2, store.getLiveSSTables().size());
        List<SSTableReader> sstables = new ArrayList<>(store.getLiveSSTables());
        if(sstables.get(0).getSSTableMetadata().maxLocalDeletionTime < sstables.get(1).getSSTableMetadata().maxLocalDeletionTime)
        {
            assertEquals(sstables.get(0).getSSTableMetadata().maxLocalDeletionTime, firstDelTime);
            assertEquals(sstables.get(1).getSSTableMetadata().maxLocalDeletionTime, ttltimestamp + 20000, 10);
        }
        else
        {
            assertEquals(sstables.get(1).getSSTableMetadata().maxLocalDeletionTime, firstDelTime);
            assertEquals(sstables.get(0).getSSTableMetadata().maxLocalDeletionTime, ttltimestamp + 20000, 10);
        }

        Util.compact(store, store.getLiveSSTables());
        assertEquals(1, store.getLiveSSTables().size());
        for(SSTableReader sstable : store.getLiveSSTables())
        {
            assertEquals(sstable.getSSTableMetadata().maxLocalDeletionTime, ttltimestamp + 20000, 10);
        }
    }","@Test
    public void testTrackMaxDeletionTime()
    {
        Keyspace keyspace = Keyspace.open(KEYSPACE1);
        ColumnFamilyStore store = keyspace.getColumnFamilyStore(""Standard1"");
        long timestamp = System.currentTimeMillis();
        for (int i = 0; i < 10; i++)
        {
            for (int j = 0; j < 10; j++)
                new RowUpdateBuilder(store.metadata(), timestamp, 10 + j, Integer.toString(i))
                    .clustering(Integer.toString(j))
                    .add(""val"", ByteBufferUtil.EMPTY_BYTE_BUFFER)
                    .build()
                    .applyUnsafe();

        }

        new RowUpdateBuilder(store.metadata(), timestamp, 10000, ""longttl"")
            .clustering(""col"")
            .add(""val"", ByteBufferUtil.EMPTY_BYTE_BUFFER)
            .build()
            .applyUnsafe();

        store.forceBlockingFlush();
        assertEquals(1, store.getLiveSSTables().size());
        int ttltimestamp = (int) (System.currentTimeMillis() / 1000);
        int firstDelTime = 0;
        for (SSTableReader sstable : store.getLiveSSTables())
        {
            firstDelTime = sstable.getSSTableMetadata().maxLocalDeletionTime;
            assertEquals(ttltimestamp + 10000, firstDelTime, DELTA);

        }

        new RowUpdateBuilder(store.metadata(), timestamp, 20000, ""longttl2"")
        .clustering(""col"")
        .add(""val"", ByteBufferUtil.EMPTY_BYTE_BUFFER)
        .build()
        .applyUnsafe();

        ttltimestamp = (int) (System.currentTimeMillis() / 1000);
        store.forceBlockingFlush();
        assertEquals(2, store.getLiveSSTables().size());
        List<SSTableReader> sstables = new ArrayList<>(store.getLiveSSTables());
        if (sstables.get(0).getSSTableMetadata().maxLocalDeletionTime < sstables.get(1).getSSTableMetadata().maxLocalDeletionTime)
        {
            assertEquals(sstables.get(0).getSSTableMetadata().maxLocalDeletionTime, firstDelTime);
            assertEquals(sstables.get(1).getSSTableMetadata().maxLocalDeletionTime, ttltimestamp + 20000, DELTA);
        }
        else
        {
            assertEquals(sstables.get(1).getSSTableMetadata().maxLocalDeletionTime, firstDelTime);
            assertEquals(sstables.get(0).getSSTableMetadata().maxLocalDeletionTime, ttltimestamp + 20000, DELTA);
        }

        Util.compact(store, store.getLiveSSTables());
        assertEquals(1, store.getLiveSSTables().size());
        for (SSTableReader sstable : store.getLiveSSTables())
        {
            assertEquals(sstable.getSSTableMetadata().maxLocalDeletionTime, ttltimestamp + 20000, DELTA);
        }
    }","--- pre
+++ post
@@ -5,7 +5,6 @@
         ColumnFamilyStore store = keyspace.getColumnFamilyStore(""Standard1"");
         long timestamp = System.currentTimeMillis();
-        for(int i = 0; i < 10; i++)
+        for (int i = 0; i < 10; i++)
         {
-            DecoratedKey key = Util.dk(Integer.toString(i));
             for (int j = 0; j < 10; j++)
                 new RowUpdateBuilder(store.metadata(), timestamp, 10 + j, Integer.toString(i))
@@ -23,13 +22,12 @@
             .applyUnsafe();
 
-
         store.forceBlockingFlush();
         assertEquals(1, store.getLiveSSTables().size());
-        int ttltimestamp = (int)(System.currentTimeMillis()/1000);
+        int ttltimestamp = (int) (System.currentTimeMillis() / 1000);
         int firstDelTime = 0;
-        for(SSTableReader sstable : store.getLiveSSTables())
+        for (SSTableReader sstable : store.getLiveSSTables())
         {
             firstDelTime = sstable.getSSTableMetadata().maxLocalDeletionTime;
-            assertEquals(ttltimestamp + 10000, firstDelTime, 10);
+            assertEquals(ttltimestamp + 10000, firstDelTime, DELTA);
 
         }
@@ -41,25 +39,24 @@
         .applyUnsafe();
 
-
-        ttltimestamp = (int) (System.currentTimeMillis()/1000);
+        ttltimestamp = (int) (System.currentTimeMillis() / 1000);
         store.forceBlockingFlush();
         assertEquals(2, store.getLiveSSTables().size());
         List<SSTableReader> sstables = new ArrayList<>(store.getLiveSSTables());
-        if(sstables.get(0).getSSTableMetadata().maxLocalDeletionTime < sstables.get(1).getSSTableMetadata().maxLocalDeletionTime)
+        if (sstables.get(0).getSSTableMetadata().maxLocalDeletionTime < sstables.get(1).getSSTableMetadata().maxLocalDeletionTime)
         {
             assertEquals(sstables.get(0).getSSTableMetadata().maxLocalDeletionTime, firstDelTime);
-            assertEquals(sstables.get(1).getSSTableMetadata().maxLocalDeletionTime, ttltimestamp + 20000, 10);
+            assertEquals(sstables.get(1).getSSTableMetadata().maxLocalDeletionTime, ttltimestamp + 20000, DELTA);
         }
         else
         {
             assertEquals(sstables.get(1).getSSTableMetadata().maxLocalDeletionTime, firstDelTime);
-            assertEquals(sstables.get(0).getSSTableMetadata().maxLocalDeletionTime, ttltimestamp + 20000, 10);
+            assertEquals(sstables.get(0).getSSTableMetadata().maxLocalDeletionTime, ttltimestamp + 20000, DELTA);
         }
 
         Util.compact(store, store.getLiveSSTables());
         assertEquals(1, store.getLiveSSTables().size());
-        for(SSTableReader sstable : store.getLiveSSTables())
+        for (SSTableReader sstable : store.getLiveSSTables())
         {
-            assertEquals(sstable.getSSTableMetadata().maxLocalDeletionTime, ttltimestamp + 20000, 10);
+            assertEquals(sstable.getSSTableMetadata().maxLocalDeletionTime, ttltimestamp + 20000, DELTA);
         }
     }"
apache_cassandra,apache/cassandra,SSTableMetadataTest.testWithDeletes,test/unit/org/apache/cassandra/io/sstable/SSTableMetadataTest.java,9b32b8a4369049aec6e0848d21f524a40d2c93f1,Fix flaky SSTableMetadataTest and SSTableMetadataTrackingTest,unknown,False,,380,366,17,False,0.04473684210526316,False,cue_removed,0,1,{},{'InterruptedException': 1},"@Test
    public void testWithDeletes() throws ExecutionException, InterruptedException
    {
        Keyspace keyspace = Keyspace.open(KEYSPACE1);
        ColumnFamilyStore store = keyspace.getColumnFamilyStore(""Standard2"");
        long timestamp = System.currentTimeMillis();
        DecoratedKey key = Util.dk(""deletetest"");
        for (int i = 0; i<5; i++)
            new RowUpdateBuilder(store.metadata(), timestamp, 100, ""deletetest"")
                .clustering(""deletecolumn"" + i)
                .add(""val"", ByteBufferUtil.EMPTY_BYTE_BUFFER)
                .build()
                .applyUnsafe();


        new RowUpdateBuilder(store.metadata(), timestamp, 1000, ""deletetest"")
        .clustering(""todelete"")
        .add(""val"", ByteBufferUtil.EMPTY_BYTE_BUFFER)
        .build()
        .applyUnsafe();

        store.forceBlockingFlush();
        assertEquals(1,store.getLiveSSTables().size());
        int ttltimestamp = (int) (System.currentTimeMillis()/1000);
        int firstMaxDelTime = 0;
        for(SSTableReader sstable : store.getLiveSSTables())
        {
            firstMaxDelTime = sstable.getSSTableMetadata().maxLocalDeletionTime;
            assertEquals(ttltimestamp + 1000, firstMaxDelTime, 10);
        }

        RowUpdateBuilder.deleteRow(store.metadata(), timestamp + 1, ""deletetest"", ""todelete"").applyUnsafe();

        store.forceBlockingFlush();
        assertEquals(2,store.getLiveSSTables().size());
        boolean foundDelete = false;
        for(SSTableReader sstable : store.getLiveSSTables())
        {
            if(sstable.getSSTableMetadata().maxLocalDeletionTime != firstMaxDelTime)
            {
                assertEquals(sstable.getSSTableMetadata().maxLocalDeletionTime, ttltimestamp, 10);
                foundDelete = true;
            }
        }
        assertTrue(foundDelete);
        Util.compact(store, store.getLiveSSTables());
        assertEquals(1,store.getLiveSSTables().size());
        for(SSTableReader sstable : store.getLiveSSTables())
        {
            assertEquals(ttltimestamp + 100, sstable.getSSTableMetadata().maxLocalDeletionTime, 10);
        }
    }","@Test
    public void testWithDeletes()
    {
        Keyspace keyspace = Keyspace.open(KEYSPACE1);
        ColumnFamilyStore store = keyspace.getColumnFamilyStore(""Standard2"");
        long timestamp = System.currentTimeMillis();
        for (int i = 0; i < 5; i++)
            new RowUpdateBuilder(store.metadata(), timestamp, 100, ""deletetest"")
                .clustering(""deletecolumn"" + i)
                .add(""val"", ByteBufferUtil.EMPTY_BYTE_BUFFER)
                .build()
                .applyUnsafe();


        new RowUpdateBuilder(store.metadata(), timestamp, 1000, ""deletetest"")
        .clustering(""todelete"")
        .add(""val"", ByteBufferUtil.EMPTY_BYTE_BUFFER)
        .build()
        .applyUnsafe();

        store.forceBlockingFlush();
        assertEquals(1, store.getLiveSSTables().size());
        int ttltimestamp = (int) (System.currentTimeMillis() / 1000);
        int firstMaxDelTime = 0;
        for (SSTableReader sstable : store.getLiveSSTables())
        {
            firstMaxDelTime = sstable.getSSTableMetadata().maxLocalDeletionTime;
            assertEquals(ttltimestamp + 1000, firstMaxDelTime, DELTA);
        }

        RowUpdateBuilder.deleteRow(store.metadata(), timestamp + 1, ""deletetest"", ""todelete"").applyUnsafe();

        store.forceBlockingFlush();
        assertEquals(2, store.getLiveSSTables().size());
        boolean foundDelete = false;
        for (SSTableReader sstable : store.getLiveSSTables())
        {
            if (sstable.getSSTableMetadata().maxLocalDeletionTime != firstMaxDelTime)
            {
                assertEquals(sstable.getSSTableMetadata().maxLocalDeletionTime, ttltimestamp, DELTA);
                foundDelete = true;
            }
        }
        assertTrue(foundDelete);
        Util.compact(store, store.getLiveSSTables());
        assertEquals(1, store.getLiveSSTables().size());
        for (SSTableReader sstable : store.getLiveSSTables())
        {
            assertEquals(ttltimestamp + 100, sstable.getSSTableMetadata().maxLocalDeletionTime, DELTA);
        }
    }","--- pre
+++ post
@@ -1,10 +1,9 @@
 @Test
-    public void testWithDeletes() throws ExecutionException, InterruptedException
+    public void testWithDeletes()
     {
         Keyspace keyspace = Keyspace.open(KEYSPACE1);
         ColumnFamilyStore store = keyspace.getColumnFamilyStore(""Standard2"");
         long timestamp = System.currentTimeMillis();
-        DecoratedKey key = Util.dk(""deletetest"");
-        for (int i = 0; i<5; i++)
+        for (int i = 0; i < 5; i++)
             new RowUpdateBuilder(store.metadata(), timestamp, 100, ""deletetest"")
                 .clustering(""deletecolumn"" + i)
@@ -21,11 +20,11 @@
 
         store.forceBlockingFlush();
-        assertEquals(1,store.getLiveSSTables().size());
-        int ttltimestamp = (int) (System.currentTimeMillis()/1000);
+        assertEquals(1, store.getLiveSSTables().size());
+        int ttltimestamp = (int) (System.currentTimeMillis() / 1000);
         int firstMaxDelTime = 0;
-        for(SSTableReader sstable : store.getLiveSSTables())
+        for (SSTableReader sstable : store.getLiveSSTables())
         {
             firstMaxDelTime = sstable.getSSTableMetadata().maxLocalDeletionTime;
-            assertEquals(ttltimestamp + 1000, firstMaxDelTime, 10);
+            assertEquals(ttltimestamp + 1000, firstMaxDelTime, DELTA);
         }
 
@@ -33,11 +32,11 @@
 
         store.forceBlockingFlush();
-        assertEquals(2,store.getLiveSSTables().size());
+        assertEquals(2, store.getLiveSSTables().size());
         boolean foundDelete = false;
-        for(SSTableReader sstable : store.getLiveSSTables())
+        for (SSTableReader sstable : store.getLiveSSTables())
         {
-            if(sstable.getSSTableMetadata().maxLocalDeletionTime != firstMaxDelTime)
+            if (sstable.getSSTableMetadata().maxLocalDeletionTime != firstMaxDelTime)
             {
-                assertEquals(sstable.getSSTableMetadata().maxLocalDeletionTime, ttltimestamp, 10);
+                assertEquals(sstable.getSSTableMetadata().maxLocalDeletionTime, ttltimestamp, DELTA);
                 foundDelete = true;
             }
@@ -45,8 +44,8 @@
         assertTrue(foundDelete);
         Util.compact(store, store.getLiveSSTables());
-        assertEquals(1,store.getLiveSSTables().size());
-        for(SSTableReader sstable : store.getLiveSSTables())
+        assertEquals(1, store.getLiveSSTables().size());
+        for (SSTableReader sstable : store.getLiveSSTables())
         {
-            assertEquals(ttltimestamp + 100, sstable.getSSTableMetadata().maxLocalDeletionTime, 10);
+            assertEquals(ttltimestamp + 100, sstable.getSSTableMetadata().maxLocalDeletionTime, DELTA);
         }
     }"
apache_cassandra,apache/cassandra,SSTableMetadataTest.trackMaxMinColNames,test/unit/org/apache/cassandra/io/sstable/SSTableMetadataTest.java,9b32b8a4369049aec6e0848d21f524a40d2c93f1,Fix flaky SSTableMetadataTest and SSTableMetadataTrackingTest,unknown,False,,440,436,4,False,0.00909090909090909,False,cue_removed,0,1,{},{'InterruptedException': 1},"@Test
    public void trackMaxMinColNames() throws CharacterCodingException, ExecutionException, InterruptedException
    {
        Keyspace keyspace = Keyspace.open(KEYSPACE1);
        ColumnFamilyStore store = keyspace.getColumnFamilyStore(""Standard3"");
        for (int j = 0; j < 8; j++)
        {
            String key = ""row"" + j;
            for (int i = 100; i<150; i++)
            {
                new RowUpdateBuilder(store.metadata(), System.currentTimeMillis(), key)
                    .clustering(j + ""col"" + i)
                    .add(""val"", ByteBufferUtil.EMPTY_BYTE_BUFFER)
                    .build()
                    .applyUnsafe();
            }
        }
        store.forceBlockingFlush();
        assertEquals(1, store.getLiveSSTables().size());
        for (SSTableReader sstable : store.getLiveSSTables())
        {
            assertEquals(ByteBufferUtil.string(sstable.getSSTableMetadata().minClusteringValues.get(0)), ""0col100"");
            assertEquals(ByteBufferUtil.string(sstable.getSSTableMetadata().maxClusteringValues.get(0)), ""7col149"");
            // make sure the clustering values are minimised
            assertTrue(sstable.getSSTableMetadata().minClusteringValues.get(0).capacity() < 50);
            assertTrue(sstable.getSSTableMetadata().maxClusteringValues.get(0).capacity() < 50);
        }
        String key = ""row2"";

        for (int i = 101; i<299; i++)
        {
            new RowUpdateBuilder(store.metadata(), System.currentTimeMillis(), key)
            .clustering(9 + ""col"" + i)
            .add(""val"", ByteBufferUtil.EMPTY_BYTE_BUFFER)
            .build()
            .applyUnsafe();
        }

        store.forceBlockingFlush();
        store.forceMajorCompaction();
        assertEquals(1, store.getLiveSSTables().size());
        for (SSTableReader sstable : store.getLiveSSTables())
        {
            assertEquals(ByteBufferUtil.string(sstable.getSSTableMetadata().minClusteringValues.get(0)), ""0col100"");
            assertEquals(ByteBufferUtil.string(sstable.getSSTableMetadata().maxClusteringValues.get(0)), ""9col298"");
            // and make sure the clustering values are still minimised after compaction
            assertTrue(sstable.getSSTableMetadata().minClusteringValues.get(0).capacity() < 50);
            assertTrue(sstable.getSSTableMetadata().maxClusteringValues.get(0).capacity() < 50);
        }
    }","@Test
    public void trackMaxMinColNames() throws CharacterCodingException
    {
        Keyspace keyspace = Keyspace.open(KEYSPACE1);
        ColumnFamilyStore store = keyspace.getColumnFamilyStore(""Standard3"");
        for (int j = 0; j < 8; j++)
        {
            String key = ""row"" + j;
            for (int i = 100; i < 150; i++)
            {
                new RowUpdateBuilder(store.metadata(), System.currentTimeMillis(), key)
                    .clustering(j + ""col"" + i)
                    .add(""val"", ByteBufferUtil.EMPTY_BYTE_BUFFER)
                    .build()
                    .applyUnsafe();
            }
        }
        store.forceBlockingFlush();
        assertEquals(1, store.getLiveSSTables().size());
        for (SSTableReader sstable : store.getLiveSSTables())
        {
            assertEquals(ByteBufferUtil.string(sstable.getSSTableMetadata().minClusteringValues.get(0)), ""0col100"");
            assertEquals(ByteBufferUtil.string(sstable.getSSTableMetadata().maxClusteringValues.get(0)), ""7col149"");
            // make sure the clustering values are minimised
            assertTrue(sstable.getSSTableMetadata().minClusteringValues.get(0).capacity() < 50);
            assertTrue(sstable.getSSTableMetadata().maxClusteringValues.get(0).capacity() < 50);
        }
        String key = ""row2"";

        for (int i = 101; i < 299; i++)
        {
            new RowUpdateBuilder(store.metadata(), System.currentTimeMillis(), key)
            .clustering(9 + ""col"" + i)
            .add(""val"", ByteBufferUtil.EMPTY_BYTE_BUFFER)
            .build()
            .applyUnsafe();
        }

        store.forceBlockingFlush();
        store.forceMajorCompaction();
        assertEquals(1, store.getLiveSSTables().size());
        for (SSTableReader sstable : store.getLiveSSTables())
        {
            assertEquals(ByteBufferUtil.string(sstable.getSSTableMetadata().minClusteringValues.get(0)), ""0col100"");
            assertEquals(ByteBufferUtil.string(sstable.getSSTableMetadata().maxClusteringValues.get(0)), ""9col298"");
            // and make sure the clustering values are still minimised after compaction
            assertTrue(sstable.getSSTableMetadata().minClusteringValues.get(0).capacity() < 50);
            assertTrue(sstable.getSSTableMetadata().maxClusteringValues.get(0).capacity() < 50);
        }
    }","--- pre
+++ post
@@ -1,4 +1,4 @@
 @Test
-    public void trackMaxMinColNames() throws CharacterCodingException, ExecutionException, InterruptedException
+    public void trackMaxMinColNames() throws CharacterCodingException
     {
         Keyspace keyspace = Keyspace.open(KEYSPACE1);
@@ -7,5 +7,5 @@
         {
             String key = ""row"" + j;
-            for (int i = 100; i<150; i++)
+            for (int i = 100; i < 150; i++)
             {
                 new RowUpdateBuilder(store.metadata(), System.currentTimeMillis(), key)
@@ -28,5 +28,5 @@
         String key = ""row2"";
 
-        for (int i = 101; i<299; i++)
+        for (int i = 101; i < 299; i++)
         {
             new RowUpdateBuilder(store.metadata(), System.currentTimeMillis(), key)"
apache_cassandra,apache/cassandra,SSTableMetadataTrackingTest.testMinMaxtimestampRange,test/unit/org/apache/cassandra/cql3/validation/miscellaneous/SSTableMetadataTrackingTest.java,9b32b8a4369049aec6e0848d21f524a40d2c93f1,Fix flaky SSTableMetadataTest and SSTableMetadataTrackingTest,unknown,False,,160,160,2,False,0.0125,False,cue_neutral,0,0,{},{},"@Test
    public void testMinMaxtimestampRange() throws Throwable
    {
        createTable(""CREATE TABLE %s (a int, b int, c text, PRIMARY KEY (a, b))"");
        ColumnFamilyStore cfs = Keyspace.open(keyspace()).getColumnFamilyStore(currentTable());
        execute(""INSERT INTO %s (a,b,c) VALUES (1,1,'1') using timestamp 10000"");
        execute(""DELETE FROM %s USING TIMESTAMP 9999 WHERE a = 1 and b = 1"");
        cfs.forceBlockingFlush();
        StatsMetadata metadata = cfs.getLiveSSTables().iterator().next().getSSTableMetadata();
        assertEquals(9999, metadata.minTimestamp);
        assertEquals(10000, metadata.maxTimestamp);
        assertEquals(Integer.MAX_VALUE, metadata.maxLocalDeletionTime, 5);
        cfs.forceMajorCompaction();
        metadata = cfs.getLiveSSTables().iterator().next().getSSTableMetadata();
        assertEquals(9999, metadata.minTimestamp);
        assertEquals(10000, metadata.maxTimestamp);
        assertEquals(Integer.MAX_VALUE, metadata.maxLocalDeletionTime, 5);
    }","@Test
    public void testMinMaxtimestampRange() throws Throwable
    {
        createTable(""CREATE TABLE %s (a int, b int, c text, PRIMARY KEY (a, b))"");
        ColumnFamilyStore cfs = Keyspace.open(keyspace()).getColumnFamilyStore(currentTable());
        execute(""INSERT INTO %s (a,b,c) VALUES (1,1,'1') using timestamp 10000"");
        execute(""DELETE FROM %s USING TIMESTAMP 9999 WHERE a = 1 and b = 1"");
        cfs.forceBlockingFlush();
        StatsMetadata metadata = cfs.getLiveSSTables().iterator().next().getSSTableMetadata();
        assertEquals(9999, metadata.minTimestamp);
        assertEquals(10000, metadata.maxTimestamp);
        assertEquals(Integer.MAX_VALUE, metadata.maxLocalDeletionTime, DELTA);
        cfs.forceMajorCompaction();
        metadata = cfs.getLiveSSTables().iterator().next().getSSTableMetadata();
        assertEquals(9999, metadata.minTimestamp);
        assertEquals(10000, metadata.maxTimestamp);
        assertEquals(Integer.MAX_VALUE, metadata.maxLocalDeletionTime, DELTA);
    }","--- pre
+++ post
@@ -10,9 +10,9 @@
         assertEquals(9999, metadata.minTimestamp);
         assertEquals(10000, metadata.maxTimestamp);
-        assertEquals(Integer.MAX_VALUE, metadata.maxLocalDeletionTime, 5);
+        assertEquals(Integer.MAX_VALUE, metadata.maxLocalDeletionTime, DELTA);
         cfs.forceMajorCompaction();
         metadata = cfs.getLiveSSTables().iterator().next().getSSTableMetadata();
         assertEquals(9999, metadata.minTimestamp);
         assertEquals(10000, metadata.maxTimestamp);
-        assertEquals(Integer.MAX_VALUE, metadata.maxLocalDeletionTime, 5);
+        assertEquals(Integer.MAX_VALUE, metadata.maxLocalDeletionTime, DELTA);
     }"
apache_cassandra,apache/cassandra,SSTableMetadataTrackingTest.testMinMaxtimestampRow,test/unit/org/apache/cassandra/cql3/validation/miscellaneous/SSTableMetadataTrackingTest.java,9b32b8a4369049aec6e0848d21f524a40d2c93f1,Fix flaky SSTableMetadataTest and SSTableMetadataTrackingTest,unknown,False,,160,160,2,False,0.0125,False,cue_neutral,0,0,{},{},"@Test
    public void testMinMaxtimestampRow() throws Throwable
    {
        createTable(""CREATE TABLE %s (a int, b int, c text, PRIMARY KEY (a, b))"");
        ColumnFamilyStore cfs = Keyspace.open(keyspace()).getColumnFamilyStore(currentTable());
        execute(""INSERT INTO %s (a,b,c) VALUES (1,1,'1') using timestamp 10000"");
        execute(""DELETE FROM %s USING TIMESTAMP 9999 WHERE a = 1"");
        cfs.forceBlockingFlush();
        StatsMetadata metadata = cfs.getLiveSSTables().iterator().next().getSSTableMetadata();
        assertEquals(9999, metadata.minTimestamp);
        assertEquals(10000, metadata.maxTimestamp);
        assertEquals(Integer.MAX_VALUE, metadata.maxLocalDeletionTime, 5);
        cfs.forceMajorCompaction();
        metadata = cfs.getLiveSSTables().iterator().next().getSSTableMetadata();
        assertEquals(9999, metadata.minTimestamp);
        assertEquals(10000, metadata.maxTimestamp);
        assertEquals(Integer.MAX_VALUE, metadata.maxLocalDeletionTime, 5);
    }","@Test
    public void testMinMaxtimestampRow() throws Throwable
    {
        createTable(""CREATE TABLE %s (a int, b int, c text, PRIMARY KEY (a, b))"");
        ColumnFamilyStore cfs = Keyspace.open(keyspace()).getColumnFamilyStore(currentTable());
        execute(""INSERT INTO %s (a,b,c) VALUES (1,1,'1') using timestamp 10000"");
        execute(""DELETE FROM %s USING TIMESTAMP 9999 WHERE a = 1"");
        cfs.forceBlockingFlush();
        StatsMetadata metadata = cfs.getLiveSSTables().iterator().next().getSSTableMetadata();
        assertEquals(9999, metadata.minTimestamp);
        assertEquals(10000, metadata.maxTimestamp);
        assertEquals(Integer.MAX_VALUE, metadata.maxLocalDeletionTime, DELTA);
        cfs.forceMajorCompaction();
        metadata = cfs.getLiveSSTables().iterator().next().getSSTableMetadata();
        assertEquals(9999, metadata.minTimestamp);
        assertEquals(10000, metadata.maxTimestamp);
        assertEquals(Integer.MAX_VALUE, metadata.maxLocalDeletionTime, DELTA);
    }","--- pre
+++ post
@@ -10,9 +10,9 @@
         assertEquals(9999, metadata.minTimestamp);
         assertEquals(10000, metadata.maxTimestamp);
-        assertEquals(Integer.MAX_VALUE, metadata.maxLocalDeletionTime, 5);
+        assertEquals(Integer.MAX_VALUE, metadata.maxLocalDeletionTime, DELTA);
         cfs.forceMajorCompaction();
         metadata = cfs.getLiveSSTables().iterator().next().getSSTableMetadata();
         assertEquals(9999, metadata.minTimestamp);
         assertEquals(10000, metadata.maxTimestamp);
-        assertEquals(Integer.MAX_VALUE, metadata.maxLocalDeletionTime, 5);
+        assertEquals(Integer.MAX_VALUE, metadata.maxLocalDeletionTime, DELTA);
     }"
apache_cassandra,apache/cassandra,SSTableMetadataTrackingTest.testTrackMetadata_rangeTombstone,test/unit/org/apache/cassandra/cql3/validation/miscellaneous/SSTableMetadataTrackingTest.java,9b32b8a4369049aec6e0848d21f524a40d2c93f1,Fix flaky SSTableMetadataTest and SSTableMetadataTrackingTest,unknown,False,,177,173,6,False,0.03389830508474576,False,cue_removed,0,2,{},"{'System': 1, 'currentTimeMillis': 1}","@Test
    public void testTrackMetadata_rangeTombstone() throws Throwable
    {
        createTable(""CREATE TABLE %s (a int, b int, c text, PRIMARY KEY (a, b)) WITH gc_grace_seconds = 10000"");
        ColumnFamilyStore cfs = Keyspace.open(keyspace()).getColumnFamilyStore(currentTable());
        execute(""DELETE FROM %s USING TIMESTAMP 9999 WHERE a = 1 and b = 1"");
        cfs.forceBlockingFlush();
        assertEquals(1, cfs.getLiveSSTables().size());
        StatsMetadata metadata = cfs.getLiveSSTables().iterator().next().getSSTableMetadata();
        assertEquals(9999, metadata.minTimestamp);
        assertEquals(9999, metadata.maxTimestamp);
        assertEquals(System.currentTimeMillis()/1000, metadata.maxLocalDeletionTime, 5);
        cfs.forceMajorCompaction();
        StatsMetadata metadata2 = cfs.getLiveSSTables().iterator().next().getSSTableMetadata();
        assertEquals(metadata.maxLocalDeletionTime, metadata2.maxLocalDeletionTime);
        assertEquals(metadata.minTimestamp, metadata2.minTimestamp);
        assertEquals(metadata.maxTimestamp, metadata2.maxTimestamp);
    }","@Test
    public void testTrackMetadata_rangeTombstone() throws Throwable
    {
        createTable(""CREATE TABLE %s (a int, b int, c text, PRIMARY KEY (a, b)) WITH gc_grace_seconds = 10000"");
        ColumnFamilyStore cfs = Keyspace.open(keyspace()).getColumnFamilyStore(currentTable());
        execute(""DELETE FROM %s USING TIMESTAMP 9999 WHERE a = 1 and b = 1"");
        cfs.forceBlockingFlush();
        assertEquals(1, cfs.getLiveSSTables().size());
        StatsMetadata metadata = cfs.getLiveSSTables().iterator().next().getSSTableMetadata();
        assertEquals(9999, metadata.minTimestamp);
        assertEquals(9999, metadata.maxTimestamp);
        assertEquals(nowInSec(), metadata.maxLocalDeletionTime, DELTA);
        cfs.forceMajorCompaction();
        StatsMetadata metadata2 = cfs.getLiveSSTables().iterator().next().getSSTableMetadata();
        assertEquals(metadata.maxLocalDeletionTime, metadata2.maxLocalDeletionTime);
        assertEquals(metadata.minTimestamp, metadata2.minTimestamp);
        assertEquals(metadata.maxTimestamp, metadata2.maxTimestamp);
    }","--- pre
+++ post
@@ -10,5 +10,5 @@
         assertEquals(9999, metadata.minTimestamp);
         assertEquals(9999, metadata.maxTimestamp);
-        assertEquals(System.currentTimeMillis()/1000, metadata.maxLocalDeletionTime, 5);
+        assertEquals(nowInSec(), metadata.maxLocalDeletionTime, DELTA);
         cfs.forceMajorCompaction();
         StatsMetadata metadata2 = cfs.getLiveSSTables().iterator().next().getSSTableMetadata();"
apache_cassandra,apache/cassandra,SSTableMetadataTrackingTest.testTrackMetadata_rowMarkerDelete,test/unit/org/apache/cassandra/cql3/validation/miscellaneous/SSTableMetadataTrackingTest.java,9b32b8a4369049aec6e0848d21f524a40d2c93f1,Fix flaky SSTableMetadataTest and SSTableMetadataTrackingTest,unknown,False,,177,173,6,False,0.03389830508474576,False,cue_removed,0,2,{},"{'System': 1, 'currentTimeMillis': 1}","@Test
    public void testTrackMetadata_rowMarkerDelete() throws Throwable
    {
        createTable(""CREATE TABLE %s (a int, PRIMARY KEY (a))"");
        ColumnFamilyStore cfs = Keyspace.open(keyspace()).getColumnFamilyStore(currentTable());
        execute(""DELETE FROM %s USING TIMESTAMP 9999 WHERE a=1"");
        cfs.forceBlockingFlush();
        assertEquals(1, cfs.getLiveSSTables().size());
        StatsMetadata metadata = cfs.getLiveSSTables().iterator().next().getSSTableMetadata();
        assertEquals(9999, metadata.minTimestamp);
        assertEquals(9999, metadata.maxTimestamp);
        assertEquals(System.currentTimeMillis()/1000, metadata.maxLocalDeletionTime, 5);
        cfs.forceMajorCompaction();
        StatsMetadata metadata2 = cfs.getLiveSSTables().iterator().next().getSSTableMetadata();
        assertEquals(metadata.maxLocalDeletionTime, metadata2.maxLocalDeletionTime);
        assertEquals(metadata.minTimestamp, metadata2.minTimestamp);
        assertEquals(metadata.maxTimestamp, metadata2.maxTimestamp);
    }","@Test
    public void testTrackMetadata_rowMarkerDelete() throws Throwable
    {
        createTable(""CREATE TABLE %s (a int, PRIMARY KEY (a))"");
        ColumnFamilyStore cfs = Keyspace.open(keyspace()).getColumnFamilyStore(currentTable());
        execute(""DELETE FROM %s USING TIMESTAMP 9999 WHERE a=1"");
        cfs.forceBlockingFlush();
        assertEquals(1, cfs.getLiveSSTables().size());
        StatsMetadata metadata = cfs.getLiveSSTables().iterator().next().getSSTableMetadata();
        assertEquals(9999, metadata.minTimestamp);
        assertEquals(9999, metadata.maxTimestamp);
        assertEquals(nowInSec(), metadata.maxLocalDeletionTime, DELTA);
        cfs.forceMajorCompaction();
        StatsMetadata metadata2 = cfs.getLiveSSTables().iterator().next().getSSTableMetadata();
        assertEquals(metadata.maxLocalDeletionTime, metadata2.maxLocalDeletionTime);
        assertEquals(metadata.minTimestamp, metadata2.minTimestamp);
        assertEquals(metadata.maxTimestamp, metadata2.maxTimestamp);
    }","--- pre
+++ post
@@ -10,5 +10,5 @@
         assertEquals(9999, metadata.minTimestamp);
         assertEquals(9999, metadata.maxTimestamp);
-        assertEquals(System.currentTimeMillis()/1000, metadata.maxLocalDeletionTime, 5);
+        assertEquals(nowInSec(), metadata.maxLocalDeletionTime, DELTA);
         cfs.forceMajorCompaction();
         StatsMetadata metadata2 = cfs.getLiveSSTables().iterator().next().getSSTableMetadata();"
apache_cassandra,apache/cassandra,SSTableMetadataTrackingTest.testTrackMetadata_rowTombstone,test/unit/org/apache/cassandra/cql3/validation/miscellaneous/SSTableMetadataTrackingTest.java,9b32b8a4369049aec6e0848d21f524a40d2c93f1,Fix flaky SSTableMetadataTest and SSTableMetadataTrackingTest,unknown,False,,177,173,6,False,0.03389830508474576,False,cue_removed,0,2,{},"{'System': 1, 'currentTimeMillis': 1}","@Test
    public void testTrackMetadata_rowTombstone() throws Throwable
    {
        createTable(""CREATE TABLE %s (a int, b int, c text, PRIMARY KEY (a, b))"");
        ColumnFamilyStore cfs = Keyspace.open(keyspace()).getColumnFamilyStore(currentTable());
        execute(""DELETE FROM %s USING TIMESTAMP 9999 WHERE a = 1"");

        cfs.forceBlockingFlush();
        assertEquals(1, cfs.getLiveSSTables().size());
        StatsMetadata metadata = cfs.getLiveSSTables().iterator().next().getSSTableMetadata();
        assertEquals(9999, metadata.minTimestamp);
        assertEquals(9999, metadata.maxTimestamp);
        assertEquals(System.currentTimeMillis()/1000, metadata.maxLocalDeletionTime, 5);
        cfs.forceMajorCompaction();
        StatsMetadata metadata2 = cfs.getLiveSSTables().iterator().next().getSSTableMetadata();
        assertEquals(metadata.maxLocalDeletionTime, metadata2.maxLocalDeletionTime);
        assertEquals(metadata.minTimestamp, metadata2.minTimestamp);
        assertEquals(metadata.maxTimestamp, metadata2.maxTimestamp);
    }","@Test
    public void testTrackMetadata_rowTombstone() throws Throwable
    {
        createTable(""CREATE TABLE %s (a int, b int, c text, PRIMARY KEY (a, b))"");
        ColumnFamilyStore cfs = Keyspace.open(keyspace()).getColumnFamilyStore(currentTable());
        execute(""DELETE FROM %s USING TIMESTAMP 9999 WHERE a = 1"");

        cfs.forceBlockingFlush();
        assertEquals(1, cfs.getLiveSSTables().size());
        StatsMetadata metadata = cfs.getLiveSSTables().iterator().next().getSSTableMetadata();
        assertEquals(9999, metadata.minTimestamp);
        assertEquals(9999, metadata.maxTimestamp);
        assertEquals(nowInSec(), metadata.maxLocalDeletionTime, DELTA);
        cfs.forceMajorCompaction();
        StatsMetadata metadata2 = cfs.getLiveSSTables().iterator().next().getSSTableMetadata();
        assertEquals(metadata.maxLocalDeletionTime, metadata2.maxLocalDeletionTime);
        assertEquals(metadata.minTimestamp, metadata2.minTimestamp);
        assertEquals(metadata.maxTimestamp, metadata2.maxTimestamp);
    }","--- pre
+++ post
@@ -11,5 +11,5 @@
         assertEquals(9999, metadata.minTimestamp);
         assertEquals(9999, metadata.maxTimestamp);
-        assertEquals(System.currentTimeMillis()/1000, metadata.maxLocalDeletionTime, 5);
+        assertEquals(nowInSec(), metadata.maxLocalDeletionTime, DELTA);
         cfs.forceMajorCompaction();
         StatsMetadata metadata2 = cfs.getLiveSSTables().iterator().next().getSSTableMetadata();"
apache_cassandra,apache/cassandra,TimeWindowCompactionStrategyTest.testDropExpiredSSTables,test/unit/org/apache/cassandra/db/compaction/TimeWindowCompactionStrategyTest.java,844c8b03482d5cd7b8faac04d2e7a95694bd52a6,Fix flaky TimeWindowCompactionStrategyTest,unknown,False,,419,400,39,False,0.09307875894988067,False,cue_removed,1,4,{'TimeUnit': 1},"{'System': 2, 'currentTimeMillis': 2}","@Test
    public void testDropExpiredSSTables() throws InterruptedException
    {
        Keyspace keyspace = Keyspace.open(KEYSPACE1);
        ColumnFamilyStore cfs = keyspace.getColumnFamilyStore(CF_STANDARD1);
        cfs.truncateBlocking();
        cfs.disableAutoCompaction();

        ByteBuffer value = ByteBuffer.wrap(new byte[100]);

        // create 2 sstables
        DecoratedKey key = Util.dk(String.valueOf(""expired""));
        new RowUpdateBuilder(cfs.metadata, System.currentTimeMillis(), 1, key.getKey())
            .clustering(""column"")
            .add(""val"", value).build().applyUnsafe();

        cfs.forceBlockingFlush();
        SSTableReader expiredSSTable = cfs.getLiveSSTables().iterator().next();
        Thread.sleep(10);

        key = Util.dk(String.valueOf(""nonexpired""));
        new RowUpdateBuilder(cfs.metadata, System.currentTimeMillis(), key.getKey())
            .clustering(""column"")
            .add(""val"", value).build().applyUnsafe();

        cfs.forceBlockingFlush();
        assertEquals(cfs.getLiveSSTables().size(), 2);

        Map<String, String> options = new HashMap<>();

        options.put(TimeWindowCompactionStrategyOptions.COMPACTION_WINDOW_SIZE_KEY, ""30"");
        options.put(TimeWindowCompactionStrategyOptions.COMPACTION_WINDOW_UNIT_KEY, ""SECONDS"");
        options.put(TimeWindowCompactionStrategyOptions.TIMESTAMP_RESOLUTION_KEY, ""MILLISECONDS"");
        options.put(TimeWindowCompactionStrategyOptions.EXPIRED_SSTABLE_CHECK_FREQUENCY_SECONDS_KEY, ""0"");
        TimeWindowCompactionStrategy twcs = new TimeWindowCompactionStrategy(cfs, options);
        for (SSTableReader sstable : cfs.getLiveSSTables())
            twcs.addSSTable(sstable);
        twcs.startup();
        assertNull(twcs.getNextBackgroundTask((int) (System.currentTimeMillis() / 1000)));
        Thread.sleep(2000);
        AbstractCompactionTask t = twcs.getNextBackgroundTask((int) (System.currentTimeMillis()/1000));
        assertNotNull(t);
        assertEquals(1, Iterables.size(t.transaction.originals()));
        SSTableReader sstable = t.transaction.originals().iterator().next();
        assertEquals(sstable, expiredSSTable);
        t.transaction.abort();
    }","@Test
    public void testDropExpiredSSTables() throws InterruptedException
    {
        Keyspace keyspace = Keyspace.open(KEYSPACE1);
        ColumnFamilyStore cfs = keyspace.getColumnFamilyStore(CF_STANDARD1);
        cfs.truncateBlocking();
        cfs.disableAutoCompaction();

        ByteBuffer value = ByteBuffer.wrap(new byte[100]);

        // Create a expiring sstable with a TTL
        DecoratedKey key = Util.dk(""expired"");
        new RowUpdateBuilder(cfs.metadata, System.currentTimeMillis(), TTL_SECONDS, key.getKey())
            .clustering(""column"")
            .add(""val"", value).build().applyUnsafe();

        cfs.forceBlockingFlush();
        SSTableReader expiredSSTable = cfs.getLiveSSTables().iterator().next();
        Thread.sleep(10);

        // Create a second sstable without TTL
        key = Util.dk(""nonexpired"");
        new RowUpdateBuilder(cfs.metadata, System.currentTimeMillis(), key.getKey())
            .clustering(""column"")
            .add(""val"", value).build().applyUnsafe();

        cfs.forceBlockingFlush();
        assertEquals(cfs.getLiveSSTables().size(), 2);

        Map<String, String> options = new HashMap<>();
        options.put(TimeWindowCompactionStrategyOptions.COMPACTION_WINDOW_SIZE_KEY, ""30"");
        options.put(TimeWindowCompactionStrategyOptions.COMPACTION_WINDOW_UNIT_KEY, ""SECONDS"");
        options.put(TimeWindowCompactionStrategyOptions.TIMESTAMP_RESOLUTION_KEY, ""MILLISECONDS"");
        options.put(TimeWindowCompactionStrategyOptions.EXPIRED_SSTABLE_CHECK_FREQUENCY_SECONDS_KEY, ""0"");
        TimeWindowCompactionStrategy twcs = new TimeWindowCompactionStrategy(cfs, options);
        for (SSTableReader sstable : cfs.getLiveSSTables())
            twcs.addSSTable(sstable);

        twcs.startup();
        assertNull(twcs.getNextBackgroundTask(nowInSeconds()));

        // Wait for the expiration of the first sstable
        Thread.sleep(TimeUnit.SECONDS.toMillis(TTL_SECONDS + 1));
        AbstractCompactionTask t = twcs.getNextBackgroundTask(nowInSeconds());
        assertNotNull(t);
        assertEquals(1, Iterables.size(t.transaction.originals()));
        SSTableReader sstable = t.transaction.originals().iterator().next();
        assertEquals(sstable, expiredSSTable);
        t.transaction.abort();
    }","--- pre
+++ post
@@ -9,7 +9,7 @@
         ByteBuffer value = ByteBuffer.wrap(new byte[100]);
 
-        // create 2 sstables
-        DecoratedKey key = Util.dk(String.valueOf(""expired""));
-        new RowUpdateBuilder(cfs.metadata, System.currentTimeMillis(), 1, key.getKey())
+        // Create a expiring sstable with a TTL
+        DecoratedKey key = Util.dk(""expired"");
+        new RowUpdateBuilder(cfs.metadata, System.currentTimeMillis(), TTL_SECONDS, key.getKey())
             .clustering(""column"")
             .add(""val"", value).build().applyUnsafe();
@@ -19,5 +19,6 @@
         Thread.sleep(10);
 
-        key = Util.dk(String.valueOf(""nonexpired""));
+        // Create a second sstable without TTL
+        key = Util.dk(""nonexpired"");
         new RowUpdateBuilder(cfs.metadata, System.currentTimeMillis(), key.getKey())
             .clustering(""column"")
@@ -28,5 +29,4 @@
 
         Map<String, String> options = new HashMap<>();
-
         options.put(TimeWindowCompactionStrategyOptions.COMPACTION_WINDOW_SIZE_KEY, ""30"");
         options.put(TimeWindowCompactionStrategyOptions.COMPACTION_WINDOW_UNIT_KEY, ""SECONDS"");
@@ -36,8 +36,11 @@
         for (SSTableReader sstable : cfs.getLiveSSTables())
             twcs.addSSTable(sstable);
+
         twcs.startup();
-        assertNull(twcs.getNextBackgroundTask((int) (System.currentTimeMillis() / 1000)));
-        Thread.sleep(2000);
-        AbstractCompactionTask t = twcs.getNextBackgroundTask((int) (System.currentTimeMillis()/1000));
+        assertNull(twcs.getNextBackgroundTask(nowInSeconds()));
+
+        // Wait for the expiration of the first sstable
+        Thread.sleep(TimeUnit.SECONDS.toMillis(TTL_SECONDS + 1));
+        AbstractCompactionTask t = twcs.getNextBackgroundTask(nowInSeconds());
         assertNotNull(t);
         assertEquals(1, Iterables.size(t.transaction.originals()));"
apache_cassandra,apache/cassandra,TimeWindowCompactionStrategyTest.testOptionsValidation,test/unit/org/apache/cassandra/db/compaction/TimeWindowCompactionStrategyTest.java,844c8b03482d5cd7b8faac04d2e7a95694bd52a6,Fix flaky TimeWindowCompactionStrategyTest,unknown,False,,238,238,1,False,0.004201680672268907,False,cue_neutral,0,0,{},{},"@Test
    public void testOptionsValidation() throws ConfigurationException
    {
        Map<String, String> options = new HashMap<>();
        options.put(TimeWindowCompactionStrategyOptions.COMPACTION_WINDOW_SIZE_KEY, ""30"");
        options.put(TimeWindowCompactionStrategyOptions.COMPACTION_WINDOW_UNIT_KEY, ""MINUTES"");
        Map<String, String> unvalidated = validateOptions(options);
        assertTrue(unvalidated.isEmpty());

        try
        {
            options.put(TimeWindowCompactionStrategyOptions.COMPACTION_WINDOW_SIZE_KEY, ""0"");
            validateOptions(options);
            fail(String.format(""%s == 0 should be rejected"", TimeWindowCompactionStrategyOptions.COMPACTION_WINDOW_SIZE_KEY));
        }
        catch (ConfigurationException e) {}

        try
        {
            options.put(TimeWindowCompactionStrategyOptions.COMPACTION_WINDOW_SIZE_KEY, ""-1337"");
            validateOptions(options);
            fail(String.format(""Negative %s should be rejected"", TimeWindowCompactionStrategyOptions.COMPACTION_WINDOW_SIZE_KEY));
        }
        catch (ConfigurationException e)
        {
            options.put(TimeWindowCompactionStrategyOptions.COMPACTION_WINDOW_SIZE_KEY, ""1"");
        }

        try
        {
            options.put(TimeWindowCompactionStrategyOptions.COMPACTION_WINDOW_UNIT_KEY, ""MONTHS"");
            validateOptions(options);
            fail(String.format(""Invalid time units should be rejected"", TimeWindowCompactionStrategyOptions.COMPACTION_WINDOW_UNIT_KEY));
        }
        catch (ConfigurationException e)
        {
            options.put(TimeWindowCompactionStrategyOptions.COMPACTION_WINDOW_UNIT_KEY, ""MINUTES"");
        }

        options.put(""bad_option"", ""1.0"");
        unvalidated = validateOptions(options);
        assertTrue(unvalidated.containsKey(""bad_option""));
    }","@Test
    public void testOptionsValidation() throws ConfigurationException
    {
        Map<String, String> options = new HashMap<>();
        options.put(TimeWindowCompactionStrategyOptions.COMPACTION_WINDOW_SIZE_KEY, ""30"");
        options.put(TimeWindowCompactionStrategyOptions.COMPACTION_WINDOW_UNIT_KEY, ""MINUTES"");
        Map<String, String> unvalidated = validateOptions(options);
        assertTrue(unvalidated.isEmpty());

        try
        {
            options.put(TimeWindowCompactionStrategyOptions.COMPACTION_WINDOW_SIZE_KEY, ""0"");
            validateOptions(options);
            fail(String.format(""%s == 0 should be rejected"", TimeWindowCompactionStrategyOptions.COMPACTION_WINDOW_SIZE_KEY));
        }
        catch (ConfigurationException e)
        {
            // expected exception
        }

        try
        {
            options.put(TimeWindowCompactionStrategyOptions.COMPACTION_WINDOW_SIZE_KEY, ""-1337"");
            validateOptions(options);
            fail(String.format(""Negative %s should be rejected"", TimeWindowCompactionStrategyOptions.COMPACTION_WINDOW_SIZE_KEY));
        }
        catch (ConfigurationException e)
        {
            options.put(TimeWindowCompactionStrategyOptions.COMPACTION_WINDOW_SIZE_KEY, ""1"");
        }

        try
        {
            options.put(TimeWindowCompactionStrategyOptions.COMPACTION_WINDOW_UNIT_KEY, ""MONTHS"");
            validateOptions(options);
            fail(String.format(""Invalid %s should be rejected"", TimeWindowCompactionStrategyOptions.COMPACTION_WINDOW_UNIT_KEY));
        }
        catch (ConfigurationException e)
        {
            options.put(TimeWindowCompactionStrategyOptions.COMPACTION_WINDOW_UNIT_KEY, ""MINUTES"");
        }

        options.put(""bad_option"", ""1.0"");
        unvalidated = validateOptions(options);
        assertTrue(unvalidated.containsKey(""bad_option""));
    }","--- pre
+++ post
@@ -14,5 +14,8 @@
             fail(String.format(""%s == 0 should be rejected"", TimeWindowCompactionStrategyOptions.COMPACTION_WINDOW_SIZE_KEY));
         }
-        catch (ConfigurationException e) {}
+        catch (ConfigurationException e)
+        {
+            // expected exception
+        }
 
         try
@@ -31,5 +34,5 @@
             options.put(TimeWindowCompactionStrategyOptions.COMPACTION_WINDOW_UNIT_KEY, ""MONTHS"");
             validateOptions(options);
-            fail(String.format(""Invalid time units should be rejected"", TimeWindowCompactionStrategyOptions.COMPACTION_WINDOW_UNIT_KEY));
+            fail(String.format(""Invalid %s should be rejected"", TimeWindowCompactionStrategyOptions.COMPACTION_WINDOW_UNIT_KEY));
         }
         catch (ConfigurationException e)"
apache_cassandra,apache/cassandra,TimeWindowCompactionStrategyTest.testPrepBucket,test/unit/org/apache/cassandra/db/compaction/TimeWindowCompactionStrategyTest.java,844c8b03482d5cd7b8faac04d2e7a95694bd52a6,Fix flaky TimeWindowCompactionStrategyTest,unknown,False,,778,777,4,False,0.005141388174807198,False,cue_neutral,0,0,{},{},"@Test
    public void testPrepBucket()
    {
        Keyspace keyspace = Keyspace.open(KEYSPACE1);
        ColumnFamilyStore cfs = keyspace.getColumnFamilyStore(CF_STANDARD1);
        cfs.truncateBlocking();
        cfs.disableAutoCompaction();

        ByteBuffer value = ByteBuffer.wrap(new byte[100]);
        Long tstamp = System.currentTimeMillis();
        Long tstamp2 =  tstamp - (2L * 3600L * 1000L);

        // create 5 sstables
        for (int r = 0; r < 3; r++)
        {
            DecoratedKey key = Util.dk(String.valueOf(r));
            new RowUpdateBuilder(cfs.metadata, r, key.getKey())
                .clustering(""column"")
                .add(""val"", value).build().applyUnsafe();

            cfs.forceBlockingFlush();
        }
        // Decrement the timestamp to simulate a timestamp in the past hour
        for (int r = 3; r < 5; r++)
        {
            // And add progressively more cells into each sstable
            DecoratedKey key = Util.dk(String.valueOf(r));
            new RowUpdateBuilder(cfs.metadata, r, key.getKey())
                .clustering(""column"")
                .add(""val"", value).build().applyUnsafe();
            cfs.forceBlockingFlush();
        }

        cfs.forceBlockingFlush();

        HashMultimap<Long, SSTableReader> buckets = HashMultimap.create();
        List<SSTableReader> sstrs = new ArrayList<>(cfs.getLiveSSTables());

        // We'll put 3 sstables into the newest bucket
        for (int i = 0 ; i < 3; i++)
        {
            Pair<Long,Long> bounds = getWindowBoundsInMillis(TimeUnit.HOURS, 1, tstamp );
            buckets.put(bounds.left, sstrs.get(i));
        }
        List<SSTableReader> newBucket = newestBucket(buckets, 4, 32, TimeUnit.HOURS, 1, new SizeTieredCompactionStrategyOptions(), getWindowBoundsInMillis(TimeUnit.HOURS, 1, System.currentTimeMillis()).left );
        assertTrue(""incoming bucket should not be accepted when it has below the min threshold SSTables"", newBucket.isEmpty());

        newBucket = newestBucket(buckets, 2, 32, TimeUnit.HOURS, 1, new SizeTieredCompactionStrategyOptions(), getWindowBoundsInMillis(TimeUnit.HOURS, 1, System.currentTimeMillis()).left);
        assertTrue(""incoming bucket should be accepted when it is larger than the min threshold SSTables"", !newBucket.isEmpty());

        // And 2 into the second bucket (1 hour back)
        for (int i = 3 ; i < 5; i++)
        {
            Pair<Long,Long> bounds = getWindowBoundsInMillis(TimeUnit.HOURS, 1, tstamp2 );
            buckets.put(bounds.left, sstrs.get(i));
        }

        assertEquals(""an sstable with a single value should have equal min/max timestamps"", sstrs.get(0).getMinTimestamp(), sstrs.get(0).getMaxTimestamp());
        assertEquals(""an sstable with a single value should have equal min/max timestamps"", sstrs.get(1).getMinTimestamp(), sstrs.get(1).getMaxTimestamp());
        assertEquals(""an sstable with a single value should have equal min/max timestamps"", sstrs.get(2).getMinTimestamp(), sstrs.get(2).getMaxTimestamp());

        // Test trim
        int numSSTables = 40;
        for (int r = 5; r < numSSTables; r++)
        {
            DecoratedKey key = Util.dk(String.valueOf(r));
            for(int i = 0 ; i < r ; i++)
            {
                new RowUpdateBuilder(cfs.metadata, tstamp + r, key.getKey())
                    .clustering(""column"")
                    .add(""val"", value).build().applyUnsafe();
            }
            cfs.forceBlockingFlush();
        }

        // Reset the buckets, overfill it now
        sstrs = new ArrayList<>(cfs.getLiveSSTables());
        for (int i = 0 ; i < 40; i++)
        {
            Pair<Long,Long> bounds = getWindowBoundsInMillis(TimeUnit.HOURS, 1, sstrs.get(i).getMaxTimestamp());
            buckets.put(bounds.left, sstrs.get(i));
        }

        newBucket = newestBucket(buckets, 4, 32, TimeUnit.DAYS, 1, new SizeTieredCompactionStrategyOptions(), getWindowBoundsInMillis(TimeUnit.HOURS, 1, System.currentTimeMillis()).left);
        assertEquals(""new bucket should be trimmed to max threshold of 32"", newBucket.size(),  32);
    }","@Test
    public void testPrepBucket()
    {
        Keyspace keyspace = Keyspace.open(KEYSPACE1);
        ColumnFamilyStore cfs = keyspace.getColumnFamilyStore(CF_STANDARD1);
        cfs.truncateBlocking();
        cfs.disableAutoCompaction();

        ByteBuffer value = ByteBuffer.wrap(new byte[100]);
        long tstamp = System.currentTimeMillis();
        long tstamp2 = tstamp - (2L * 3600L * 1000L);

        // create 5 sstables
        for (int r = 0; r < 3; r++)
        {
            DecoratedKey key = Util.dk(String.valueOf(r));
            new RowUpdateBuilder(cfs.metadata, r, key.getKey())
                .clustering(""column"")
                .add(""val"", value).build().applyUnsafe();

            cfs.forceBlockingFlush();
        }
        // Decrement the timestamp to simulate a timestamp in the past hour
        for (int r = 3; r < 5; r++)
        {
            // And add progressively more cells into each sstable
            DecoratedKey key = Util.dk(String.valueOf(r));
            new RowUpdateBuilder(cfs.metadata, r, key.getKey())
                .clustering(""column"")
                .add(""val"", value).build().applyUnsafe();
            cfs.forceBlockingFlush();
        }

        cfs.forceBlockingFlush();

        HashMultimap<Long, SSTableReader> buckets = HashMultimap.create();
        List<SSTableReader> sstrs = new ArrayList<>(cfs.getLiveSSTables());

        // We'll put 3 sstables into the newest bucket
        for (int i = 0; i < 3; i++)
        {
            Pair<Long, Long> bounds = getWindowBoundsInMillis(TimeUnit.HOURS, 1, tstamp );
            buckets.put(bounds.left, sstrs.get(i));
        }
        List<SSTableReader> newBucket = newestBucket(buckets, 4, 32, TimeUnit.HOURS, 1, new SizeTieredCompactionStrategyOptions(), getWindowBoundsInMillis(TimeUnit.HOURS, 1, System.currentTimeMillis()).left );
        assertTrue(""incoming bucket should not be accepted when it has below the min threshold SSTables"", newBucket.isEmpty());

        newBucket = newestBucket(buckets, 2, 32, TimeUnit.HOURS, 1, new SizeTieredCompactionStrategyOptions(), getWindowBoundsInMillis(TimeUnit.HOURS, 1, System.currentTimeMillis()).left);
        assertFalse(""incoming bucket should be accepted when it is larger than the min threshold SSTables"", newBucket.isEmpty());

        // And 2 into the second bucket (1 hour back)
        for (int i = 3; i < 5; i++)
        {
            Pair<Long, Long> bounds = getWindowBoundsInMillis(TimeUnit.HOURS, 1, tstamp2 );
            buckets.put(bounds.left, sstrs.get(i));
        }

        assertEquals(""an sstable with a single value should have equal min/max timestamps"", sstrs.get(0).getMinTimestamp(), sstrs.get(0).getMaxTimestamp());
        assertEquals(""an sstable with a single value should have equal min/max timestamps"", sstrs.get(1).getMinTimestamp(), sstrs.get(1).getMaxTimestamp());
        assertEquals(""an sstable with a single value should have equal min/max timestamps"", sstrs.get(2).getMinTimestamp(), sstrs.get(2).getMaxTimestamp());

        // Test trim
        int numSSTables = 40;
        for (int r = 5; r < numSSTables; r++)
        {
            DecoratedKey key = Util.dk(String.valueOf(r));
            for(int i = 0; i < r; i++)
            {
                new RowUpdateBuilder(cfs.metadata, tstamp + r, key.getKey())
                    .clustering(""column"")
                    .add(""val"", value).build().applyUnsafe();
            }
            cfs.forceBlockingFlush();
        }

        // Reset the buckets, overfill it now
        sstrs = new ArrayList<>(cfs.getLiveSSTables());
        for (int i = 0; i < 40; i++)
        {
            Pair<Long, Long> bounds = getWindowBoundsInMillis(TimeUnit.HOURS, 1, sstrs.get(i).getMaxTimestamp());
            buckets.put(bounds.left, sstrs.get(i));
        }

        newBucket = newestBucket(buckets, 4, 32, TimeUnit.DAYS, 1, new SizeTieredCompactionStrategyOptions(), getWindowBoundsInMillis(TimeUnit.HOURS, 1, System.currentTimeMillis()).left);
        assertEquals(""new bucket should be trimmed to max threshold of 32"", newBucket.size(),  32);
    }","--- pre
+++ post
@@ -8,6 +8,6 @@
 
         ByteBuffer value = ByteBuffer.wrap(new byte[100]);
-        Long tstamp = System.currentTimeMillis();
-        Long tstamp2 =  tstamp - (2L * 3600L * 1000L);
+        long tstamp = System.currentTimeMillis();
+        long tstamp2 = tstamp - (2L * 3600L * 1000L);
 
         // create 5 sstables
@@ -38,7 +38,7 @@
 
         // We'll put 3 sstables into the newest bucket
-        for (int i = 0 ; i < 3; i++)
+        for (int i = 0; i < 3; i++)
         {
-            Pair<Long,Long> bounds = getWindowBoundsInMillis(TimeUnit.HOURS, 1, tstamp );
+            Pair<Long, Long> bounds = getWindowBoundsInMillis(TimeUnit.HOURS, 1, tstamp );
             buckets.put(bounds.left, sstrs.get(i));
         }
@@ -47,10 +47,10 @@
 
         newBucket = newestBucket(buckets, 2, 32, TimeUnit.HOURS, 1, new SizeTieredCompactionStrategyOptions(), getWindowBoundsInMillis(TimeUnit.HOURS, 1, System.currentTimeMillis()).left);
-        assertTrue(""incoming bucket should be accepted when it is larger than the min threshold SSTables"", !newBucket.isEmpty());
+        assertFalse(""incoming bucket should be accepted when it is larger than the min threshold SSTables"", newBucket.isEmpty());
 
         // And 2 into the second bucket (1 hour back)
-        for (int i = 3 ; i < 5; i++)
+        for (int i = 3; i < 5; i++)
         {
-            Pair<Long,Long> bounds = getWindowBoundsInMillis(TimeUnit.HOURS, 1, tstamp2 );
+            Pair<Long, Long> bounds = getWindowBoundsInMillis(TimeUnit.HOURS, 1, tstamp2 );
             buckets.put(bounds.left, sstrs.get(i));
         }
@@ -65,5 +65,5 @@
         {
             DecoratedKey key = Util.dk(String.valueOf(r));
-            for(int i = 0 ; i < r ; i++)
+            for(int i = 0; i < r; i++)
             {
                 new RowUpdateBuilder(cfs.metadata, tstamp + r, key.getKey())
@@ -76,7 +76,7 @@
         // Reset the buckets, overfill it now
         sstrs = new ArrayList<>(cfs.getLiveSSTables());
-        for (int i = 0 ; i < 40; i++)
+        for (int i = 0; i < 40; i++)
         {
-            Pair<Long,Long> bounds = getWindowBoundsInMillis(TimeUnit.HOURS, 1, sstrs.get(i).getMaxTimestamp());
+            Pair<Long, Long> bounds = getWindowBoundsInMillis(TimeUnit.HOURS, 1, sstrs.get(i).getMaxTimestamp());
             buckets.put(bounds.left, sstrs.get(i));
         }"
apache_cassandra,apache/cassandra,TimeWindowCompactionStrategyTest.testTimeWindows,test/unit/org/apache/cassandra/db/compaction/TimeWindowCompactionStrategyTest.java,844c8b03482d5cd7b8faac04d2e7a95694bd52a6,Fix flaky TimeWindowCompactionStrategyTest,unknown,False,,122,116,28,False,0.22950819672131148,False,cue_neutral,0,0,{},{},"@Test
    public void testTimeWindows()
    {
        Long tstamp1 = 1451001601000L; // 2015-12-25 @ 00:00:01, in milliseconds
        Long tstamp2 = 1451088001000L; // 2015-12-26 @ 00:00:01, in milliseconds
        Long lowHour = 1451001600000L; // 2015-12-25 @ 00:00:00, in milliseconds

        // A 1 hour window should round down to the beginning of the hour
        assertTrue(getWindowBoundsInMillis(TimeUnit.HOURS, 1, tstamp1).left.compareTo(lowHour) == 0);

        // A 1 minute window should round down to the beginning of the hour
        assertTrue(getWindowBoundsInMillis(TimeUnit.MINUTES, 1, tstamp1).left.compareTo(lowHour) == 0);

        // A 1 day window should round down to the beginning of the hour
        assertTrue(getWindowBoundsInMillis(TimeUnit.DAYS, 1, tstamp1).left.compareTo(lowHour) == 0 );

        // The 2 day window of 2015-12-25 + 2015-12-26 should round down to the beginning of 2015-12-25
        assertTrue(getWindowBoundsInMillis(TimeUnit.DAYS, 2, tstamp2).left.compareTo(lowHour) == 0);


        return;
    }","@Test
    public void testTimeWindows()
    {
        long tstamp1 = 1451001601000L; // 2015-12-25 @ 00:00:01, in milliseconds
        long tstamp2 = 1451088001000L; // 2015-12-26 @ 00:00:01, in milliseconds
        Long lowHour = 1451001600000L; // 2015-12-25 @ 00:00:00, in milliseconds

        // A 1 hour window should round down to the beginning of the hour
        assertEquals(0, getWindowBoundsInMillis(TimeUnit.HOURS, 1, tstamp1).left.compareTo(lowHour));

        // A 1 minute window should round down to the beginning of the hour
        assertEquals(0, getWindowBoundsInMillis(TimeUnit.MINUTES, 1, tstamp1).left.compareTo(lowHour));

        // A 1 day window should round down to the beginning of the hour
        assertEquals(0, getWindowBoundsInMillis(TimeUnit.DAYS, 1, tstamp1).left.compareTo(lowHour));

        // The 2 day window of 2015-12-25 + 2015-12-26 should round down to the beginning of 2015-12-25
        assertEquals(0, getWindowBoundsInMillis(TimeUnit.DAYS, 2, tstamp2).left.compareTo(lowHour));
    }","--- pre
+++ post
@@ -2,21 +2,18 @@
     public void testTimeWindows()
     {
-        Long tstamp1 = 1451001601000L; // 2015-12-25 @ 00:00:01, in milliseconds
-        Long tstamp2 = 1451088001000L; // 2015-12-26 @ 00:00:01, in milliseconds
+        long tstamp1 = 1451001601000L; // 2015-12-25 @ 00:00:01, in milliseconds
+        long tstamp2 = 1451088001000L; // 2015-12-26 @ 00:00:01, in milliseconds
         Long lowHour = 1451001600000L; // 2015-12-25 @ 00:00:00, in milliseconds
 
         // A 1 hour window should round down to the beginning of the hour
-        assertTrue(getWindowBoundsInMillis(TimeUnit.HOURS, 1, tstamp1).left.compareTo(lowHour) == 0);
+        assertEquals(0, getWindowBoundsInMillis(TimeUnit.HOURS, 1, tstamp1).left.compareTo(lowHour));
 
         // A 1 minute window should round down to the beginning of the hour
-        assertTrue(getWindowBoundsInMillis(TimeUnit.MINUTES, 1, tstamp1).left.compareTo(lowHour) == 0);
+        assertEquals(0, getWindowBoundsInMillis(TimeUnit.MINUTES, 1, tstamp1).left.compareTo(lowHour));
 
         // A 1 day window should round down to the beginning of the hour
-        assertTrue(getWindowBoundsInMillis(TimeUnit.DAYS, 1, tstamp1).left.compareTo(lowHour) == 0 );
+        assertEquals(0, getWindowBoundsInMillis(TimeUnit.DAYS, 1, tstamp1).left.compareTo(lowHour));
 
         // The 2 day window of 2015-12-25 + 2015-12-26 should round down to the beginning of 2015-12-25
-        assertTrue(getWindowBoundsInMillis(TimeUnit.DAYS, 2, tstamp2).left.compareTo(lowHour) == 0);
-
-
-        return;
+        assertEquals(0, getWindowBoundsInMillis(TimeUnit.DAYS, 2, tstamp2).left.compareTo(lowHour));
     }"
apache_druid,apache/druid,ResponseContextTest.serializeWithTruncateArrayTest,processing/src/test/java/org/apache/druid/query/context/ResponseContextTest.java,5d043cefbc63c9d1e18936dcdd4426ceaaaed431,Fix test in ResponseContextTest (#12077),unordered collections,True,32.0,260,254,25,False,0.09615384615384616,False,cue_neutral,0,0,{},{},"@Test
  public void serializeWithTruncateArrayTest() throws IOException
  {
    final ResponseContext ctx = ResponseContext.createEmpty();
    ctx.put(
        Keys.UNCOVERED_INTERVALS,
        Arrays.asList(interval(1), interval(2), interval(3), interval(4),
                      interval(5), interval(6))
    );
    // This value should be longer than the above so it is fully removed
    // before we truncate the above.
    ctx.put(
        EXTN_STRING_KEY,
        Strings.repeat(""x"", INTERVAL_LEN * 7)
    );
    final DefaultObjectMapper objectMapper = new DefaultObjectMapper();
    final String fullString = objectMapper.writeValueAsString(ctx.getDelegate());
    final ResponseContext.SerializationResult res1 = ctx.serializeWith(objectMapper, Integer.MAX_VALUE);
    Assert.assertEquals(fullString, res1.getResult());
    final int maxLen = INTERVAL_LEN * 4 + Keys.UNCOVERED_INTERVALS.getName().length() + 4 +
                       Keys.TRUNCATED.getName().length() + 6;
    final ResponseContext.SerializationResult res2 = ctx.serializeWith(objectMapper, maxLen);
    final ResponseContext ctxCopy = ResponseContext.createEmpty();
    // The resulting key array length will be half the start
    // length.
    ctxCopy.put(Keys.UNCOVERED_INTERVALS, Arrays.asList(interval(1), interval(2), interval(3)));
    ctxCopy.put(Keys.TRUNCATED, true);
    Assert.assertEquals(
        ctxCopy.getDelegate(),
        deserializeContext(res2.getResult(), objectMapper)
    );
  }","@Test
  public void serializeWithTruncateArrayTest() throws IOException
  {
    final ResponseContext ctx = ResponseContext.createEmpty();
    ctx.put(
        Keys.UNCOVERED_INTERVALS,
        Arrays.asList(interval(1), interval(2), interval(3), interval(4),
                      interval(5), interval(6))
    );
    // This value should be longer than the above so it is fully removed
    // before we truncate the above.
    ctx.put(
        EXTN_STRING_KEY,
        Strings.repeat(""x"", INTERVAL_LEN * 7)
    );
    final DefaultObjectMapper objectMapper = new DefaultObjectMapper();
    final ResponseContext.SerializationResult res1 = ctx.serializeWith(objectMapper, Integer.MAX_VALUE);
    Assert.assertEquals(ctx.getDelegate(),
        deserializeContext(res1.getResult(), objectMapper)
    );
    final int maxLen = INTERVAL_LEN * 4 + Keys.UNCOVERED_INTERVALS.getName().length() + 4 +
                       Keys.TRUNCATED.getName().length() + 6;
    final ResponseContext.SerializationResult res2 = ctx.serializeWith(objectMapper, maxLen);
    final ResponseContext ctxCopy = ResponseContext.createEmpty();
    // The resulting key array length will be half the start
    // length.
    ctxCopy.put(Keys.UNCOVERED_INTERVALS, Arrays.asList(interval(1), interval(2), interval(3)));
    ctxCopy.put(Keys.TRUNCATED, true);
    Assert.assertEquals(
        ctxCopy.getDelegate(),
        deserializeContext(res2.getResult(), objectMapper)
    );
  }","--- pre
+++ post
@@ -15,7 +15,8 @@
     );
     final DefaultObjectMapper objectMapper = new DefaultObjectMapper();
-    final String fullString = objectMapper.writeValueAsString(ctx.getDelegate());
     final ResponseContext.SerializationResult res1 = ctx.serializeWith(objectMapper, Integer.MAX_VALUE);
-    Assert.assertEquals(fullString, res1.getResult());
+    Assert.assertEquals(ctx.getDelegate(),
+        deserializeContext(res1.getResult(), objectMapper)
+    );
     final int maxLen = INTERVAL_LEN * 4 + Keys.UNCOVERED_INTERVALS.getName().length() + 4 +
                        Keys.TRUNCATED.getName().length() + 6;"
apache_hadoop,apache/hadoop,TestCopyListing.testBuildListing,hadoop-tools/hadoop-distcp/src/test/java/org/apache/hadoop/tools/TestCopyListing.java,14cd969b6ea1898e9db6eeb9ea5292ec4558a706,HADOOP-16512. [hadoop-tools] Fix order of actual and expected expression in assert statements,unknown,False,,402,404,14,False,0.034653465346534656,False,cue_neutral,0,0,{},{},"@Test(timeout=10000)
  public void testBuildListing() {
    FileSystem fs = null;
    try {
      fs = FileSystem.get(getConf());
      List<Path> srcPaths = new ArrayList<Path>();
      Path p1 = new Path(""/tmp/in/1"");
      Path p2 = new Path(""/tmp/in/2"");
      Path p3 = new Path(""/tmp/in2/2"");
      Path target = new Path(""/tmp/out/1"");
      srcPaths.add(p1.getParent());
      srcPaths.add(p3.getParent());
      TestDistCpUtils.createFile(fs, ""/tmp/in/1"");
      TestDistCpUtils.createFile(fs, ""/tmp/in/2"");
      TestDistCpUtils.createFile(fs, ""/tmp/in2/2"");
      fs.mkdirs(target);
      OutputStream out = fs.create(p1);
      out.write(""ABC"".getBytes());
      out.close();

      out = fs.create(p2);
      out.write(""DEF"".getBytes());
      out.close();

      out = fs.create(p3);
      out.write(""GHIJ"".getBytes());
      out.close();

      Path listingFile = new Path(""/tmp/file"");

      final DistCpOptions options = new DistCpOptions.Builder(srcPaths, target)
          .withSyncFolder(true)
          .build();
      CopyListing listing = new SimpleCopyListing(getConf(), CREDENTIALS);
      try {
        listing.buildListing(listingFile, new DistCpContext(options));
        Assert.fail(""Duplicates not detected"");
      } catch (DuplicateFileException ignore) {
      }
      Assert.assertEquals(listing.getBytesToCopy(), 10);
      Assert.assertEquals(listing.getNumberOfPaths(), 3);
      TestDistCpUtils.delete(fs, ""/tmp"");

      try {
        listing.buildListing(listingFile, new DistCpContext(options));
        Assert.fail(""Invalid input not detected"");
      } catch (InvalidInputException ignore) {
      }
      TestDistCpUtils.delete(fs, ""/tmp"");
    } catch (IOException e) {
      LOG.error(""Exception encountered "", e);
      Assert.fail(""Test build listing failed"");
    } finally {
      TestDistCpUtils.delete(fs, ""/tmp"");
    }
  }","@Test(timeout=10000)
  public void testBuildListing() {
    FileSystem fs = null;
    try {
      fs = FileSystem.get(getConf());
      List<Path> srcPaths = new ArrayList<Path>();
      Path p1 = new Path(""/tmp/in/1"");
      Path p2 = new Path(""/tmp/in/2"");
      Path p3 = new Path(""/tmp/in2/2"");
      Path target = new Path(""/tmp/out/1"");
      srcPaths.add(p1.getParent());
      srcPaths.add(p3.getParent());
      TestDistCpUtils.createFile(fs, ""/tmp/in/1"");
      TestDistCpUtils.createFile(fs, ""/tmp/in/2"");
      TestDistCpUtils.createFile(fs, ""/tmp/in2/2"");
      fs.mkdirs(target);
      OutputStream out = fs.create(p1);
      out.write(""ABC"".getBytes());
      out.close();

      out = fs.create(p2);
      out.write(""DEF"".getBytes());
      out.close();

      out = fs.create(p3);
      out.write(""GHIJ"".getBytes());
      out.close();

      Path listingFile = new Path(""/tmp/file"");

      final DistCpOptions options = new DistCpOptions.Builder(srcPaths, target)
          .withSyncFolder(true)
          .build();
      CopyListing listing = new SimpleCopyListing(getConf(), CREDENTIALS);
      try {
        listing.buildListing(listingFile, new DistCpContext(options));
        Assert.fail(""Duplicates not detected"");
      } catch (DuplicateFileException ignore) {
      }
      assertThat(listing.getBytesToCopy()).isEqualTo(10);
      assertThat(listing.getNumberOfPaths()).isEqualTo(3);
      TestDistCpUtils.delete(fs, ""/tmp"");

      try {
        listing.buildListing(listingFile, new DistCpContext(options));
        Assert.fail(""Invalid input not detected"");
      } catch (InvalidInputException ignore) {
      }
      TestDistCpUtils.delete(fs, ""/tmp"");
    } catch (IOException e) {
      LOG.error(""Exception encountered "", e);
      Assert.fail(""Test build listing failed"");
    } finally {
      TestDistCpUtils.delete(fs, ""/tmp"");
    }
  }","--- pre
+++ post
@@ -38,6 +38,6 @@
       } catch (DuplicateFileException ignore) {
       }
-      Assert.assertEquals(listing.getBytesToCopy(), 10);
-      Assert.assertEquals(listing.getNumberOfPaths(), 3);
+      assertThat(listing.getBytesToCopy()).isEqualTo(10);
+      assertThat(listing.getNumberOfPaths()).isEqualTo(3);
       TestDistCpUtils.delete(fs, ""/tmp"");
 "
apache_hadoop,apache/hadoop,TestCopyMapper.testSkipCopyNoPerms,hadoop-tools/hadoop-distcp/src/test/java/org/apache/hadoop/tools/mapred/TestCopyMapper.java,14cd969b6ea1898e9db6eeb9ea5292ec4558a706,HADOOP-16512. [hadoop-tools] Fix order of actual and expected expression in assert statements,unknown,False,,555,556,7,False,0.012589928057553957,False,cue_neutral,0,0,{},{},"@Test(timeout=40000)
  public void testSkipCopyNoPerms() {
    try {
      deleteState();
      createSourceData();

      UserGroupInformation tmpUser = UserGroupInformation.createRemoteUser(""guest"");

      final CopyMapper copyMapper = new CopyMapper();

      final StubContext stubContext =  tmpUser.
          doAs(new PrivilegedAction<StubContext>() {
        @Override
        public StubContext run() {
          try {
            return new StubContext(getConfiguration(), null, 0);
          } catch (Exception e) {
            LOG.error(""Exception encountered "", e);
            throw new RuntimeException(e);
          }
        }
      });

      final Mapper<Text, CopyListingFileStatus, Text, Text>.Context context =
        stubContext.getContext();
      EnumSet<DistCpOptions.FileAttribute> preserveStatus =
          EnumSet.allOf(DistCpOptions.FileAttribute.class);
      preserveStatus.remove(DistCpOptions.FileAttribute.ACL);
      preserveStatus.remove(DistCpOptions.FileAttribute.XATTR);
      preserveStatus.remove(DistCpOptions.FileAttribute.TIMES);

      context.getConfiguration().set(DistCpConstants.CONF_LABEL_PRESERVE_STATUS,
        DistCpUtils.packAttributes(preserveStatus));

      touchFile(SOURCE_PATH + ""/src/file"");
      touchFile(TARGET_PATH + ""/src/file"");
      cluster.getFileSystem().setPermission(new Path(SOURCE_PATH + ""/src/file""),
          new FsPermission(FsAction.READ, FsAction.READ, FsAction.READ));
      cluster.getFileSystem().setPermission(new Path(TARGET_PATH + ""/src/file""),
          new FsPermission(FsAction.READ, FsAction.READ, FsAction.READ));

      final FileSystem tmpFS = tmpUser.doAs(new PrivilegedAction<FileSystem>() {
        @Override
        public FileSystem run() {
          try {
            return FileSystem.get(cluster.getConfiguration(0));
          } catch (IOException e) {
            LOG.error(""Exception encountered "", e);
            Assert.fail(""Test failed: "" + e.getMessage());
            throw new RuntimeException(""Test ought to fail here"");
          }
        }
      });

      tmpUser.doAs(new PrivilegedAction<Integer>() {
        @Override
        public Integer run() {
          try {
            copyMapper.setup(context);
            copyMapper.map(new Text(""/src/file""),
                new CopyListingFileStatus(tmpFS.getFileStatus(
                  new Path(SOURCE_PATH + ""/src/file""))),
                context);
            Assert.assertEquals(stubContext.getWriter().values().size(), 1);
            Assert.assertTrue(stubContext.getWriter().values().get(0).toString().startsWith(""SKIP""));
            Assert.assertTrue(stubContext.getWriter().values().get(0).toString().
                contains(SOURCE_PATH + ""/src/file""));
          } catch (Exception e) {
            throw new RuntimeException(e);
          }
          return null;
        }
      });
    } catch (Exception e) {
      LOG.error(""Exception encountered "", e);
      Assert.fail(""Test failed: "" + e.getMessage());
    }
  }","@Test(timeout=40000)
  public void testSkipCopyNoPerms() {
    try {
      deleteState();
      createSourceData();

      UserGroupInformation tmpUser = UserGroupInformation.createRemoteUser(""guest"");

      final CopyMapper copyMapper = new CopyMapper();

      final StubContext stubContext =  tmpUser.
          doAs(new PrivilegedAction<StubContext>() {
        @Override
        public StubContext run() {
          try {
            return new StubContext(getConfiguration(), null, 0);
          } catch (Exception e) {
            LOG.error(""Exception encountered "", e);
            throw new RuntimeException(e);
          }
        }
      });

      final Mapper<Text, CopyListingFileStatus, Text, Text>.Context context =
        stubContext.getContext();
      EnumSet<DistCpOptions.FileAttribute> preserveStatus =
          EnumSet.allOf(DistCpOptions.FileAttribute.class);
      preserveStatus.remove(DistCpOptions.FileAttribute.ACL);
      preserveStatus.remove(DistCpOptions.FileAttribute.XATTR);
      preserveStatus.remove(DistCpOptions.FileAttribute.TIMES);

      context.getConfiguration().set(DistCpConstants.CONF_LABEL_PRESERVE_STATUS,
        DistCpUtils.packAttributes(preserveStatus));

      touchFile(SOURCE_PATH + ""/src/file"");
      touchFile(TARGET_PATH + ""/src/file"");
      cluster.getFileSystem().setPermission(new Path(SOURCE_PATH + ""/src/file""),
          new FsPermission(FsAction.READ, FsAction.READ, FsAction.READ));
      cluster.getFileSystem().setPermission(new Path(TARGET_PATH + ""/src/file""),
          new FsPermission(FsAction.READ, FsAction.READ, FsAction.READ));

      final FileSystem tmpFS = tmpUser.doAs(new PrivilegedAction<FileSystem>() {
        @Override
        public FileSystem run() {
          try {
            return FileSystem.get(cluster.getConfiguration(0));
          } catch (IOException e) {
            LOG.error(""Exception encountered "", e);
            Assert.fail(""Test failed: "" + e.getMessage());
            throw new RuntimeException(""Test ought to fail here"");
          }
        }
      });

      tmpUser.doAs(new PrivilegedAction<Integer>() {
        @Override
        public Integer run() {
          try {
            copyMapper.setup(context);
            copyMapper.map(new Text(""/src/file""),
                new CopyListingFileStatus(tmpFS.getFileStatus(
                  new Path(SOURCE_PATH + ""/src/file""))),
                context);
            assertThat(stubContext.getWriter().values().size()).isEqualTo(1);
            Assert.assertTrue(stubContext.getWriter().values().get(0).toString().startsWith(""SKIP""));
            Assert.assertTrue(stubContext.getWriter().values().get(0).toString().
                contains(SOURCE_PATH + ""/src/file""));
          } catch (Exception e) {
            throw new RuntimeException(e);
          }
          return null;
        }
      });
    } catch (Exception e) {
      LOG.error(""Exception encountered "", e);
      Assert.fail(""Test failed: "" + e.getMessage());
    }
  }","--- pre
+++ post
@@ -62,5 +62,5 @@
                   new Path(SOURCE_PATH + ""/src/file""))),
                 context);
-            Assert.assertEquals(stubContext.getWriter().values().size(), 1);
+            assertThat(stubContext.getWriter().values().size()).isEqualTo(1);
             Assert.assertTrue(stubContext.getWriter().values().get(0).toString().startsWith(""SKIP""));
             Assert.assertTrue(stubContext.getWriter().values().get(0).toString()."
apache_hadoop,apache/hadoop,TestDistCpUtils.testGetRelativePath,hadoop-tools/hadoop-distcp/src/test/java/org/apache/hadoop/tools/util/TestDistCpUtils.java,14cd969b6ea1898e9db6eeb9ea5292ec4558a706,HADOOP-16512. [hadoop-tools] Fix order of actual and expected expression in assert statements,unknown,False,,43,44,7,False,0.1590909090909091,False,cue_neutral,0,0,{},{},"@Test
  public void testGetRelativePath() {
    Path root = new Path(""/tmp/abc"");
    Path child = new Path(""/tmp/abc/xyz/file"");
    Assert.assertEquals(DistCpUtils.getRelativePath(root, child), ""/xyz/file"");
  }","@Test
  public void testGetRelativePath() {
    Path root = new Path(""/tmp/abc"");
    Path child = new Path(""/tmp/abc/xyz/file"");
    assertThat(DistCpUtils.getRelativePath(root, child)).isEqualTo(""/xyz/file"");
  }","--- pre
+++ post
@@ -3,4 +3,4 @@
     Path root = new Path(""/tmp/abc"");
     Path child = new Path(""/tmp/abc/xyz/file"");
-    Assert.assertEquals(DistCpUtils.getRelativePath(root, child), ""/xyz/file"");
+    assertThat(DistCpUtils.getRelativePath(root, child)).isEqualTo(""/xyz/file"");
   }"
apache_hadoop,apache/hadoop,TestDistCpUtils.testGetRelativePathRoot,hadoop-tools/hadoop-distcp/src/test/java/org/apache/hadoop/tools/util/TestDistCpUtils.java,14cd969b6ea1898e9db6eeb9ea5292ec4558a706,HADOOP-16512. [hadoop-tools] Fix order of actual and expected expression in assert statements,unknown,False,,43,44,7,False,0.1590909090909091,False,cue_neutral,0,0,{},{},"@Test
  public void testGetRelativePathRoot() {
    Path root = new Path(""/"");
    Path child = new Path(""/a"");
    Assert.assertEquals(DistCpUtils.getRelativePath(root, child), ""/a"");
  }","@Test
  public void testGetRelativePathRoot() {
    Path root = new Path(""/"");
    Path child = new Path(""/a"");
    assertThat(DistCpUtils.getRelativePath(root, child)).isEqualTo(""/a"");
  }","--- pre
+++ post
@@ -3,4 +3,4 @@
     Path root = new Path(""/"");
     Path child = new Path(""/a"");
-    Assert.assertEquals(DistCpUtils.getRelativePath(root, child), ""/a"");
+    assertThat(DistCpUtils.getRelativePath(root, child)).isEqualTo(""/a"");
   }"
apache_hadoop,apache/hadoop,TestDistCpUtils.testPackAttributes,hadoop-tools/hadoop-distcp/src/test/java/org/apache/hadoop/tools/util/TestDistCpUtils.java,14cd969b6ea1898e9db6eeb9ea5292ec4558a706,HADOOP-16512. [hadoop-tools] Fix order of actual and expected expression in assert statements,unknown,False,,185,192,49,False,0.2552083333333333,False,cue_neutral,0,0,{},{},"@Test
  public void testPackAttributes() {
    EnumSet<FileAttribute> attributes = EnumSet.noneOf(FileAttribute.class);
    Assert.assertEquals(DistCpUtils.packAttributes(attributes), """");

    attributes.add(FileAttribute.REPLICATION);
    Assert.assertEquals(DistCpUtils.packAttributes(attributes), ""R"");

    attributes.add(FileAttribute.BLOCKSIZE);
    Assert.assertEquals(DistCpUtils.packAttributes(attributes), ""RB"");

    attributes.add(FileAttribute.USER);
    attributes.add(FileAttribute.CHECKSUMTYPE);
    Assert.assertEquals(DistCpUtils.packAttributes(attributes), ""RBUC"");

    attributes.add(FileAttribute.GROUP);
    Assert.assertEquals(DistCpUtils.packAttributes(attributes), ""RBUGC"");

    attributes.add(FileAttribute.PERMISSION);
    Assert.assertEquals(DistCpUtils.packAttributes(attributes), ""RBUGPC"");

    attributes.add(FileAttribute.TIMES);
    Assert.assertEquals(DistCpUtils.packAttributes(attributes), ""RBUGPCT"");
  }","@Test
  public void testPackAttributes() {
    EnumSet<FileAttribute> attributes = EnumSet.noneOf(FileAttribute.class);
    assertThat(DistCpUtils.packAttributes(attributes)).isEqualTo("""");

    attributes.add(FileAttribute.REPLICATION);
    assertThat(DistCpUtils.packAttributes(attributes)).isEqualTo(""R"");

    attributes.add(FileAttribute.BLOCKSIZE);
    assertThat(DistCpUtils.packAttributes(attributes)).isEqualTo(""RB"");

    attributes.add(FileAttribute.USER);
    attributes.add(FileAttribute.CHECKSUMTYPE);
    assertThat(DistCpUtils.packAttributes(attributes)).isEqualTo(""RBUC"");

    attributes.add(FileAttribute.GROUP);
    assertThat(DistCpUtils.packAttributes(attributes)).isEqualTo(""RBUGC"");

    attributes.add(FileAttribute.PERMISSION);
    assertThat(DistCpUtils.packAttributes(attributes)).isEqualTo(""RBUGPC"");

    attributes.add(FileAttribute.TIMES);
    assertThat(DistCpUtils.packAttributes(attributes)).isEqualTo(""RBUGPCT"");
  }","--- pre
+++ post
@@ -2,23 +2,23 @@
   public void testPackAttributes() {
     EnumSet<FileAttribute> attributes = EnumSet.noneOf(FileAttribute.class);
-    Assert.assertEquals(DistCpUtils.packAttributes(attributes), """");
+    assertThat(DistCpUtils.packAttributes(attributes)).isEqualTo("""");
 
     attributes.add(FileAttribute.REPLICATION);
-    Assert.assertEquals(DistCpUtils.packAttributes(attributes), ""R"");
+    assertThat(DistCpUtils.packAttributes(attributes)).isEqualTo(""R"");
 
     attributes.add(FileAttribute.BLOCKSIZE);
-    Assert.assertEquals(DistCpUtils.packAttributes(attributes), ""RB"");
+    assertThat(DistCpUtils.packAttributes(attributes)).isEqualTo(""RB"");
 
     attributes.add(FileAttribute.USER);
     attributes.add(FileAttribute.CHECKSUMTYPE);
-    Assert.assertEquals(DistCpUtils.packAttributes(attributes), ""RBUC"");
+    assertThat(DistCpUtils.packAttributes(attributes)).isEqualTo(""RBUC"");
 
     attributes.add(FileAttribute.GROUP);
-    Assert.assertEquals(DistCpUtils.packAttributes(attributes), ""RBUGC"");
+    assertThat(DistCpUtils.packAttributes(attributes)).isEqualTo(""RBUGC"");
 
     attributes.add(FileAttribute.PERMISSION);
-    Assert.assertEquals(DistCpUtils.packAttributes(attributes), ""RBUGPC"");
+    assertThat(DistCpUtils.packAttributes(attributes)).isEqualTo(""RBUGPC"");
 
     attributes.add(FileAttribute.TIMES);
-    Assert.assertEquals(DistCpUtils.packAttributes(attributes), ""RBUGPCT"");
+    assertThat(DistCpUtils.packAttributes(attributes)).isEqualTo(""RBUGPCT"");
   }"
apache_hadoop,apache/hadoop,TestHadoopArchives.testReadFileContent,hadoop-tools/hadoop-archives/src/test/java/org/apache/hadoop/tools/TestHadoopArchives.java,14cd969b6ea1898e9db6eeb9ea5292ec4558a706,HADOOP-16512. [hadoop-tools] Fix order of actual and expected expression in assert statements,unknown,False,,593,596,5,False,0.008389261744966443,False,cue_neutral,0,0,{},{},"@Test
  public void testReadFileContent() throws Exception {
    fileList.add(createFile(inputPath, fs, ""c c""));
    final Path sub1 = new Path(inputPath, ""sub 1"");
    fs.mkdirs(sub1);
    fileList.add(createFile(inputPath, fs, sub1.getName(), ""file x y z""));
    fileList.add(createFile(inputPath, fs, sub1.getName(), ""file""));
    fileList.add(createFile(inputPath, fs, sub1.getName(), ""x""));
    fileList.add(createFile(inputPath, fs, sub1.getName(), ""y""));
    fileList.add(createFile(inputPath, fs, sub1.getName(), ""z""));
    final Path sub2 = new Path(inputPath, ""sub 1 with suffix"");
    fs.mkdirs(sub2);
    fileList.add(createFile(inputPath, fs, sub2.getName(), ""z""));
    // Generate a big binary file content:
    final byte[] binContent = prepareBin();
    fileList.add(createFile(inputPath, fs, binContent, sub2.getName(), ""bin""));
    fileList.add(createFile(inputPath, fs, new byte[0], sub2.getName(), ""zero-length""));

    final String fullHarPathStr = makeArchive();

    // Create fresh HarFs:
    final HarFileSystem harFileSystem = new HarFileSystem(fs);
    try {
      final URI harUri = new URI(fullHarPathStr);
      harFileSystem.initialize(harUri, fs.getConf());
      // now read the file content and compare it against the expected:
      int readFileCount = 0;
      for (final String pathStr0 : fileList) {
        final Path path = new Path(fullHarPathStr + Path.SEPARATOR + pathStr0);
        final String baseName = path.getName();
        final FileStatus status = harFileSystem.getFileStatus(path);
        if (status.isFile()) {
          // read the file:
          final byte[] actualContentSimple = readAllSimple(
              harFileSystem.open(path), true);

          final byte[] actualContentBuffer = readAllWithBuffer(
              harFileSystem.open(path), true);
          assertArrayEquals(actualContentSimple, actualContentBuffer);

          final byte[] actualContentFully = readAllWithReadFully(
              actualContentSimple.length,
              harFileSystem.open(path), true);
          assertArrayEquals(actualContentSimple, actualContentFully);

          final byte[] actualContentSeek = readAllWithSeek(
              actualContentSimple.length,
              harFileSystem.open(path), true);
          assertArrayEquals(actualContentSimple, actualContentSeek);

          final byte[] actualContentRead4
          = readAllWithRead4(harFileSystem.open(path), true);
          assertArrayEquals(actualContentSimple, actualContentRead4);

          final byte[] actualContentSkip = readAllWithSkip(
              actualContentSimple.length,
              harFileSystem.open(path),
              harFileSystem.open(path),
              true);
          assertArrayEquals(actualContentSimple, actualContentSkip);

          if (""bin"".equals(baseName)) {
            assertArrayEquals(binContent, actualContentSimple);
          } else if (""zero-length"".equals(baseName)) {
            assertEquals(0, actualContentSimple.length);
          } else {
            String actual = new String(actualContentSimple, ""UTF-8"");
            assertEquals(baseName, actual);
          }
          readFileCount++;
        }
      }
      assertEquals(fileList.size(), readFileCount);
    } finally {
      harFileSystem.close();
    }
  }","@Test
  public void testReadFileContent() throws Exception {
    fileList.add(createFile(inputPath, fs, ""c c""));
    final Path sub1 = new Path(inputPath, ""sub 1"");
    fs.mkdirs(sub1);
    fileList.add(createFile(inputPath, fs, sub1.getName(), ""file x y z""));
    fileList.add(createFile(inputPath, fs, sub1.getName(), ""file""));
    fileList.add(createFile(inputPath, fs, sub1.getName(), ""x""));
    fileList.add(createFile(inputPath, fs, sub1.getName(), ""y""));
    fileList.add(createFile(inputPath, fs, sub1.getName(), ""z""));
    final Path sub2 = new Path(inputPath, ""sub 1 with suffix"");
    fs.mkdirs(sub2);
    fileList.add(createFile(inputPath, fs, sub2.getName(), ""z""));
    // Generate a big binary file content:
    final byte[] binContent = prepareBin();
    fileList.add(createFile(inputPath, fs, binContent, sub2.getName(), ""bin""));
    fileList.add(createFile(inputPath, fs, new byte[0], sub2.getName(), ""zero-length""));

    final String fullHarPathStr = makeArchive();

    // Create fresh HarFs:
    final HarFileSystem harFileSystem = new HarFileSystem(fs);
    try {
      final URI harUri = new URI(fullHarPathStr);
      harFileSystem.initialize(harUri, fs.getConf());
      // now read the file content and compare it against the expected:
      int readFileCount = 0;
      for (final String pathStr0 : fileList) {
        final Path path = new Path(fullHarPathStr + Path.SEPARATOR + pathStr0);
        final String baseName = path.getName();
        final FileStatus status = harFileSystem.getFileStatus(path);
        if (status.isFile()) {
          // read the file:
          final byte[] actualContentSimple = readAllSimple(
              harFileSystem.open(path), true);

          final byte[] actualContentBuffer = readAllWithBuffer(
              harFileSystem.open(path), true);
          assertArrayEquals(actualContentSimple, actualContentBuffer);

          final byte[] actualContentFully = readAllWithReadFully(
              actualContentSimple.length,
              harFileSystem.open(path), true);
          assertArrayEquals(actualContentSimple, actualContentFully);

          final byte[] actualContentSeek = readAllWithSeek(
              actualContentSimple.length,
              harFileSystem.open(path), true);
          assertArrayEquals(actualContentSimple, actualContentSeek);

          final byte[] actualContentRead4
          = readAllWithRead4(harFileSystem.open(path), true);
          assertArrayEquals(actualContentSimple, actualContentRead4);

          final byte[] actualContentSkip = readAllWithSkip(
              actualContentSimple.length,
              harFileSystem.open(path),
              harFileSystem.open(path),
              true);
          assertArrayEquals(actualContentSimple, actualContentSkip);

          if (""bin"".equals(baseName)) {
            assertArrayEquals(binContent, actualContentSimple);
          } else if (""zero-length"".equals(baseName)) {
            assertEquals(0, actualContentSimple.length);
          } else {
            String actual = new String(actualContentSimple, ""UTF-8"");
            assertEquals(baseName, actual);
          }
          readFileCount++;
        }
      }
      assertThat(fileList.size()).isEqualTo(readFileCount);
    } finally {
      harFileSystem.close();
    }
  }","--- pre
+++ post
@@ -71,5 +71,5 @@
         }
       }
-      assertEquals(fileList.size(), readFileCount);
+      assertThat(fileList.size()).isEqualTo(readFileCount);
     } finally {
       harFileSystem.close();"
apache_hadoop,apache/hadoop,TestKafkaMetrics.testPutMetrics,hadoop-tools/hadoop-kafka/src/test/java/org/apache/hadoop/metrics2/impl/TestKafkaMetrics.java,14cd969b6ea1898e9db6eeb9ea5292ec4558a706,HADOOP-16512. [hadoop-tools] Fix order of actual and expected expression in assert statements,unknown,False,,413,416,5,False,0.01201923076923077,False,cue_neutral,0,0,{},{},"@Test
  @SuppressWarnings({ ""unchecked"", ""rawtypes"" })
  public void testPutMetrics() throws Exception {
    // Create a record by mocking MetricsRecord class.
    MetricsRecord record = mock(MetricsRecord.class);
    when(record.tags()).thenReturn(Lists
        .newArrayList(new MetricsTag(KafkaMetricsInfo.KafkaTag, ""test_tag"")));
    when(record.timestamp()).thenReturn(System.currentTimeMillis());

    // Create a metric using AbstractMetric class.
    AbstractMetric metric = new AbstractMetric(KafkaMetricsInfo.KafkaCounter) {
      @Override
      public Number value() {
        return new Integer(123);
      }

      @Override
      public MetricType type() {
        return null;
      }

      @Override
      public void visit(MetricsVisitor visitor) {

      }
    };

    // Create a list of metrics.
    Iterable<AbstractMetric> metrics = Lists.newArrayList(metric);
    when(record.name()).thenReturn(""Kafka record name"");
    when(record.metrics()).thenReturn(metrics);
    SubsetConfiguration conf = mock(SubsetConfiguration.class);
    when(conf.getString(KafkaSink.BROKER_LIST)).thenReturn(""localhost:9092"");
    String topic = ""myTestKafkaTopic"";
    when(conf.getString(KafkaSink.TOPIC)).thenReturn(topic);

    // Create the KafkaSink object and initialize it.
    kafkaSink = new KafkaSink();
    kafkaSink.init(conf);

    // Create a mock KafkaProducer as a producer for KafkaSink.
    Producer<Integer, byte[]> mockProducer = mock(KafkaProducer.class);
    kafkaSink.setProducer(mockProducer);

    // Create the json object from the record.
    StringBuilder jsonLines = recordToJson(record);
    if (LOG.isDebugEnabled()) {
      LOG.debug(""kafka message: "" + jsonLines.toString());
    }

    // Send the record and store the result in a mock Future.
    Future<RecordMetadata> f = mock(Future.class);
    when(mockProducer.send(any())).thenReturn(f);
    kafkaSink.putMetrics(record);

    // Get the argument and verity it.
    ArgumentCaptor<ProducerRecord> argument =
        ArgumentCaptor.forClass(ProducerRecord.class);
    verify(mockProducer).send(argument.capture());

    // Compare the received data with the original one.
    ProducerRecord<Integer, byte[]> data = (argument.getValue());
    String jsonResult = new String(data.value());
    if (LOG.isDebugEnabled()) {
      LOG.debug(""kafka result: "" + jsonResult);
    }
    assertEquals(jsonLines.toString(), jsonResult);
  }","@Test
  @SuppressWarnings({ ""unchecked"", ""rawtypes"" })
  public void testPutMetrics() throws Exception {
    // Create a record by mocking MetricsRecord class.
    MetricsRecord record = mock(MetricsRecord.class);
    when(record.tags()).thenReturn(Lists
        .newArrayList(new MetricsTag(KafkaMetricsInfo.KafkaTag, ""test_tag"")));
    when(record.timestamp()).thenReturn(System.currentTimeMillis());

    // Create a metric using AbstractMetric class.
    AbstractMetric metric = new AbstractMetric(KafkaMetricsInfo.KafkaCounter) {
      @Override
      public Number value() {
        return new Integer(123);
      }

      @Override
      public MetricType type() {
        return null;
      }

      @Override
      public void visit(MetricsVisitor visitor) {

      }
    };

    // Create a list of metrics.
    Iterable<AbstractMetric> metrics = Lists.newArrayList(metric);
    when(record.name()).thenReturn(""Kafka record name"");
    when(record.metrics()).thenReturn(metrics);
    SubsetConfiguration conf = mock(SubsetConfiguration.class);
    when(conf.getString(KafkaSink.BROKER_LIST)).thenReturn(""localhost:9092"");
    String topic = ""myTestKafkaTopic"";
    when(conf.getString(KafkaSink.TOPIC)).thenReturn(topic);

    // Create the KafkaSink object and initialize it.
    kafkaSink = new KafkaSink();
    kafkaSink.init(conf);

    // Create a mock KafkaProducer as a producer for KafkaSink.
    Producer<Integer, byte[]> mockProducer = mock(KafkaProducer.class);
    kafkaSink.setProducer(mockProducer);

    // Create the json object from the record.
    StringBuilder jsonLines = recordToJson(record);
    if (LOG.isDebugEnabled()) {
      LOG.debug(""kafka message: "" + jsonLines.toString());
    }

    // Send the record and store the result in a mock Future.
    Future<RecordMetadata> f = mock(Future.class);
    when(mockProducer.send(any())).thenReturn(f);
    kafkaSink.putMetrics(record);

    // Get the argument and verity it.
    ArgumentCaptor<ProducerRecord> argument =
        ArgumentCaptor.forClass(ProducerRecord.class);
    verify(mockProducer).send(argument.capture());

    // Compare the received data with the original one.
    ProducerRecord<Integer, byte[]> data = (argument.getValue());
    String jsonResult = new String(data.value());
    if (LOG.isDebugEnabled()) {
      LOG.debug(""kafka result: "" + jsonResult);
    }
    assertThat(jsonLines.toString()).isEqualTo(jsonResult);
  }","--- pre
+++ post
@@ -65,4 +65,4 @@
       LOG.debug(""kafka result: "" + jsonResult);
     }
-    assertEquals(jsonLines.toString(), jsonResult);
+    assertThat(jsonLines.toString()).isEqualTo(jsonResult);
   }"
apache_hadoop,apache/hadoop,TestOptionsParser.testCopyStrategy,hadoop-tools/hadoop-distcp/src/test/java/org/apache/hadoop/tools/TestOptionsParser.java,14cd969b6ea1898e9db6eeb9ea5292ec4558a706,HADOOP-16512. [hadoop-tools] Fix order of actual and expected expression in assert statements,unknown,False,,80,82,14,False,0.17073170731707318,False,cue_neutral,0,0,{},{},"@Test
  public void testCopyStrategy() {
    DistCpOptions options = OptionsParser.parse(new String[] {
        ""-strategy"",
        ""dynamic"",
        ""-f"",
        ""hdfs://localhost:8020/source/first"",
        ""hdfs://localhost:8020/target/""});
    Assert.assertEquals(options.getCopyStrategy(), ""dynamic"");

    options = OptionsParser.parse(new String[] {
        ""-f"",
        ""hdfs://localhost:8020/source/first"",
        ""hdfs://localhost:8020/target/""});
    Assert.assertEquals(options.getCopyStrategy(), DistCpConstants.UNIFORMSIZE);
  }","@Test
  public void testCopyStrategy() {
    DistCpOptions options = OptionsParser.parse(new String[] {
        ""-strategy"",
        ""dynamic"",
        ""-f"",
        ""hdfs://localhost:8020/source/first"",
        ""hdfs://localhost:8020/target/""});
    assertThat(options.getCopyStrategy()).isEqualTo(""dynamic"");

    options = OptionsParser.parse(new String[] {
        ""-f"",
        ""hdfs://localhost:8020/source/first"",
        ""hdfs://localhost:8020/target/""});
    assertThat(options.getCopyStrategy()).isEqualTo(DistCpConstants.UNIFORMSIZE);
  }","--- pre
+++ post
@@ -7,5 +7,5 @@
         ""hdfs://localhost:8020/source/first"",
         ""hdfs://localhost:8020/target/""});
-    Assert.assertEquals(options.getCopyStrategy(), ""dynamic"");
+    assertThat(options.getCopyStrategy()).isEqualTo(""dynamic"");
 
     options = OptionsParser.parse(new String[] {
@@ -13,4 +13,4 @@
         ""hdfs://localhost:8020/source/first"",
         ""hdfs://localhost:8020/target/""});
-    Assert.assertEquals(options.getCopyStrategy(), DistCpConstants.UNIFORMSIZE);
+    assertThat(options.getCopyStrategy()).isEqualTo(DistCpConstants.UNIFORMSIZE);
   }"
apache_hadoop,apache/hadoop,TestOptionsParser.testExclusionsOption,hadoop-tools/hadoop-distcp/src/test/java/org/apache/hadoop/tools/TestOptionsParser.java,14cd969b6ea1898e9db6eeb9ea5292ec4558a706,HADOOP-16512. [hadoop-tools] Fix order of actual and expected expression in assert statements,unknown,False,,72,73,7,False,0.0958904109589041,False,cue_neutral,0,0,{},{},"@Test
  public void testExclusionsOption() {
    DistCpOptions options = OptionsParser.parse(new String[] {
        ""hdfs://localhost:8020/source/first"",
        ""hdfs://localhost:8020/target/""});
    Assert.assertNull(options.getFiltersFile());

    options = OptionsParser.parse(new String[] {
        ""-filters"",
        ""/tmp/filters.txt"",
        ""hdfs://localhost:8020/source/first"",
        ""hdfs://localhost:8020/target/""});
    Assert.assertEquals(options.getFiltersFile(), ""/tmp/filters.txt"");
  }","@Test
  public void testExclusionsOption() {
    DistCpOptions options = OptionsParser.parse(new String[] {
        ""hdfs://localhost:8020/source/first"",
        ""hdfs://localhost:8020/target/""});
    Assert.assertNull(options.getFiltersFile());

    options = OptionsParser.parse(new String[] {
        ""-filters"",
        ""/tmp/filters.txt"",
        ""hdfs://localhost:8020/source/first"",
        ""hdfs://localhost:8020/target/""});
    assertThat(options.getFiltersFile()).isEqualTo(""/tmp/filters.txt"");
  }","--- pre
+++ post
@@ -11,4 +11,4 @@
         ""hdfs://localhost:8020/source/first"",
         ""hdfs://localhost:8020/target/""});
-    Assert.assertEquals(options.getFiltersFile(), ""/tmp/filters.txt"");
+    assertThat(options.getFiltersFile()).isEqualTo(""/tmp/filters.txt"");
   }"
apache_hadoop,apache/hadoop,TestOptionsParser.testOptionsAppendToConf,hadoop-tools/hadoop-distcp/src/test/java/org/apache/hadoop/tools/TestOptionsParser.java,14cd969b6ea1898e9db6eeb9ea5292ec4558a706,HADOOP-16512. [hadoop-tools] Fix order of actual and expected expression in assert statements,unknown,False,,358,363,25,False,0.06887052341597796,False,cue_neutral,0,0,{},{},"@Test
  public void testOptionsAppendToConf() {
    Configuration conf = new Configuration();
    Assert.assertFalse(conf.getBoolean(DistCpOptionSwitch.IGNORE_FAILURES.getConfigLabel(), false));
    Assert.assertFalse(conf.getBoolean(DistCpOptionSwitch.ATOMIC_COMMIT.getConfigLabel(), false));
    Assert.assertEquals(
        conf.getRaw(DistCpOptionSwitch.BANDWIDTH.getConfigLabel()), null);
    DistCpOptions options = OptionsParser.parse(new String[] {
        ""-atomic"",
        ""-i"",
        ""hdfs://localhost:8020/source/first"",
        ""hdfs://localhost:8020/target/""});
    options.appendToConf(conf);
    Assert.assertTrue(conf.getBoolean(DistCpOptionSwitch.IGNORE_FAILURES.getConfigLabel(), false));
    Assert.assertTrue(conf.getBoolean(DistCpOptionSwitch.ATOMIC_COMMIT.getConfigLabel(), false));
    Assert.assertEquals(conf.getFloat(DistCpOptionSwitch.BANDWIDTH.getConfigLabel(), -1),
        -1.0, DELTA);

    conf = new Configuration();
    Assert.assertFalse(conf.getBoolean(DistCpOptionSwitch.SYNC_FOLDERS.getConfigLabel(), false));
    Assert.assertFalse(conf.getBoolean(DistCpOptionSwitch.DELETE_MISSING.getConfigLabel(), false));
    Assert.assertEquals(conf.get(DistCpOptionSwitch.PRESERVE_STATUS.getConfigLabel()), null);
    options = OptionsParser.parse(new String[] {
        ""-update"",
        ""-delete"",
        ""-pu"",
        ""-bandwidth"",
        ""11.2"",
        ""hdfs://localhost:8020/source/first"",
        ""hdfs://localhost:8020/target/""});
    options.appendToConf(conf);
    Assert.assertTrue(conf.getBoolean(DistCpOptionSwitch.SYNC_FOLDERS.getConfigLabel(), false));
    Assert.assertTrue(conf.getBoolean(DistCpOptionSwitch.DELETE_MISSING.getConfigLabel(), false));
    Assert.assertEquals(conf.get(DistCpOptionSwitch.PRESERVE_STATUS.getConfigLabel()), ""U"");
    Assert.assertEquals(conf.getFloat(DistCpOptionSwitch.BANDWIDTH.getConfigLabel(), -1), 11.2, DELTA);
  }","@Test
  public void testOptionsAppendToConf() {
    Configuration conf = new Configuration();
    Assert.assertFalse(conf.getBoolean(DistCpOptionSwitch.IGNORE_FAILURES.getConfigLabel(), false));
    Assert.assertFalse(conf.getBoolean(DistCpOptionSwitch.ATOMIC_COMMIT.getConfigLabel(), false));
    Assert.assertEquals(
        conf.getRaw(DistCpOptionSwitch.BANDWIDTH.getConfigLabel()), null);
    DistCpOptions options = OptionsParser.parse(new String[] {
        ""-atomic"",
        ""-i"",
        ""hdfs://localhost:8020/source/first"",
        ""hdfs://localhost:8020/target/""});
    options.appendToConf(conf);
    Assert.assertTrue(conf.getBoolean(DistCpOptionSwitch.IGNORE_FAILURES.getConfigLabel(), false));
    Assert.assertTrue(conf.getBoolean(DistCpOptionSwitch.ATOMIC_COMMIT.getConfigLabel(), false));
    Assert.assertEquals(conf.getFloat(DistCpOptionSwitch.BANDWIDTH.getConfigLabel(), -1),
        -1.0, DELTA);

    conf = new Configuration();
    Assert.assertFalse(conf.getBoolean(DistCpOptionSwitch.SYNC_FOLDERS.getConfigLabel(), false));
    Assert.assertFalse(conf.getBoolean(DistCpOptionSwitch.DELETE_MISSING.getConfigLabel(), false));
    assertThat(conf.get(DistCpOptionSwitch.PRESERVE_STATUS.getConfigLabel())).isNull();
    options = OptionsParser.parse(new String[] {
        ""-update"",
        ""-delete"",
        ""-pu"",
        ""-bandwidth"",
        ""11.2"",
        ""hdfs://localhost:8020/source/first"",
        ""hdfs://localhost:8020/target/""});
    options.appendToConf(conf);
    Assert.assertTrue(conf.getBoolean(DistCpOptionSwitch.SYNC_FOLDERS.getConfigLabel(), false));
    Assert.assertTrue(conf.getBoolean(DistCpOptionSwitch.DELETE_MISSING.getConfigLabel(), false));
    assertThat(conf.get(DistCpOptionSwitch.PRESERVE_STATUS.getConfigLabel())).isEqualTo(""U"");
    assertThat(conf.getFloat(DistCpOptionSwitch.BANDWIDTH.getConfigLabel(), -1))
        .isCloseTo(11.2f, within(DELTA));
  }","--- pre
+++ post
@@ -20,5 +20,5 @@
     Assert.assertFalse(conf.getBoolean(DistCpOptionSwitch.SYNC_FOLDERS.getConfigLabel(), false));
     Assert.assertFalse(conf.getBoolean(DistCpOptionSwitch.DELETE_MISSING.getConfigLabel(), false));
-    Assert.assertEquals(conf.get(DistCpOptionSwitch.PRESERVE_STATUS.getConfigLabel()), null);
+    assertThat(conf.get(DistCpOptionSwitch.PRESERVE_STATUS.getConfigLabel())).isNull();
     options = OptionsParser.parse(new String[] {
         ""-update"",
@@ -32,5 +32,6 @@
     Assert.assertTrue(conf.getBoolean(DistCpOptionSwitch.SYNC_FOLDERS.getConfigLabel(), false));
     Assert.assertTrue(conf.getBoolean(DistCpOptionSwitch.DELETE_MISSING.getConfigLabel(), false));
-    Assert.assertEquals(conf.get(DistCpOptionSwitch.PRESERVE_STATUS.getConfigLabel()), ""U"");
-    Assert.assertEquals(conf.getFloat(DistCpOptionSwitch.BANDWIDTH.getConfigLabel(), -1), 11.2, DELTA);
+    assertThat(conf.get(DistCpOptionSwitch.PRESERVE_STATUS.getConfigLabel())).isEqualTo(""U"");
+    assertThat(conf.getFloat(DistCpOptionSwitch.BANDWIDTH.getConfigLabel(), -1))
+        .isCloseTo(11.2f, within(DELTA));
   }"
apache_hadoop,apache/hadoop,TestOptionsParser.testOptionsAppendToConfDoesntOverwriteBandwidth,hadoop-tools/hadoop-distcp/src/test/java/org/apache/hadoop/tools/TestOptionsParser.java,14cd969b6ea1898e9db6eeb9ea5292ec4558a706,HADOOP-16512. [hadoop-tools] Fix order of actual and expected expression in assert statements,unknown,False,,360,364,11,False,0.03021978021978022,False,cue_neutral,0,0,{},{},"@Test
  public void testOptionsAppendToConfDoesntOverwriteBandwidth() {
    Configuration conf = new Configuration();
    Assert.assertEquals(
        conf.getRaw(DistCpOptionSwitch.BANDWIDTH.getConfigLabel()), null);
    DistCpOptions options = OptionsParser.parse(new String[] {
        ""hdfs://localhost:8020/source/first"",
        ""hdfs://localhost:8020/target/""});
    options.appendToConf(conf);
    Assert.assertEquals(
        conf.getFloat(DistCpOptionSwitch.BANDWIDTH.getConfigLabel(), -1), -1.0,
        DELTA);

    conf = new Configuration();
    Assert.assertEquals(
        conf.getRaw(DistCpOptionSwitch.BANDWIDTH.getConfigLabel()), null);
    options = OptionsParser.parse(new String[] {
        ""-update"",
        ""-delete"",
        ""-pu"",
        ""-bandwidth"",
        ""77"",
        ""hdfs://localhost:8020/source/first"",
        ""hdfs://localhost:8020/target/""});
    options.appendToConf(conf);
    Assert.assertEquals(
        conf.getFloat(DistCpOptionSwitch.BANDWIDTH.getConfigLabel(), -1), 77.0,
        DELTA);

    conf = new Configuration();
    conf.set(DistCpOptionSwitch.BANDWIDTH.getConfigLabel(), ""88"");
    Assert.assertEquals(
        conf.getRaw(DistCpOptionSwitch.BANDWIDTH.getConfigLabel()), ""88"");
    options = OptionsParser.parse(new String[] {
        ""hdfs://localhost:8020/source/first"",
        ""hdfs://localhost:8020/target/""});
    options.appendToConf(conf);
    Assert.assertEquals(
        conf.getFloat(DistCpOptionSwitch.BANDWIDTH.getConfigLabel(), -1), 88.0,
        DELTA);

    conf = new Configuration();
    conf.set(DistCpOptionSwitch.BANDWIDTH.getConfigLabel(), ""88.0"");
    Assert.assertEquals(
        conf.getRaw(DistCpOptionSwitch.BANDWIDTH.getConfigLabel()), ""88.0"");
    options = OptionsParser.parse(new String[] {
        ""-bandwidth"",
        ""99"",
        ""hdfs://localhost:8020/source/first"",
        ""hdfs://localhost:8020/target/""});
    options.appendToConf(conf);
    Assert.assertEquals(
        conf.getFloat(DistCpOptionSwitch.BANDWIDTH.getConfigLabel(), -1), 99.0,
        DELTA);
  }","@Test
  public void testOptionsAppendToConfDoesntOverwriteBandwidth() {
    Configuration conf = new Configuration();
    Assert.assertEquals(
        conf.getRaw(DistCpOptionSwitch.BANDWIDTH.getConfigLabel()), null);
    DistCpOptions options = OptionsParser.parse(new String[] {
        ""hdfs://localhost:8020/source/first"",
        ""hdfs://localhost:8020/target/""});
    options.appendToConf(conf);
    assertThat(conf.getFloat(DistCpOptionSwitch.BANDWIDTH.getConfigLabel(), -1))
            .isCloseTo(-1.0f,within(DELTA));

    conf = new Configuration();
    Assert.assertEquals(
        conf.getRaw(DistCpOptionSwitch.BANDWIDTH.getConfigLabel()), null);
    options = OptionsParser.parse(new String[] {
        ""-update"",
        ""-delete"",
        ""-pu"",
        ""-bandwidth"",
        ""77"",
        ""hdfs://localhost:8020/source/first"",
        ""hdfs://localhost:8020/target/""});
    options.appendToConf(conf);
    Assert.assertEquals(
        conf.getFloat(DistCpOptionSwitch.BANDWIDTH.getConfigLabel(), -1), 77.0,
        DELTA);

    conf = new Configuration();
    conf.set(DistCpOptionSwitch.BANDWIDTH.getConfigLabel(), ""88"");
    Assert.assertEquals(
        conf.getRaw(DistCpOptionSwitch.BANDWIDTH.getConfigLabel()), ""88"");
    options = OptionsParser.parse(new String[] {
        ""hdfs://localhost:8020/source/first"",
        ""hdfs://localhost:8020/target/""});
    options.appendToConf(conf);
    Assert.assertEquals(
        conf.getFloat(DistCpOptionSwitch.BANDWIDTH.getConfigLabel(), -1), 88.0,
        DELTA);

    conf = new Configuration();
    conf.set(DistCpOptionSwitch.BANDWIDTH.getConfigLabel(), ""88.0"");
    Assert.assertEquals(
        conf.getRaw(DistCpOptionSwitch.BANDWIDTH.getConfigLabel()), ""88.0"");
    options = OptionsParser.parse(new String[] {
        ""-bandwidth"",
        ""99"",
        ""hdfs://localhost:8020/source/first"",
        ""hdfs://localhost:8020/target/""});
    options.appendToConf(conf);
    Assert.assertEquals(
        conf.getFloat(DistCpOptionSwitch.BANDWIDTH.getConfigLabel(), -1), 99.0,
        DELTA);
  }","--- pre
+++ post
@@ -8,7 +8,6 @@
         ""hdfs://localhost:8020/target/""});
     options.appendToConf(conf);
-    Assert.assertEquals(
-        conf.getFloat(DistCpOptionSwitch.BANDWIDTH.getConfigLabel(), -1), -1.0,
-        DELTA);
+    assertThat(conf.getFloat(DistCpOptionSwitch.BANDWIDTH.getConfigLabel(), -1))
+            .isCloseTo(-1.0f,within(DELTA));
 
     conf = new Configuration();"
apache_hadoop,apache/hadoop,TestOptionsParser.testParseMaps,hadoop-tools/hadoop-distcp/src/test/java/org/apache/hadoop/tools/TestOptionsParser.java,14cd969b6ea1898e9db6eeb9ea5292ec4558a706,HADOOP-16512. [hadoop-tools] Fix order of actual and expected expression in assert statements,unknown,False,,180,183,21,False,0.11475409836065574,False,cue_neutral,0,0,{},{},"@Test
  public void testParseMaps() {
    DistCpOptions options = OptionsParser.parse(new String[] {
        ""hdfs://localhost:8020/source/first"",
        ""hdfs://localhost:8020/target/""});
    Assert.assertEquals(options.getMaxMaps(), DistCpConstants.DEFAULT_MAPS);

    options = OptionsParser.parse(new String[] {
        ""-m"",
        ""1"",
        ""hdfs://localhost:8020/source/first"",
        ""hdfs://localhost:8020/target/""});
    Assert.assertEquals(options.getMaxMaps(), 1);

    options = OptionsParser.parse(new String[] {
        ""-m"",
        ""0"",
        ""hdfs://localhost:8020/source/first"",
        ""hdfs://localhost:8020/target/""});
    Assert.assertEquals(options.getMaxMaps(), 1);

    try {
      OptionsParser.parse(new String[] {
          ""-m"",
          ""hello"",
          ""hdfs://localhost:8020/source/first"",
          ""hdfs://localhost:8020/target/""});
      Assert.fail(""Non numberic map parsed"");
    } catch (IllegalArgumentException ignore) { }

    try {
      OptionsParser.parse(new String[] {
          ""-mapredXslConf"",
          ""hdfs://localhost:8020/source/first"",
          ""hdfs://localhost:8020/target/""});
      Assert.fail(""Non numberic map parsed"");
    } catch (IllegalArgumentException ignore) { }
  }","@Test
  public void testParseMaps() {
    DistCpOptions options = OptionsParser.parse(new String[] {
        ""hdfs://localhost:8020/source/first"",
        ""hdfs://localhost:8020/target/""});
    assertThat(options.getMaxMaps()).isEqualTo(DistCpConstants.DEFAULT_MAPS);

    options = OptionsParser.parse(new String[] {
        ""-m"",
        ""1"",
        ""hdfs://localhost:8020/source/first"",
        ""hdfs://localhost:8020/target/""});
    assertThat(options.getMaxMaps()).isEqualTo(1);

    options = OptionsParser.parse(new String[] {
        ""-m"",
        ""0"",
        ""hdfs://localhost:8020/source/first"",
        ""hdfs://localhost:8020/target/""});
    assertThat(options.getMaxMaps()).isEqualTo(1);

    try {
      OptionsParser.parse(new String[] {
          ""-m"",
          ""hello"",
          ""hdfs://localhost:8020/source/first"",
          ""hdfs://localhost:8020/target/""});
      Assert.fail(""Non numberic map parsed"");
    } catch (IllegalArgumentException ignore) { }

    try {
      OptionsParser.parse(new String[] {
          ""-mapredXslConf"",
          ""hdfs://localhost:8020/source/first"",
          ""hdfs://localhost:8020/target/""});
      Assert.fail(""Non numberic map parsed"");
    } catch (IllegalArgumentException ignore) { }
  }","--- pre
+++ post
@@ -4,5 +4,5 @@
         ""hdfs://localhost:8020/source/first"",
         ""hdfs://localhost:8020/target/""});
-    Assert.assertEquals(options.getMaxMaps(), DistCpConstants.DEFAULT_MAPS);
+    assertThat(options.getMaxMaps()).isEqualTo(DistCpConstants.DEFAULT_MAPS);
 
     options = OptionsParser.parse(new String[] {
@@ -11,5 +11,5 @@
         ""hdfs://localhost:8020/source/first"",
         ""hdfs://localhost:8020/target/""});
-    Assert.assertEquals(options.getMaxMaps(), 1);
+    assertThat(options.getMaxMaps()).isEqualTo(1);
 
     options = OptionsParser.parse(new String[] {
@@ -18,5 +18,5 @@
         ""hdfs://localhost:8020/source/first"",
         ""hdfs://localhost:8020/target/""});
-    Assert.assertEquals(options.getMaxMaps(), 1);
+    assertThat(options.getMaxMaps()).isEqualTo(1);
 
     try {"
apache_hadoop,apache/hadoop,TestOptionsParser.testParsebandwidth,hadoop-tools/hadoop-distcp/src/test/java/org/apache/hadoop/tools/TestOptionsParser.java,14cd969b6ea1898e9db6eeb9ea5292ec4558a706,HADOOP-16512. [hadoop-tools] Fix order of actual and expected expression in assert statements,unknown,False,,78,86,22,False,0.2558139534883721,False,cue_neutral,0,0,{},{},"@Test
  public void testParsebandwidth() {
    DistCpOptions options = OptionsParser.parse(new String[] {
        ""hdfs://localhost:8020/source/first"",
        ""hdfs://localhost:8020/target/""});
    Assert.assertEquals(options.getMapBandwidth(), 0, DELTA);

    options = OptionsParser.parse(new String[] {
        ""-bandwidth"",
        ""11.2"",
        ""hdfs://localhost:8020/source/first"",
        ""hdfs://localhost:8020/target/""});
    Assert.assertEquals(options.getMapBandwidth(), 11.2, DELTA);
  }","@Test
  public void testParsebandwidth() {
    DistCpOptions options = OptionsParser.parse(new String[] {
        ""hdfs://localhost:8020/source/first"",
        ""hdfs://localhost:8020/target/""});
    assertThat(options.getMapBandwidth()).isCloseTo(0f, within(DELTA));

    options = OptionsParser.parse(new String[] {
        ""-bandwidth"",
        ""11.2"",
        ""hdfs://localhost:8020/source/first"",
        ""hdfs://localhost:8020/target/""});
    assertThat(options.getMapBandwidth()).isCloseTo(11.2f, within(DELTA));
  }","--- pre
+++ post
@@ -4,5 +4,5 @@
         ""hdfs://localhost:8020/source/first"",
         ""hdfs://localhost:8020/target/""});
-    Assert.assertEquals(options.getMapBandwidth(), 0, DELTA);
+    assertThat(options.getMapBandwidth()).isCloseTo(0f, within(DELTA));
 
     options = OptionsParser.parse(new String[] {
@@ -11,4 +11,4 @@
         ""hdfs://localhost:8020/source/first"",
         ""hdfs://localhost:8020/target/""});
-    Assert.assertEquals(options.getMapBandwidth(), 11.2, DELTA);
+    assertThat(options.getMapBandwidth()).isCloseTo(11.2f, within(DELTA));
   }"
apache_hadoop,apache/hadoop,TestPendingReconstruction.testPendingAndInvalidate,hadoop-hdfs-project/hadoop-hdfs/src/test/java/org/apache/hadoop/hdfs/server/blockmanagement/TestPendingReconstruction.java,cceb68ffeaebe31c11012faa294fe027d04706a8,HDFS-10618. TestPendingReconstruction#testPendingAndInvalidate is flaky due to race condition. Contributed by Eric Badger.,unknown,False,,393,393,28,False,0.07124681933842239,False,cue_neutral,0,0,{},{},"@Test
  public void testPendingAndInvalidate() throws Exception {
    final Configuration CONF = new HdfsConfiguration();
    CONF.setLong(DFSConfigKeys.DFS_BLOCK_SIZE_KEY, 1024);
    CONF.setLong(DFSConfigKeys.DFS_HEARTBEAT_INTERVAL_KEY,
        DFS_REPLICATION_INTERVAL);
    CONF.setInt(DFS_NAMENODE_REDUNDANCY_INTERVAL_SECONDS_KEY,
        DFS_REPLICATION_INTERVAL);
    MiniDFSCluster cluster = new MiniDFSCluster.Builder(CONF).numDataNodes(
        DATANODE_COUNT).build();
    cluster.waitActive();

    FSNamesystem namesystem = cluster.getNamesystem();
    BlockManager bm = namesystem.getBlockManager();
    DistributedFileSystem fs = cluster.getFileSystem();
    try {
      // 1. create a file
      Path filePath = new Path(""/tmp.txt"");
      DFSTestUtil.createFile(fs, filePath, 1024, (short) 3, 0L);

      // 2. disable the heartbeats
      for (DataNode dn : cluster.getDataNodes()) {
        DataNodeTestUtils.setHeartbeatsDisabledForTests(dn, true);
      }

      // 3. mark a couple of blocks as corrupt
      LocatedBlock block = NameNodeAdapter.getBlockLocations(
          cluster.getNameNode(), filePath.toString(), 0, 1).get(0);
      cluster.getNamesystem().writeLock();
      try {
        bm.findAndMarkBlockAsCorrupt(block.getBlock(), block.getLocations()[0],
            ""STORAGE_ID"", ""TEST"");
        bm.findAndMarkBlockAsCorrupt(block.getBlock(), block.getLocations()[1],
            ""STORAGE_ID"", ""TEST"");
      } finally {
        cluster.getNamesystem().writeUnlock();
      }
      BlockManagerTestUtil.computeAllPendingWork(bm);
      BlockManagerTestUtil.updateState(bm);
      assertEquals(bm.getPendingReconstructionBlocksCount(), 1L);
      BlockInfo storedBlock = bm.getStoredBlock(block.getBlock().getLocalBlock());
      assertEquals(bm.pendingReconstruction.getNumReplicas(storedBlock), 2);

      // 4. delete the file
      fs.delete(filePath, true);
      // retry at most 10 times, each time sleep for 1s. Note that 10s is much
      // less than the default pending record timeout (5~10min)
      int retries = 10;
      long pendingNum = bm.getPendingReconstructionBlocksCount();
      while (pendingNum != 0 && retries-- > 0) {
        Thread.sleep(1000);  // let NN do the deletion
        BlockManagerTestUtil.updateState(bm);
        pendingNum = bm.getPendingReconstructionBlocksCount();
      }
      assertEquals(pendingNum, 0L);
    } finally {
      cluster.shutdown();
    }
  }","@Test
  public void testPendingAndInvalidate() throws Exception {
    final Configuration CONF = new HdfsConfiguration();
    CONF.setLong(DFSConfigKeys.DFS_BLOCK_SIZE_KEY, 1024);
    CONF.setLong(DFSConfigKeys.DFS_HEARTBEAT_INTERVAL_KEY,
        DFS_REPLICATION_INTERVAL);
    CONF.setInt(DFS_NAMENODE_REDUNDANCY_INTERVAL_SECONDS_KEY,
        DFS_REPLICATION_INTERVAL);
    MiniDFSCluster cluster = new MiniDFSCluster.Builder(CONF).numDataNodes(
        DATANODE_COUNT).build();
    cluster.waitActive();

    FSNamesystem namesystem = cluster.getNamesystem();
    BlockManager bm = namesystem.getBlockManager();
    DistributedFileSystem fs = cluster.getFileSystem();
    try {
      // 1. create a file
      Path filePath = new Path(""/tmp.txt"");
      DFSTestUtil.createFile(fs, filePath, 1024, (short) 3, 0L);

      // 2. disable the heartbeats
      for (DataNode dn : cluster.getDataNodes()) {
        DataNodeTestUtils.setHeartbeatsDisabledForTests(dn, true);
      }

      // 3. mark a couple of blocks as corrupt
      LocatedBlock block = NameNodeAdapter.getBlockLocations(
          cluster.getNameNode(), filePath.toString(), 0, 1).get(0);
      cluster.getNamesystem().writeLock();
      try {
        bm.findAndMarkBlockAsCorrupt(block.getBlock(), block.getLocations()[0],
            ""STORAGE_ID"", ""TEST"");
        bm.findAndMarkBlockAsCorrupt(block.getBlock(), block.getLocations()[1],
            ""STORAGE_ID"", ""TEST"");
        BlockManagerTestUtil.computeAllPendingWork(bm);
        BlockManagerTestUtil.updateState(bm);
        assertEquals(bm.getPendingReconstructionBlocksCount(), 1L);
        BlockInfo storedBlock = bm.getStoredBlock(block.getBlock().getLocalBlock());
        assertEquals(bm.pendingReconstruction.getNumReplicas(storedBlock), 2);
      } finally {
        cluster.getNamesystem().writeUnlock();
      }

      // 4. delete the file
      fs.delete(filePath, true);
      // retry at most 10 times, each time sleep for 1s. Note that 10s is much
      // less than the default pending record timeout (5~10min)
      int retries = 10;
      long pendingNum = bm.getPendingReconstructionBlocksCount();
      while (pendingNum != 0 && retries-- > 0) {
        Thread.sleep(1000);  // let NN do the deletion
        BlockManagerTestUtil.updateState(bm);
        pendingNum = bm.getPendingReconstructionBlocksCount();
      }
      assertEquals(pendingNum, 0L);
    } finally {
      cluster.shutdown();
    }
  }","--- pre
+++ post
@@ -33,12 +33,12 @@
         bm.findAndMarkBlockAsCorrupt(block.getBlock(), block.getLocations()[1],
             ""STORAGE_ID"", ""TEST"");
+        BlockManagerTestUtil.computeAllPendingWork(bm);
+        BlockManagerTestUtil.updateState(bm);
+        assertEquals(bm.getPendingReconstructionBlocksCount(), 1L);
+        BlockInfo storedBlock = bm.getStoredBlock(block.getBlock().getLocalBlock());
+        assertEquals(bm.pendingReconstruction.getNumReplicas(storedBlock), 2);
       } finally {
         cluster.getNamesystem().writeUnlock();
       }
-      BlockManagerTestUtil.computeAllPendingWork(bm);
-      BlockManagerTestUtil.updateState(bm);
-      assertEquals(bm.getPendingReconstructionBlocksCount(), 1L);
-      BlockInfo storedBlock = bm.getStoredBlock(block.getBlock().getLocalBlock());
-      assertEquals(bm.pendingReconstruction.getNumReplicas(storedBlock), 2);
 
       // 4. delete the file"
apache_hive,apache/hive,TestRuntimeStats.testCleanup,standalone-metastore/src/test/java/org/apache/hadoop/hive/metastore/client/TestRuntimeStats.java,22ca245f311be348fe39469c4e7acdf06797f989,"HIVE-19971: TestRuntimeStats.testCleanup() is flaky (Andrew Sherman via Peter Vary, Zoltan Haindrich)",unknown,False,,118,120,5,False,0.041666666666666664,False,cue_neutral,1,1,{'TimeUnit': 1},{'Thread': 1},"@Test
  public void testCleanup() throws Exception {
    ObjectStore objStore = new ObjectStore();
    objStore.setConf(metaStore.getConf());
    objStore.deleteRuntimeStats(0);
    objStore.addRuntimeStat(createStat(1));
    Thread.sleep(2000);
    objStore.addRuntimeStat(createStat(2));
    int deleted = objStore.deleteRuntimeStats(1);
    assertEquals(1, deleted);

    List<RuntimeStat> all = getRuntimeStats();
    assertEquals(1, all.size());
    assertEquals(2, all.get(0).getWeight());

  }","@Test
  public void testCleanup() throws Exception {
    ObjectStore objStore = new ObjectStore();
    objStore.setConf(metaStore.getConf());
    objStore.deleteRuntimeStats(0);
    objStore.addRuntimeStat(createStat(1));
    TimeUnit.SECONDS.sleep(6);
    objStore.addRuntimeStat(createStat(2));
    int deleted = objStore.deleteRuntimeStats(5);
    assertEquals(1, deleted);

    List<RuntimeStat> all = getRuntimeStats();
    assertEquals(1, all.size());
    assertEquals(2, all.get(0).getWeight());

  }","--- pre
+++ post
@@ -5,7 +5,7 @@
     objStore.deleteRuntimeStats(0);
     objStore.addRuntimeStat(createStat(1));
-    Thread.sleep(2000);
+    TimeUnit.SECONDS.sleep(6);
     objStore.addRuntimeStat(createStat(2));
-    int deleted = objStore.deleteRuntimeStats(1);
+    int deleted = objStore.deleteRuntimeStats(5);
     assertEquals(1, deleted);
 "
apache_ignite,apache/ignite,BinaryMetadataUpdatesFlowTest.testFlowNoConflicts,modules/core/src/test/java/org/apache/ignite/internal/processors/cache/binary/BinaryMetadataUpdatesFlowTest.java,5fa5c5483d7dda59cc7806cd647f00bbdb66b216,IGNITE-9837 Fixed flaky BinaryMetadataUpdatesFlowTest.testConcurrentMetadataUpdates - Fixes #4969.,unknown,False,,188,200,12,False,0.06,False,cue_added,2,0,{'join': 2},{},"public void testFlowNoConflicts() throws Exception {
        startComputation(0, stopFlag0);

        startComputation(1, stopFlag1);

        startComputation(2, stopFlag2);

        startComputation(3, stopFlag3);

        startComputation(4, stopFlag4);

        Thread killer = new Thread(new ServerNodeKiller());
        Thread resurrection = new Thread(new ServerNodeResurrection());
        killer.setName(""node-killer-thread"");
        killer.start();
        resurrection.setName(""node-resurrection-thread"");
        resurrection.start();

        START_LATCH.countDown();

        while (!updatesQueue.isEmpty())
            Thread.sleep(1000);

        FINISH_LATCH_NO_CLIENTS.await();

        IgniteEx ignite0 = grid(0);

        IgniteCache<Object, Object> cache0 = ignite0.cache(DEFAULT_CACHE_NAME);

        int cacheEntries = cache0.size(CachePeekMode.PRIMARY);

        assertTrue(""Cache cannot contain more entries than were put in it;"", cacheEntries <= UPDATES_COUNT);

        assertEquals(""There are less than expected entries, data loss occurred;"", UPDATES_COUNT, cacheEntries);

        killer.interrupt();
        resurrection.interrupt();
    }","public void testFlowNoConflicts() throws Exception {
        startComputation(0, stopFlag0);

        startComputation(1, stopFlag1);

        startComputation(2, stopFlag2);

        startComputation(3, stopFlag3);

        startComputation(4, stopFlag4);

        Thread killer = new Thread(new ServerNodeKiller());
        Thread resurrection = new Thread(new ServerNodeResurrection());
        killer.setName(""node-killer-thread"");
        killer.start();
        resurrection.setName(""node-resurrection-thread"");
        resurrection.start();

        START_LATCH.countDown();

        while (!updatesQueue.isEmpty())
            Thread.sleep(1000);

        FINISH_LATCH_NO_CLIENTS.await();

        IgniteEx ignite0 = grid(0);

        IgniteCache<Object, Object> cache0 = ignite0.cache(DEFAULT_CACHE_NAME);

        int cacheEntries = cache0.size(CachePeekMode.PRIMARY);

        assertTrue(""Cache cannot contain more entries than were put in it;"", cacheEntries <= UPDATES_COUNT);

        assertEquals(""There are less than expected entries, data loss occurred;"", UPDATES_COUNT, cacheEntries);

        killer.interrupt();
        resurrection.interrupt();

        killer.join();
        resurrection.join();
    }","--- pre
+++ post
@@ -36,3 +36,6 @@
         killer.interrupt();
         resurrection.interrupt();
+
+        killer.join();
+        resurrection.join();
     }"
apache_ignite,apache/ignite,BinaryMetadataUpdatesFlowTest.testFlowNoConflictsWithClients,modules/core/src/test/java/org/apache/ignite/internal/processors/cache/binary/BinaryMetadataUpdatesFlowTest.java,5fa5c5483d7dda59cc7806cd647f00bbdb66b216,IGNITE-9837 Fixed flaky BinaryMetadataUpdatesFlowTest.testConcurrentMetadataUpdates - Fixes #4969.,unknown,False,,183,195,12,False,0.06153846153846154,False,cue_added,2,0,{'join': 2},{},"public void testFlowNoConflictsWithClients() throws Exception {
        startComputation(0, stopFlag0);

        if (!tcpDiscovery())
            return;

        startComputation(1, stopFlag1);

        startComputation(2, stopFlag2);

        startComputation(3, stopFlag3);

        startComputation(4, stopFlag4);

        final Set<Integer> deafClientObservedIds = new ConcurrentHashSet<>();

        startListening(5, true, deafClientObservedIds);

        final Set<Integer> regClientObservedIds = new ConcurrentHashSet<>();

        startListening(6, false, regClientObservedIds);

        START_LATCH.countDown();

        Thread killer = new Thread(new ServerNodeKiller());
        Thread resurrection = new Thread(new ServerNodeResurrection());
        killer.setName(""node-killer-thread"");
        killer.start();
        resurrection.setName(""node-resurrection-thread"");
        resurrection.start();

        while (!updatesQueue.isEmpty())
            Thread.sleep(1000);

        killer.interrupt();
        resurrection.interrupt();
    }","public void testFlowNoConflictsWithClients() throws Exception {
        startComputation(0, stopFlag0);

        if (!tcpDiscovery())
            return;

        startComputation(1, stopFlag1);

        startComputation(2, stopFlag2);

        startComputation(3, stopFlag3);

        startComputation(4, stopFlag4);

        final Set<Integer> deafClientObservedIds = new ConcurrentHashSet<>();

        startListening(5, true, deafClientObservedIds);

        final Set<Integer> regClientObservedIds = new ConcurrentHashSet<>();

        startListening(6, false, regClientObservedIds);

        START_LATCH.countDown();

        Thread killer = new Thread(new ServerNodeKiller());
        Thread resurrection = new Thread(new ServerNodeResurrection());
        killer.setName(""node-killer-thread"");
        killer.start();
        resurrection.setName(""node-resurrection-thread"");
        resurrection.start();

        while (!updatesQueue.isEmpty())
            Thread.sleep(1000);

        killer.interrupt();
        resurrection.interrupt();

        killer.join();
        resurrection.join();
    }","--- pre
+++ post
@@ -35,3 +35,6 @@
         killer.interrupt();
         resurrection.interrupt();
+
+        killer.join();
+        resurrection.join();
     }"
apache_ignite,apache/ignite,GridTcpCommunicationSpiConfigSelfTest.testLocalPortRange,modules/core/src/test/java/org/apache/ignite/spi/communication/tcp/GridTcpCommunicationSpiConfigSelfTest.java,525a0636a10460c6db373ffb4badeff31a42471b,IGNITE-9589 Fixed flaky GridTcpCommunicationSpiConfigSelfTest (use available port for the run) - Fixes #4751.,unknown,False,,59,52,21,False,0.3559322033898305,False,cue_neutral,0,0,{},{},"public void testLocalPortRange() throws Exception {
        try {
            IgniteConfiguration cfg = getConfiguration();

            TcpCommunicationSpi spi = new TcpCommunicationSpi();

            spi.setLocalPortRange(0);
            cfg.setCommunicationSpi(spi);

            startGrid(cfg.getIgniteInstanceName(), cfg);
        }
        finally {
            stopAllGrids();
        }
    }","public void testLocalPortRange() throws Exception {
        IgniteConfiguration cfg = getConfiguration();

        TcpCommunicationSpi commSpi = new TcpCommunicationSpi();

        commSpi.setLocalPortRange(0);
        commSpi.setLocalPort(getFreeCommPort());

        cfg.setCommunicationSpi(commSpi);

        startGrid(cfg);
    }","--- pre
+++ post
@@ -1,15 +1,12 @@
 public void testLocalPortRange() throws Exception {
-        try {
-            IgniteConfiguration cfg = getConfiguration();
+        IgniteConfiguration cfg = getConfiguration();
 
-            TcpCommunicationSpi spi = new TcpCommunicationSpi();
+        TcpCommunicationSpi commSpi = new TcpCommunicationSpi();
 
-            spi.setLocalPortRange(0);
-            cfg.setCommunicationSpi(spi);
+        commSpi.setLocalPortRange(0);
+        commSpi.setLocalPort(getFreeCommPort());
 
-            startGrid(cfg.getIgniteInstanceName(), cfg);
-        }
-        finally {
-            stopAllGrids();
-        }
+        cfg.setCommunicationSpi(commSpi);
+
+        startGrid(cfg);
     }"
apache_kafka,apache/kafka,ConsumerCoordinatorTest.testForceMetadataRefreshForPatternSubscriptionDuringRebalance,clients/src/test/java/org/apache/kafka/clients/consumer/internals/ConsumerCoordinatorTest.java,29383d6d6a3d42d30e815fbbb084275d449928c8,KAFKA-7604; Fix flaky unit test `testRebalanceAfterTopicUnavailableWithPatternSubscribe` (#5889),unknown,False,,285,284,7,False,0.02456140350877193,False,cue_neutral,0,0,{},{},"@Test
    public void testForceMetadataRefreshForPatternSubscriptionDuringRebalance() {
        // Set up a non-leader consumer with pattern subscription and a cluster containing one topic matching the
        // pattern.
        final String consumerId = ""consumer"";

        subscriptions.subscribe(Pattern.compile("".*""), rebalanceListener);
        client.updateMetadata(TestUtils.metadataUpdateWith(1, singletonMap(topic1, 1)));
        assertEquals(singleton(topic1), subscriptions.subscription());

        client.prepareResponse(groupCoordinatorResponse(node, Errors.NONE));
        coordinator.ensureCoordinatorReady(time.timer(Long.MAX_VALUE));

        // Instrument the test so that metadata will contain two topics after next refresh.
        client.prepareMetadataUpdate(metadataResponse);

        client.prepareResponse(joinGroupFollowerResponse(1, consumerId, ""leader"", Errors.NONE));
        client.prepareResponse(new MockClient.RequestMatcher() {
            @Override
            public boolean matches(AbstractRequest body) {
                SyncGroupRequest sync = (SyncGroupRequest) body;
                return sync.memberId().equals(consumerId) &&
                    sync.generationId() == 1 &&
                    sync.groupAssignment().isEmpty();
            }
        }, syncGroupResponse(singletonList(t1p), Errors.NONE));

        partitionAssignor.prepare(singletonMap(consumerId, singletonList(t1p)));

        // This will trigger rebalance.
        coordinator.poll(time.timer(Long.MAX_VALUE));

        // Make sure that the metadata was refreshed during the rebalance and thus subscriptions now contain two topics.
        final Set<String> updatedSubscriptionSet = new HashSet<>(Arrays.asList(topic1, topic2));
        assertEquals(updatedSubscriptionSet, subscriptions.subscription());

        // Refresh the metadata again. Since there have been no changes since the last refresh, it won't trigger
        // rebalance again.
        metadata.requestUpdate();
        client.poll(Long.MAX_VALUE, time.milliseconds());
        assertFalse(coordinator.rejoinNeededOrPending());
    }","@Test
    public void testForceMetadataRefreshForPatternSubscriptionDuringRebalance() {
        // Set up a non-leader consumer with pattern subscription and a cluster containing one topic matching the
        // pattern.
        final String consumerId = ""consumer"";

        subscriptions.subscribe(Pattern.compile("".*""), rebalanceListener);
        client.updateMetadata(TestUtils.metadataUpdateWith(1, singletonMap(topic1, 1)));
        assertEquals(singleton(topic1), subscriptions.subscription());

        client.prepareResponse(groupCoordinatorResponse(node, Errors.NONE));
        coordinator.ensureCoordinatorReady(time.timer(Long.MAX_VALUE));

        // Instrument the test so that metadata will contain two topics after next refresh.
        client.prepareMetadataUpdate(metadataResponse);

        client.prepareResponse(joinGroupFollowerResponse(1, consumerId, ""leader"", Errors.NONE));
        client.prepareResponse(new MockClient.RequestMatcher() {
            @Override
            public boolean matches(AbstractRequest body) {
                SyncGroupRequest sync = (SyncGroupRequest) body;
                return sync.memberId().equals(consumerId) &&
                    sync.generationId() == 1 &&
                    sync.groupAssignment().isEmpty();
            }
        }, syncGroupResponse(singletonList(t1p), Errors.NONE));

        partitionAssignor.prepare(singletonMap(consumerId, singletonList(t1p)));

        // This will trigger rebalance.
        coordinator.poll(time.timer(Long.MAX_VALUE));

        // Make sure that the metadata was refreshed during the rebalance and thus subscriptions now contain two topics.
        final Set<String> updatedSubscriptionSet = new HashSet<>(Arrays.asList(topic1, topic2));
        assertEquals(updatedSubscriptionSet, subscriptions.subscription());

        // Refresh the metadata again. Since there have been no changes since the last refresh, it won't trigger
        // rebalance again.
        metadata.requestUpdate();
        consumerClient.poll(time.timer(Long.MAX_VALUE));
        assertFalse(coordinator.rejoinNeededOrPending());
    }","--- pre
+++ post
@@ -38,5 +38,5 @@
         // rebalance again.
         metadata.requestUpdate();
-        client.poll(Long.MAX_VALUE, time.milliseconds());
+        consumerClient.poll(time.timer(Long.MAX_VALUE));
         assertFalse(coordinator.rejoinNeededOrPending());
     }"
apache_kafka,apache/kafka,SelectorTest.testGracefulClose,clients/src/test/java/org/apache/kafka/common/network/SelectorTest.java,1e823a6884c8123635756fda56ed1e77ea725ff3,KAFKA-9457; Fix flaky test org.apache.kafka.common.network.SelectorTest.testGracefulClose (#7989),unknown,False,,182,196,21,False,0.10714285714285714,False,cue_neutral,0,0,{},{},"@Test
    public void testGracefulClose() throws Exception {
        int maxReceiveCountAfterClose = 0;
        for (int i = 6; i <= 100 && maxReceiveCountAfterClose < 5; i++) {
            int receiveCount = 0;
            KafkaChannel channel = createConnectionWithPendingReceives(i);
            selector.poll(1000);
            assertEquals(1, selector.completedReceives().size()); // wait for first receive
            server.closeConnections();
            while (selector.disconnected().isEmpty()) {
                selector.poll(1);
                receiveCount += selector.completedReceives().size();
                assertTrue(""Too many completed receives in one poll"", selector.completedReceives().size() <= 1);
            }
            assertEquals(channel.id(), selector.disconnected().keySet().iterator().next());
            maxReceiveCountAfterClose = Math.max(maxReceiveCountAfterClose, receiveCount);
        }
        assertTrue(""Too few receives after close: "" + maxReceiveCountAfterClose, maxReceiveCountAfterClose >= 5);
    }","@Test
    public void testGracefulClose() throws Exception {
        int maxReceiveCountAfterClose = 0;
        for (int i = 6; i <= 100 && maxReceiveCountAfterClose < 5; i++) {
            int receiveCount = 0;
            KafkaChannel channel = createConnectionWithPendingReceives(i);
            // Poll until one or more receives complete and then close the server-side connection
            TestUtils.waitForCondition(() -> {
                selector.poll(1000);
                return selector.completedReceives().size() > 0;
            }, 5000, ""Receive not completed"");
            server.closeConnections();
            while (selector.disconnected().isEmpty()) {
                selector.poll(1);
                receiveCount += selector.completedReceives().size();
                assertTrue(""Too many completed receives in one poll"", selector.completedReceives().size() <= 1);
            }
            assertEquals(channel.id(), selector.disconnected().keySet().iterator().next());
            maxReceiveCountAfterClose = Math.max(maxReceiveCountAfterClose, receiveCount);
        }
        assertTrue(""Too few receives after close: "" + maxReceiveCountAfterClose, maxReceiveCountAfterClose >= 5);
    }","--- pre
+++ post
@@ -5,6 +5,9 @@
             int receiveCount = 0;
             KafkaChannel channel = createConnectionWithPendingReceives(i);
-            selector.poll(1000);
-            assertEquals(1, selector.completedReceives().size()); // wait for first receive
+            // Poll until one or more receives complete and then close the server-side connection
+            TestUtils.waitForCondition(() -> {
+                selector.poll(1000);
+                return selector.completedReceives().size() > 0;
+            }, 5000, ""Receive not completed"");
             server.closeConnections();
             while (selector.disconnected().isEmpty()) {"
apache_ozone,apache/ozone,TestPipelineClose.testPipelineCloseWithLogFailure,hadoop-ozone/integration-test/src/test/java/org/apache/hadoop/hdds/scm/pipeline/TestPipelineClose.java,a9d1d2b14c476a914211f6d3eb65bdf34e5a1a24,Increase timeout,unknown,False,,266,247,20,False,0.07518796992481203,False,cue_neutral,0,0,{},{},"@Test
  public void testPipelineCloseWithLogFailure() throws IOException {

    EventQueue eventQ = (EventQueue) scm.getEventQueue();
    PipelineActionHandler pipelineActionTest =
        Mockito.mock(PipelineActionHandler.class);
    eventQ.addHandler(SCMEvents.PIPELINE_ACTIONS, pipelineActionTest);
    ArgumentCaptor<PipelineActionsFromDatanode> actionCaptor =
        ArgumentCaptor.forClass(PipelineActionsFromDatanode.class);

    ContainerInfo containerInfo = containerManager
        .allocateContainer(new RatisReplicationConfig(
            ReplicationFactor.THREE), ""testOwner"");
    ContainerWithPipeline containerWithPipeline =
        new ContainerWithPipeline(containerInfo,
            pipelineManager.getPipeline(containerInfo.getPipelineID()));
    Pipeline openPipeline = containerWithPipeline.getPipeline();
    RaftGroupId groupId = RaftGroupId.valueOf(openPipeline.getId().getId());

    try {
      pipelineManager.getPipeline(openPipeline.getId());
    } catch (PipelineNotFoundException e) {
      Assert.assertTrue(""pipeline should exist"", false);
    }

    DatanodeDetails datanodeDetails = openPipeline.getNodes().get(0);
    int index = cluster.getHddsDatanodeIndex(datanodeDetails);

    XceiverServerRatis xceiverRatis =
        (XceiverServerRatis) cluster.getHddsDatanodes().get(index)
        .getDatanodeStateMachine().getContainer().getWriteChannel();

    /**
     * Notify Datanode Ratis Server endpoint of a Ratis log failure.
     * This is expected to trigger an immediate pipeline actions report to SCM
     */
    xceiverRatis.handleNodeLogFailure(groupId, null);

    // verify SCM receives a pipeline action report ""immediately""
    Mockito.verify(pipelineActionTest, Mockito.timeout(100))
        .onMessage(
            actionCaptor.capture(),
            Mockito.any(EventPublisher.class));

    PipelineActionsFromDatanode actionsFromDatanode =
        actionCaptor.getValue();

    // match the pipeline id
    verifyCloseForPipeline(openPipeline, actionsFromDatanode);
  }","@Test
  public void testPipelineCloseWithLogFailure() throws IOException {

    EventQueue eventQ = (EventQueue) scm.getEventQueue();
    PipelineActionHandler pipelineActionTest =
        Mockito.mock(PipelineActionHandler.class);
    eventQ.addHandler(SCMEvents.PIPELINE_ACTIONS, pipelineActionTest);
    ArgumentCaptor<PipelineActionsFromDatanode> actionCaptor =
        ArgumentCaptor.forClass(PipelineActionsFromDatanode.class);

    ContainerInfo containerInfo = containerManager
        .allocateContainer(new RatisReplicationConfig(
            ReplicationFactor.THREE), ""testOwner"");
    ContainerWithPipeline containerWithPipeline =
        new ContainerWithPipeline(containerInfo,
            pipelineManager.getPipeline(containerInfo.getPipelineID()));
    Pipeline openPipeline = containerWithPipeline.getPipeline();
    RaftGroupId groupId = RaftGroupId.valueOf(openPipeline.getId().getId());

    pipelineManager.getPipeline(openPipeline.getId());

    DatanodeDetails datanodeDetails = openPipeline.getNodes().get(0);
    int index = cluster.getHddsDatanodeIndex(datanodeDetails);

    XceiverServerRatis xceiverRatis =
        (XceiverServerRatis) cluster.getHddsDatanodes().get(index)
        .getDatanodeStateMachine().getContainer().getWriteChannel();

    /**
     * Notify Datanode Ratis Server endpoint of a Ratis log failure.
     * This is expected to trigger an immediate pipeline actions report to SCM
     */
    xceiverRatis.handleNodeLogFailure(groupId, null);

    // verify SCM receives a pipeline action report ""immediately""
    Mockito.verify(pipelineActionTest, Mockito.timeout(500))
        .onMessage(
            actionCaptor.capture(),
            Mockito.any(EventPublisher.class));

    PipelineActionsFromDatanode actionsFromDatanode =
        actionCaptor.getValue();

    // match the pipeline id
    verifyCloseForPipeline(openPipeline, actionsFromDatanode);
  }","--- pre
+++ post
@@ -18,9 +18,5 @@
     RaftGroupId groupId = RaftGroupId.valueOf(openPipeline.getId().getId());
 
-    try {
-      pipelineManager.getPipeline(openPipeline.getId());
-    } catch (PipelineNotFoundException e) {
-      Assert.assertTrue(""pipeline should exist"", false);
-    }
+    pipelineManager.getPipeline(openPipeline.getId());
 
     DatanodeDetails datanodeDetails = openPipeline.getNodes().get(0);
@@ -38,5 +34,5 @@
 
     // verify SCM receives a pipeline action report ""immediately""
-    Mockito.verify(pipelineActionTest, Mockito.timeout(100))
+    Mockito.verify(pipelineActionTest, Mockito.timeout(500))
         .onMessage(
             actionCaptor.capture(),"
apache_ozone,apache/ozone,TestSCMUpdateServiceGrpcServer.testClientUpdateWithDelayedRevoke,hadoop-hdds/server-scm/src/test/java/org/apache/hadoop/hdds/scm/update/server/TestSCMUpdateServiceGrpcServer.java,a5cc88635f9cf0dd36858bf69f477471996961f0,HDDS-5319 Intermittent failure in TestSCMUpdateServiceGrpcServer  (#2558),async wait,True,27.0,387,389,6,False,0.015424164524421594,False,cue_neutral,0,0,{},{},"@Ignore(""HDDS-5319"")
  @Test
  public void testClientUpdateWithDelayedRevoke() throws Exception {
    OzoneConfiguration conf = new OzoneConfiguration();
    SCMUpdateServiceGrpcServer server = new SCMUpdateServiceGrpcServer(
        getUpdateServiceConfig(conf), mockCRLStore);

    ClientCRLStore clientCRLStore = new ClientCRLStore();

    // check pending crl every 5 seconds
    SCMUpdateClientConfiguration updateClientConfiguration =
        conf.getObject(SCMUpdateClientConfiguration.class);
    updateClientConfiguration.setClientCrlCheckInterval(Duration.ofSeconds(2));
    conf.setFromObject(updateClientConfiguration);

    SCMUpdateServiceGrpcClient client =
        new SCMUpdateServiceGrpcClient(""localhost"", conf, clientCRLStore);
    server.start();
    client.start();

    try {
      // issue 10 certs
      List<BigInteger> certIds = new ArrayList<>();
      for (int i = 0; i < 10; i++) {
        BigInteger certId = mockCRLStore.issueCert();
        certIds.add(certId);
      }

      // revoke cert 0
      revokeCertNow((certIds.get(0)));
      server.notifyCrlUpdate();

      GenericTestUtils.waitFor(() -> client.getUpdateCount()==1,
          100, 2000);
      Assert.assertEquals(1, client.getUpdateCount());
      Assert.assertEquals(0, client.getErrorCount());

      // revoke cert 5 with 10 seconds delay
      revokeCert(certIds.get(5), Instant.now().plus(Duration.ofSeconds(5)));
      server.notifyCrlUpdate();
      GenericTestUtils.waitFor(() -> client.getUpdateCount()>1,
          100, 2000);
      Assert.assertEquals(2, client.getUpdateCount());
      Assert.assertEquals(0, client.getErrorCount());
      Assert.assertEquals(1, client.getClientCRLStore()
          .getPendingCrlIds().size());

      GenericTestUtils.waitFor(() -> client.getPendingCrlRemoveCount()==1,
          100, 20_000);
      Assert.assertTrue(client.getClientCRLStore()
          .getPendingCrlIds().isEmpty());
    } catch (Exception e) {
      e.printStackTrace();
    } finally {
      client.stop(true);
      server.stop();
    }
  }","@Ignore(""HDDS-5319"")
  @Test
  public void testClientUpdateWithDelayedRevoke() throws Exception {
    OzoneConfiguration conf = new OzoneConfiguration();
    SCMUpdateServiceGrpcServer server = new SCMUpdateServiceGrpcServer(
        getUpdateServiceConfig(conf), mockCRLStore);

    ClientCRLStore clientCRLStore = new ClientCRLStore();

    // check pending crl every 5 seconds
    SCMUpdateClientConfiguration updateClientConfiguration =
        conf.getObject(SCMUpdateClientConfiguration.class);
    updateClientConfiguration.setClientCrlCheckInterval(Duration.ofSeconds(2));
    conf.setFromObject(updateClientConfiguration);

    SCMUpdateServiceGrpcClient client =
        new SCMUpdateServiceGrpcClient(""localhost"", conf, clientCRLStore);
    server.start();
    client.start();

    try {
      // issue 10 certs
      List<BigInteger> certIds = new ArrayList<>();
      for (int i = 0; i < 10; i++) {
        BigInteger certId = mockCRLStore.issueCert();
        certIds.add(certId);
      }

      // revoke cert 0
      revokeCertNow((certIds.get(0)));
      server.notifyCrlUpdate();

      GenericTestUtils.waitFor(() -> client.getUpdateCount()==1,
          100, 2000);
      Assert.assertEquals(1, client.getUpdateCount());
      Assert.assertEquals(0, client.getErrorCount());

      // revoke cert 5 with 10 seconds delay
      revokeCert(certIds.get(5), Instant.now().plus(Duration.ofSeconds(5)));
      server.notifyCrlUpdate();
      GenericTestUtils.waitFor(() -> client.getUpdateCount()>1,
          100, 2000);
      Assert.assertTrue(2 <= client.getUpdateCount());
      Assert.assertEquals(0, client.getErrorCount());
      Assert.assertTrue(1 >= client.getClientCRLStore()
          .getPendingCrlIds().size());

      GenericTestUtils.waitFor(() -> client.getPendingCrlRemoveCount()==1,
          100, 20_000);
      Assert.assertTrue(client.getClientCRLStore()
          .getPendingCrlIds().isEmpty());
    } catch (Exception e) {
      e.printStackTrace();
    } finally {
      client.stop(true);
      server.stop();
    }
  }","--- pre
+++ post
@@ -41,7 +41,7 @@
       GenericTestUtils.waitFor(() -> client.getUpdateCount()>1,
           100, 2000);
-      Assert.assertEquals(2, client.getUpdateCount());
+      Assert.assertTrue(2 <= client.getUpdateCount());
       Assert.assertEquals(0, client.getErrorCount());
-      Assert.assertEquals(1, client.getClientCRLStore()
+      Assert.assertTrue(1 >= client.getClientCRLStore()
           .getPendingCrlIds().size());
 "
apache_ozone,apache/ozone,TestSCMUpdateServiceGrpcServer.testClientUpdateWithRestart,hadoop-hdds/server-scm/src/test/java/org/apache/hadoop/hdds/scm/update/server/TestSCMUpdateServiceGrpcServer.java,a5cc88635f9cf0dd36858bf69f477471996961f0,HDDS-5319 Intermittent failure in TestSCMUpdateServiceGrpcServer  (#2558),unknown,False,,526,526,2,False,0.0038022813688212928,False,cue_neutral,0,0,{},{},"@Ignore(""HDDS-5319"")
  @Test
  public void testClientUpdateWithRestart() throws Exception {
    OzoneConfiguration conf = new OzoneConfiguration();
    SCMUpdateServiceGrpcServer server = new SCMUpdateServiceGrpcServer(
        getUpdateServiceConfig(conf), mockCRLStore);
    ClientCRLStore clientCRLStore = new ClientCRLStore();
    SCMUpdateServiceGrpcClient client =
        new SCMUpdateServiceGrpcClient(""localhost"", conf, clientCRLStore);
    server.start();
    client.start();

    try {
      // issue 10 certs
      List<BigInteger> certIds = new ArrayList<>();
      for (int i = 0; i < 10; i++) {
        BigInteger certId = mockCRLStore.issueCert();
        certIds.add(certId);
      }

      // revoke 4 certs and broadcast
      for (int i = 0; i < 4; i++) {
        revokeCertNow((certIds.get(i)));
      }
      server.notifyCrlUpdate();
      GenericTestUtils.waitFor(() -> client.getUpdateCount()==4,
          100, 2000);
      Assert.assertEquals(4, client.getUpdateCount());


      // server restart
      // client onError->
      // 1. reconnect
      // 2. new subscribe resumes from previous state
      LOG.info(""Test server restart begin."");
      // server shutdown can lead to duplicate message received on client when
      // client retry connect to the server. The client will handle that.
      server.stop();
      server.start();
      GenericTestUtils.waitFor(() -> client.getErrorCount()==1,
          100, 2000);
      Assert.assertEquals(4, client.getUpdateCount());
      Assert.assertEquals(1, client.getErrorCount());
      Assert.assertEquals(4, clientCRLStore.getLatestCrlId());
      LOG.info(""Test server restart end."");

      revokeCertNow(certIds.get(5));
      server.notifyCrlUpdate();
      GenericTestUtils.waitFor(() -> client.getUpdateCount()>4,
          100, 5000);
      Assert.assertEquals(5, client.getUpdateCount());
      Assert.assertEquals(1, client.getErrorCount());
      Assert.assertEquals(5, clientCRLStore.getLatestCrlId());

      // client restart
      // server onError->
      // 1. remove stale client
      // 2. new subscribe resumes from previous state.
      LOG.info(""Test client restart begin."");
      // a full client channel shutdown and create
      client.stop(true);
      client.createChannel();
      client.start();
      Assert.assertEquals(5, clientCRLStore.getLatestCrlId());
      GenericTestUtils.waitFor(() -> client.getUpdateCount()>4,
          100, 2000);
      revokeCertNow(certIds.get(6));
      // mostly noop
      server.notifyCrlUpdate();
      LOG.info(""Test client restart end."");

      GenericTestUtils.waitFor(() -> client.getUpdateCount()>5,
          100, 2000);
      Assert.assertTrue(client.getUpdateCount()>=6);
      Assert.assertEquals(2, client.getErrorCount());
      Assert.assertEquals(6, clientCRLStore.getLatestCrlId());
    } catch (Exception e) {
      e.printStackTrace();
    } finally {
      client.stop(true);
      server.stop();
    }
  }","@Ignore(""HDDS-5319"")
  @Test
  public void testClientUpdateWithRestart() throws Exception {
    OzoneConfiguration conf = new OzoneConfiguration();
    SCMUpdateServiceGrpcServer server = new SCMUpdateServiceGrpcServer(
        getUpdateServiceConfig(conf), mockCRLStore);
    ClientCRLStore clientCRLStore = new ClientCRLStore();
    SCMUpdateServiceGrpcClient client =
        new SCMUpdateServiceGrpcClient(""localhost"", conf, clientCRLStore);
    server.start();
    client.start();

    try {
      // issue 10 certs
      List<BigInteger> certIds = new ArrayList<>();
      for (int i = 0; i < 10; i++) {
        BigInteger certId = mockCRLStore.issueCert();
        certIds.add(certId);
      }

      // revoke 4 certs and broadcast
      for (int i = 0; i < 4; i++) {
        revokeCertNow((certIds.get(i)));
      }
      server.notifyCrlUpdate();
      GenericTestUtils.waitFor(() -> client.getUpdateCount()==4,
          100, 2000);
      Assert.assertEquals(4, client.getUpdateCount());


      // server restart
      // client onError->
      // 1. reconnect
      // 2. new subscribe resumes from previous state
      LOG.info(""Test server restart begin."");
      // server shutdown can lead to duplicate message received on client when
      // client retry connect to the server. The client will handle that.
      server.stop();
      server.start();
      GenericTestUtils.waitFor(() -> client.getErrorCount()==1,
          100, 2000);
      Assert.assertEquals(4, client.getUpdateCount());
      Assert.assertEquals(1, client.getErrorCount());
      Assert.assertEquals(4, clientCRLStore.getLatestCrlId());
      LOG.info(""Test server restart end."");

      revokeCertNow(certIds.get(5));
      server.notifyCrlUpdate();
      GenericTestUtils.waitFor(() -> client.getUpdateCount()>4,
          100, 5000);
      Assert.assertEquals(5, client.getUpdateCount());
      Assert.assertEquals(1, client.getErrorCount());
      Assert.assertEquals(5, clientCRLStore.getLatestCrlId());

      // client restart
      // server onError->
      // 1. remove stale client
      // 2. new subscribe resumes from previous state.
      LOG.info(""Test client restart begin."");
      // a full client channel shutdown and create
      client.stop(true);
      client.createChannel();
      client.start();
      Assert.assertEquals(5, clientCRLStore.getLatestCrlId());
      GenericTestUtils.waitFor(() -> client.getUpdateCount()>5,
          100, 2000);
      revokeCertNow(certIds.get(6));
      // mostly noop
      server.notifyCrlUpdate();
      LOG.info(""Test client restart end."");

      GenericTestUtils.waitFor(() -> client.getUpdateCount()>6,
          100, 2000);
      Assert.assertTrue(client.getUpdateCount()>=6);
      Assert.assertEquals(2, client.getErrorCount());
      Assert.assertEquals(6, clientCRLStore.getLatestCrlId());
    } catch (Exception e) {
      e.printStackTrace();
    } finally {
      client.stop(true);
      server.stop();
    }
  }","--- pre
+++ post
@@ -63,5 +63,5 @@
       client.start();
       Assert.assertEquals(5, clientCRLStore.getLatestCrlId());
-      GenericTestUtils.waitFor(() -> client.getUpdateCount()>4,
+      GenericTestUtils.waitFor(() -> client.getUpdateCount()>5,
           100, 2000);
       revokeCertNow(certIds.get(6));
@@ -70,5 +70,5 @@
       LOG.info(""Test client restart end."");
 
-      GenericTestUtils.waitFor(() -> client.getUpdateCount()>5,
+      GenericTestUtils.waitFor(() -> client.getUpdateCount()>6,
           100, 2000);
       Assert.assertTrue(client.getUpdateCount()>=6);"
apache_pulsar,apache/pulsar,BacklogQuotaManagerTest.testConsumerBacklogEvictionTimeQuotaWithEmptyLedger,pulsar-broker/src/test/java/org/apache/pulsar/broker/service/BacklogQuotaManagerTest.java,1fd44908e76881cd8035f0772a9cdccc7bafb62d,Fix Flaky test BacklogQuotaManagerTest.testConsumerBacklogEvictionTimeQuotaWithEmptyLedger (#13724),async wait,True,36.0,405,419,14,False,0.03341288782816229,False,cue_added,2,0,"{'Awaitility': 1, 'await': 1}",{},"@Test
    public void testConsumerBacklogEvictionTimeQuotaWithEmptyLedger() throws Exception {
        assertEquals(admin.namespaces().getBacklogQuotaMap(""prop/ns-quota""),
                Maps.newHashMap());
        admin.namespaces().setBacklogQuota(""prop/ns-quota"",
                BacklogQuota.builder()
                        .limitTime(TIME_TO_CHECK_BACKLOG_QUOTA)
                        .retentionPolicy(BacklogQuota.RetentionPolicy.consumer_backlog_eviction)
                        .build(), BacklogQuota.BacklogQuotaType.message_age);
        PulsarClient client = PulsarClient.builder().serviceUrl(adminUrl.toString()).statsInterval(0, TimeUnit.SECONDS)
                .build();

        final String topic = ""persistent://prop/ns-quota/topic4"";
        final String subName = ""c1"";

        Consumer<byte[]> consumer = client.newConsumer().topic(topic).subscriptionName(subName).subscribe();
        org.apache.pulsar.client.api.Producer<byte[]> producer = createProducer(client, topic);
        producer.send(new byte[1024]);
        consumer.receive();

        admin.topics().unload(topic);
        PersistentTopicInternalStats internalStats = admin.topics().getInternalStats(topic);
        assertEquals(internalStats.ledgers.size(), 2);
        assertEquals(internalStats.ledgers.get(1).entries, 0);

        TopicStats stats = admin.topics().getStats(topic);
        assertEquals(stats.getSubscriptions().get(subName).getMsgBacklog(), 1);

        TimeUnit.SECONDS.sleep(TIME_TO_CHECK_BACKLOG_QUOTA);

        Awaitility.await()
                .pollInterval(Duration.ofSeconds(1))
                .atMost(Duration.ofSeconds(TIME_TO_CHECK_BACKLOG_QUOTA))
                .untilAsserted(() -> {
                    rolloverStats();

                    // Cause the last ledger is empty, it is not possible to skip first ledger,
                    // so the number of ledgers will keep unchanged, and backlog is clear
                    PersistentTopicInternalStats latestInternalStats = admin.topics().getInternalStats(topic);
                    assertEquals(latestInternalStats.ledgers.size(), 2);
                    assertEquals(latestInternalStats.ledgers.get(1).entries, 0);
                    TopicStats latestStats = admin.topics().getStats(topic);
                    assertEquals(latestStats.getSubscriptions().get(subName).getMsgBacklog(), 0);
                });

        client.close();
    }","@Test
    public void testConsumerBacklogEvictionTimeQuotaWithEmptyLedger() throws Exception {
        assertEquals(admin.namespaces().getBacklogQuotaMap(""prop/ns-quota""),
                Maps.newHashMap());
        admin.namespaces().setBacklogQuota(""prop/ns-quota"",
                BacklogQuota.builder()
                        .limitTime(TIME_TO_CHECK_BACKLOG_QUOTA)
                        .retentionPolicy(BacklogQuota.RetentionPolicy.consumer_backlog_eviction)
                        .build(), BacklogQuota.BacklogQuotaType.message_age);
        PulsarClient client = PulsarClient.builder().serviceUrl(adminUrl.toString()).statsInterval(0, TimeUnit.SECONDS)
                .build();

        final String topic = ""persistent://prop/ns-quota/topic4"";
        final String subName = ""c1"";

        Consumer<byte[]> consumer = client.newConsumer().topic(topic).subscriptionName(subName).subscribe();
        org.apache.pulsar.client.api.Producer<byte[]> producer = createProducer(client, topic);
        producer.send(new byte[1024]);
        consumer.receive();

        admin.topics().unload(topic);
        Awaitility.await().until(consumer::isConnected);
        PersistentTopicInternalStats internalStats = admin.topics().getInternalStats(topic);
        assertEquals(internalStats.ledgers.size(), 2);
        assertEquals(internalStats.ledgers.get(1).entries, 0);

        TopicStats stats = admin.topics().getStats(topic);
        assertEquals(stats.getSubscriptions().get(subName).getMsgBacklog(), 1);

        TimeUnit.SECONDS.sleep(TIME_TO_CHECK_BACKLOG_QUOTA);

        Awaitility.await()
                .pollInterval(Duration.ofSeconds(1))
                .atMost(Duration.ofSeconds(TIME_TO_CHECK_BACKLOG_QUOTA))
                .untilAsserted(() -> {
                    rolloverStats();

                    // Cause the last ledger is empty, it is not possible to skip first ledger,
                    // so the number of ledgers will keep unchanged, and backlog is clear
                    PersistentTopicInternalStats latestInternalStats = admin.topics().getInternalStats(topic);
                    assertEquals(latestInternalStats.ledgers.size(), 2);
                    assertEquals(latestInternalStats.ledgers.get(1).entries, 0);
                    TopicStats latestStats = admin.topics().getStats(topic);
                    assertEquals(latestStats.getSubscriptions().get(subName).getMsgBacklog(), 0);
                });

        client.close();
    }","--- pre
+++ post
@@ -20,4 +20,5 @@
 
         admin.topics().unload(topic);
+        Awaitility.await().until(consumer::isConnected);
         PersistentTopicInternalStats internalStats = admin.topics().getInternalStats(topic);
         assertEquals(internalStats.ledgers.size(), 2);"
apache_pulsar,apache/pulsar,JavaInstanceTest.testAsyncFunction,pulsar-functions/instance/src/test/java/org/apache/pulsar/functions/instance/JavaInstanceTest.java,5e67e7d4b525b2615a217490322456b367724c2a,Fixed flaky test and resource leak in JavaInstanceTest (#7494),unknown,False,,202,213,20,False,0.09389671361502347,False,cue_added,1,0,{'ExecutorService': 1},{},"@Test
    public void testAsyncFunction() throws Exception {
        InstanceConfig instanceConfig = new InstanceConfig();

        Function<String, CompletableFuture<String>> function = (input, context) -> {
            log.info(""input string: {}"", input);
            CompletableFuture<String> result  = new CompletableFuture<>();
            Executors.newCachedThreadPool().submit(() -> {
                try {
                    Thread.sleep(500);
                    result.complete(String.format(""%s-lambda"", input));
                } catch (Exception e) {
                    result.completeExceptionally(e);
                }
            });

            return result;
        };

        JavaInstance instance = new JavaInstance(
                mock(ContextImpl.class),
                function,
                instanceConfig);
        String testString = ""ABC123"";
        CompletableFuture<JavaExecutionResult> result = instance.handleMessage(mock(Record.class), testString);
        assertNotNull(result.get().getResult());
        assertEquals(new String(testString + ""-lambda""), result.get().getResult());
        instance.close();
    }","@Test
    public void testAsyncFunction() throws Exception {
        InstanceConfig instanceConfig = new InstanceConfig();
        ExecutorService executor = Executors.newCachedThreadPool();

        Function<String, CompletableFuture<String>> function = (input, context) -> {
            log.info(""input string: {}"", input);
            CompletableFuture<String> result  = new CompletableFuture<>();
            executor.submit(() -> {
                try {
                    Thread.sleep(500);
                    result.complete(String.format(""%s-lambda"", input));
                } catch (Exception e) {
                    result.completeExceptionally(e);
                }
            });

            return result;
        };

        JavaInstance instance = new JavaInstance(
                mock(ContextImpl.class),
                function,
                instanceConfig);
        String testString = ""ABC123"";
        CompletableFuture<JavaExecutionResult> result = instance.handleMessage(mock(Record.class), testString);
        assertNotNull(result.get().getResult());
        assertEquals(new String(testString + ""-lambda""), result.get().getResult());
        instance.close();
        executor.shutdownNow();
    }","--- pre
+++ post
@@ -2,9 +2,10 @@
     public void testAsyncFunction() throws Exception {
         InstanceConfig instanceConfig = new InstanceConfig();
+        ExecutorService executor = Executors.newCachedThreadPool();
 
         Function<String, CompletableFuture<String>> function = (input, context) -> {
             log.info(""input string: {}"", input);
             CompletableFuture<String> result  = new CompletableFuture<>();
-            Executors.newCachedThreadPool().submit(() -> {
+            executor.submit(() -> {
                 try {
                     Thread.sleep(500);
@@ -27,3 +28,4 @@
         assertEquals(new String(testString + ""-lambda""), result.get().getResult());
         instance.close();
+        executor.shutdownNow();
     }"
apache_pulsar,apache/pulsar,JavaInstanceTest.testAsyncFunctionMaxPending,pulsar-functions/instance/src/test/java/org/apache/pulsar/functions/instance/JavaInstanceTest.java,5e67e7d4b525b2615a217490322456b367724c2a,Fixed flaky test and resource leak in JavaInstanceTest (#7494),unknown,False,,387,398,21,False,0.052763819095477386,False,cue_added,1,0,{'ExecutorService': 1},{},"@Test
    public void testAsyncFunctionMaxPending() throws Exception {
        InstanceConfig instanceConfig = new InstanceConfig();
        int pendingQueueSize = 2;
        instanceConfig.setMaxPendingAsyncRequests(pendingQueueSize);

        Function<String, CompletableFuture<String>> function = (input, context) -> {
            log.info(""input string: {}"", input);
            CompletableFuture<String> result  = new CompletableFuture<>();
            Executors.newCachedThreadPool().submit(() -> {
                try {
                    Thread.sleep(500);
                    result.complete(String.format(""%s-lambda"", input));
                } catch (Exception e) {
                    result.completeExceptionally(e);
                }
            });

            return result;
        };

        JavaInstance instance = new JavaInstance(
                mock(ContextImpl.class),
                function,
                instanceConfig);
        String testString = ""ABC123"";

        long startTime = System.currentTimeMillis();
        assertEquals(pendingQueueSize, instance.getPendingAsyncRequests().remainingCapacity());
        CompletableFuture<JavaExecutionResult> result1 = instance.handleMessage(mock(Record.class), testString);
        assertEquals(pendingQueueSize - 1, instance.getPendingAsyncRequests().remainingCapacity());
        CompletableFuture<JavaExecutionResult> result2 = instance.handleMessage(mock(Record.class), testString);
        assertEquals(pendingQueueSize - 2, instance.getPendingAsyncRequests().remainingCapacity());
        CompletableFuture<JavaExecutionResult> result3 = instance.handleMessage(mock(Record.class), testString);
        // no space left
        assertEquals(0, instance.getPendingAsyncRequests().remainingCapacity());

        instance.getPendingAsyncRequests().remainingCapacity();
        assertNotNull(result1.get().getResult());
        assertNotNull(result2.get().getResult());
        assertNotNull(result3.get().getResult());

        assertEquals(new String(testString + ""-lambda""), result1.get().getResult());
        long endTime = System.currentTimeMillis();

        log.info(""start:{} end:{} during:{}"", startTime, endTime, endTime - startTime);
        instance.close();
    }","@Test
    public void testAsyncFunctionMaxPending() throws Exception {
        InstanceConfig instanceConfig = new InstanceConfig();
        int pendingQueueSize = 3;
        instanceConfig.setMaxPendingAsyncRequests(pendingQueueSize);
        ExecutorService executor = Executors.newCachedThreadPool();

        Function<String, CompletableFuture<String>> function = (input, context) -> {
            log.info(""input string: {}"", input);
            CompletableFuture<String> result  = new CompletableFuture<>();
            executor.submit(() -> {
                try {
                    Thread.sleep(500);
                    result.complete(String.format(""%s-lambda"", input));
                } catch (Exception e) {
                    result.completeExceptionally(e);
                }
            });

            return result;
        };

        JavaInstance instance = new JavaInstance(
                mock(ContextImpl.class),
                function,
                instanceConfig);
        String testString = ""ABC123"";

        long startTime = System.currentTimeMillis();
        assertEquals(pendingQueueSize, instance.getPendingAsyncRequests().remainingCapacity());
        CompletableFuture<JavaExecutionResult> result1 = instance.handleMessage(mock(Record.class), testString);
        assertEquals(pendingQueueSize - 1, instance.getPendingAsyncRequests().remainingCapacity());
        CompletableFuture<JavaExecutionResult> result2 = instance.handleMessage(mock(Record.class), testString);
        assertEquals(pendingQueueSize - 2, instance.getPendingAsyncRequests().remainingCapacity());
        CompletableFuture<JavaExecutionResult> result3 = instance.handleMessage(mock(Record.class), testString);
        // no space left
        assertEquals(0, instance.getPendingAsyncRequests().remainingCapacity());

        instance.getPendingAsyncRequests().remainingCapacity();
        assertNotNull(result1.get().getResult());
        assertNotNull(result2.get().getResult());
        assertNotNull(result3.get().getResult());

        assertEquals(new String(testString + ""-lambda""), result1.get().getResult());
        long endTime = System.currentTimeMillis();

        log.info(""start:{} end:{} during:{}"", startTime, endTime, endTime - startTime);
        instance.close();
        executor.shutdownNow();
    }","--- pre
+++ post
@@ -2,11 +2,12 @@
     public void testAsyncFunctionMaxPending() throws Exception {
         InstanceConfig instanceConfig = new InstanceConfig();
-        int pendingQueueSize = 2;
+        int pendingQueueSize = 3;
         instanceConfig.setMaxPendingAsyncRequests(pendingQueueSize);
+        ExecutorService executor = Executors.newCachedThreadPool();
 
         Function<String, CompletableFuture<String>> function = (input, context) -> {
             log.info(""input string: {}"", input);
             CompletableFuture<String> result  = new CompletableFuture<>();
-            Executors.newCachedThreadPool().submit(() -> {
+            executor.submit(() -> {
                 try {
                     Thread.sleep(500);
@@ -46,3 +47,4 @@
         log.info(""start:{} end:{} during:{}"", startTime, endTime, endTime - startTime);
         instance.close();
+        executor.shutdownNow();
     }"
apache_pulsar,apache/pulsar,KeySharedSubscriptionTest.testRemoveFirstConsumer,pulsar-broker/src/test/java/org/apache/pulsar/client/api/KeySharedSubscriptionTest.java,3a79596e36ea379051239aaac9c1d78ace9a42d2,Fix flaky test in org.apache.pulsar.client.api.KeySharedSubscriptionTest#testRemoveFirstConsumer (#12807),async wait,True,92.0,307,339,32,False,0.0943952802359882,False,cue_added,2,0,"{'Awaitility': 1, 'await': 1}",{},"@Test
    public void testRemoveFirstConsumer() throws Exception {
        this.conf.setSubscriptionKeySharedEnable(true);
        String topic = ""testReadAheadWhenAddingConsumers-"" + UUID.randomUUID();

        @Cleanup
        Producer<Integer> producer = createProducer(topic, false);

        @Cleanup
        Consumer<Integer> c1 = pulsarClient.newConsumer(Schema.INT32)
                .topic(topic)
                .subscriptionName(""key_shared"")
                .subscriptionType(SubscriptionType.Key_Shared)
                .receiverQueueSize(10)
                .consumerName(""c1"")
                .subscribe();

        for (int i = 0; i < 10; i++) {
            producer.newMessage()
                    .key(String.valueOf(random.nextInt(NUMBER_OF_KEYS)))
                    .value(i)
                    .send();
        }

        // All the already published messages will be pre-fetched by C1.

        // Adding a new consumer.
        @Cleanup
        Consumer<Integer> c2 = pulsarClient.newConsumer(Schema.INT32)
                .topic(topic)
                .subscriptionName(""key_shared"")
                .subscriptionType(SubscriptionType.Key_Shared)
                .receiverQueueSize(10)
                .consumerName(""c2"")
                .subscribe();

        for (int i = 10; i < 20; i++) {
            producer.newMessage()
                    .key(String.valueOf(random.nextInt(NUMBER_OF_KEYS)))
                    .value(i)
                    .send();
        }

        // C2 will not be able to receive any messages until C1 is done processing whatever he got prefetched
        assertNull(c2.receive(100, TimeUnit.MILLISECONDS));

        c1.close();

        // Now C2 will get all messages
        for (int i = 0; i < 20; i++) {
            Message<Integer> msg = c2.receive();
            assertEquals(msg.getValue().intValue(), i);
            c2.acknowledge(msg);
        }
    }","@Test
    public void testRemoveFirstConsumer() throws Exception {
        this.conf.setSubscriptionKeySharedEnable(true);
        String topic = ""testReadAheadWhenAddingConsumers-"" + UUID.randomUUID();

        @Cleanup
        Producer<Integer> producer = createProducer(topic, false);

        @Cleanup
        Consumer<Integer> c1 = pulsarClient.newConsumer(Schema.INT32)
                .topic(topic)
                .subscriptionName(""key_shared"")
                .subscriptionType(SubscriptionType.Key_Shared)
                .receiverQueueSize(10)
                .consumerName(""c1"")
                .subscribe();

        for (int i = 0; i < 10; i++) {
            producer.newMessage()
                    .key(String.valueOf(random.nextInt(NUMBER_OF_KEYS)))
                    .value(i)
                    .send();
        }

        // All the already published messages will be pre-fetched by C1.
        Awaitility.await().untilAsserted(() ->
                assertEquals(((ConsumerImpl<Integer>) c1).getTotalIncomingMessages(), 10));

        // Adding a new consumer.
        @Cleanup
        Consumer<Integer> c2 = pulsarClient.newConsumer(Schema.INT32)
                .topic(topic)
                .subscriptionName(""key_shared"")
                .subscriptionType(SubscriptionType.Key_Shared)
                .receiverQueueSize(10)
                .consumerName(""c2"")
                .subscribe();

        for (int i = 10; i < 20; i++) {
            producer.newMessage()
                    .key(String.valueOf(random.nextInt(NUMBER_OF_KEYS)))
                    .value(i)
                    .send();
        }

        // C2 will not be able to receive any messages until C1 is done processing whatever he got prefetched
        assertNull(c2.receive(100, TimeUnit.MILLISECONDS));

        c1.close();

        // Now C2 will get all messages
        for (int i = 0; i < 20; i++) {
            Message<Integer> msg = c2.receive();
            assertEquals(msg.getValue().intValue(), i);
            c2.acknowledge(msg);
        }
    }","--- pre
+++ post
@@ -24,4 +24,6 @@
 
         // All the already published messages will be pre-fetched by C1.
+        Awaitility.await().untilAsserted(() ->
+                assertEquals(((ConsumerImpl<Integer>) c1).getTotalIncomingMessages(), 10));
 
         // Adding a new consumer."
apache_pulsar,apache/pulsar,ManagedLedgerTest.testLedgerReachMaximumRolloverTime,managed-ledger/src/test/java/org/apache/bookkeeper/mledger/impl/ManagedLedgerTest.java,50e6b3e529686f3e0e545fac1b518f66b3e3c3dc,[Flaky test] Fix ManagedLedgerTest.testLedgerReachMaximumRolloverTime (#11670) (#11670),unknown,False,,120,102,18,False,0.15,False,cue_removed,0,2,{},{'TimeUnit': 2},"@Test
    public void testLedgerReachMaximumRolloverTime() throws Exception {
        ManagedLedgerConfig config = new ManagedLedgerConfig();
        config.setMinimumRolloverTime(1, TimeUnit.MILLISECONDS);
        config.setMaximumRolloverTime(1, TimeUnit.SECONDS);

        ManagedLedger ml = factory.open(""ledger-reach-maximum-rollover-time"", config);
        long firstLedgerId = ml.addEntry(""test"".getBytes()).getLedgerId();

        // the ledger rollover scheduled time is between 1000 and 1050 ms,
        // wait 1100 ms, the ledger should be rolled over.
        Awaitility.await()
                .atMost(1100, TimeUnit.MILLISECONDS)
                .pollInterval(100, TimeUnit.MILLISECONDS)
                .until(() -> firstLedgerId != ml.addEntry(""test"".getBytes()).getLedgerId());
    }","@Test
    public void testLedgerReachMaximumRolloverTime() throws Exception {
        ManagedLedgerConfig config = new ManagedLedgerConfig();
        config.setMinimumRolloverTime(1, TimeUnit.MILLISECONDS);
        config.setMaximumRolloverTime(1, TimeUnit.SECONDS);

        ManagedLedger ml = factory.open(""ledger-reach-maximum-rollover-time"", config);
        long firstLedgerId = ml.addEntry(""test"".getBytes()).getLedgerId();

        // the ledger rollover scheduled time is between 1000 and 1050 ms,
        // wait 1100 ms, the ledger should be rolled over.
        Awaitility.await()
                .until(() -> firstLedgerId != ml.addEntry(""test"".getBytes()).getLedgerId());
    }","--- pre
+++ post
@@ -11,6 +11,4 @@
         // wait 1100 ms, the ledger should be rolled over.
         Awaitility.await()
-                .atMost(1100, TimeUnit.MILLISECONDS)
-                .pollInterval(100, TimeUnit.MILLISECONDS)
                 .until(() -> firstLedgerId != ml.addEntry(""test"".getBytes()).getLedgerId());
     }"
apache_pulsar,apache/pulsar,ManagedLedgerTest.testMaximumRolloverTime,managed-ledger/src/test/java/org/apache/bookkeeper/mledger/impl/ManagedLedgerTest.java,ae625ef22e74992c89a459ba732cb0ba6c89605a,Issue 12019 Fix flaky test ManagedLedgerTest.testMaximumRolloverTime (#12030),async wait,True,187.0,151,160,18,False,0.1125,False,cue_neutral,2,2,"{'Awaitility': 1, 'await': 1}","{'Thread': 1, 'sleep': 1}","@Test
    public void testMaximumRolloverTime() throws Exception {
        ManagedLedgerConfig conf = new ManagedLedgerConfig();
        conf.setMaxEntriesPerLedger(5);
        conf.setMinimumRolloverTime(1, TimeUnit.SECONDS);
        conf.setMaximumRolloverTime(1, TimeUnit.SECONDS);
        ManagedLedgerImpl ledger = (ManagedLedgerImpl) factory.open(""my_test_maxtime_ledger"", conf);
        ledger.openCursor(""c1"");

        ledger.addEntry(""data"".getBytes());
        ledger.addEntry(""data"".getBytes());

        assertEquals(ledger.getLedgersInfoAsList().size(), 1);

        Thread.sleep(2000);

        ledger.addEntry(""data"".getBytes());
        ledger.addEntry(""data"".getBytes());
        assertEquals(ledger.getLedgersInfoAsList().size(), 2);
    }","@Test
    public void testMaximumRolloverTime() throws Exception {
        ManagedLedgerConfig conf = new ManagedLedgerConfig();
        conf.setMaxEntriesPerLedger(5);
        conf.setMinimumRolloverTime(1, TimeUnit.SECONDS);
        conf.setMaximumRolloverTime(1, TimeUnit.SECONDS);
        ManagedLedgerImpl ledger = (ManagedLedgerImpl) factory.open(""my_test_maxtime_ledger"", conf);
        ledger.openCursor(""c1"");

        ledger.addEntry(""data"".getBytes());
        ledger.addEntry(""data"".getBytes());

        assertEquals(ledger.getLedgersInfoAsList().size(), 1);

        ledger.addEntry(""data"".getBytes());
        ledger.addEntry(""data"".getBytes());

        Awaitility.await().untilAsserted(() -> {
            assertEquals(ledger.getLedgersInfoAsList().size(), 2);
        });
    }","--- pre
+++ post
@@ -13,8 +13,9 @@
         assertEquals(ledger.getLedgersInfoAsList().size(), 1);
 
-        Thread.sleep(2000);
-
         ledger.addEntry(""data"".getBytes());
         ledger.addEntry(""data"".getBytes());
-        assertEquals(ledger.getLedgersInfoAsList().size(), 2);
+
+        Awaitility.await().untilAsserted(() -> {
+            assertEquals(ledger.getLedgersInfoAsList().size(), 2);
+        });
     }"
apache_pulsar,apache/pulsar,NamespacesTest.testSubscribeRate,pulsar-broker/src/test/java/org/apache/pulsar/broker/admin/NamespacesTest.java,4f1bc772fddd7e3f21e9fa8ea556e26144152fd4,Flaky-test: NamespacesTest.testSubscribeRate (#11394),async wait,True,177.0,341,357,24,False,0.06722689075630252,False,cue_added,3,2,"{'Awaitility': 1, 'await': 1, 'Duration': 1}","{'Thread': 1, 'sleep': 1}","@Test
    public void testSubscribeRate() throws Exception {
        SubscribeRate subscribeRate = new SubscribeRate(1, 5);
        String namespace = ""my-tenants/my-namespace"";
        admin.tenants().createTenant(""my-tenants"",
                new TenantInfoImpl(Sets.newHashSet(), Sets.newHashSet(testLocalCluster)));
        admin.namespaces().createNamespace(namespace, Sets.newHashSet(testLocalCluster));
        admin.namespaces().setSubscribeRate(namespace, subscribeRate);
        assertEquals(subscribeRate, admin.namespaces().getSubscribeRate(namespace));
        String topicName = ""persistent://"" + namespace + ""/"" + ""subscribe-rate"";

        admin.topics().createPartitionedTopic(topicName, 2);
        pulsar.getConfiguration().setAuthorizationEnabled(false);
        Consumer<?> consumer = pulsarClient.newConsumer()
                .topic(topicName)
                .subscriptionType(SubscriptionType.Shared)
                .subscriptionName(""subscribe-rate"")
                .subscribe();
        assertTrue(consumer.isConnected());

        // Subscribe Rate Limiter is enabled, will limited by broker
        pulsarClient.updateServiceUrl(lookupUrl.toString());
        Awaitility.await().untilAsserted(() -> assertFalse(consumer.isConnected()));

        // Out of limit period
        Thread.sleep(6000L);
        pulsarClient.updateServiceUrl(lookupUrl.toString());
        assertTrue(consumer.isConnected());

        // Disable Subscribe Rate Limiter
        subscribeRate = new SubscribeRate(0, 10);
        admin.namespaces().setSubscribeRate(namespace, subscribeRate);
        pulsarClient.updateServiceUrl(lookupUrl.toString());
        Awaitility.await().untilAsserted(() -> assertTrue(consumer.isConnected()));
        pulsar.getConfiguration().setAuthorizationEnabled(true);
        admin.topics().deletePartitionedTopic(topicName, true);
        admin.namespaces().deleteNamespace(namespace);
        admin.tenants().deleteTenant(""my-tenants"");
    }","@Test
    public void testSubscribeRate() throws Exception {
        SubscribeRate subscribeRate = new SubscribeRate(1, 5);
        String namespace = ""my-tenants/my-namespace"";
        admin.tenants().createTenant(""my-tenants"",
                new TenantInfoImpl(Sets.newHashSet(), Sets.newHashSet(testLocalCluster)));
        admin.namespaces().createNamespace(namespace, Sets.newHashSet(testLocalCluster));
        admin.namespaces().setSubscribeRate(namespace, subscribeRate);
        assertEquals(subscribeRate, admin.namespaces().getSubscribeRate(namespace));
        String topicName = ""persistent://"" + namespace + ""/"" + ""subscribe-rate"";

        admin.topics().createPartitionedTopic(topicName, 2);
        pulsar.getConfiguration().setAuthorizationEnabled(false);
        Consumer<?> consumer = pulsarClient.newConsumer()
                .topic(topicName)
                .subscriptionType(SubscriptionType.Shared)
                .subscriptionName(""subscribe-rate"")
                .subscribe();
        assertTrue(consumer.isConnected());

        // Subscribe Rate Limiter is enabled, will limited by broker
        pulsarClient.updateServiceUrl(lookupUrl.toString());
        Awaitility.await().untilAsserted(() -> assertFalse(consumer.isConnected()));

        // Out of limit period
        pulsarClient.updateServiceUrl(lookupUrl.toString());
        Awaitility.await()
                .pollDelay(Duration.ofSeconds(6))
                .untilAsserted(() -> assertTrue(consumer.isConnected()));

        // Disable Subscribe Rate Limiter
        subscribeRate = new SubscribeRate(0, 10);
        admin.namespaces().setSubscribeRate(namespace, subscribeRate);
        pulsarClient.updateServiceUrl(lookupUrl.toString());
        Awaitility.await().untilAsserted(() -> assertTrue(consumer.isConnected()));
        pulsar.getConfiguration().setAuthorizationEnabled(true);
        admin.topics().deletePartitionedTopic(topicName, true);
        admin.namespaces().deleteNamespace(namespace);
        admin.tenants().deleteTenant(""my-tenants"");
    }","--- pre
+++ post
@@ -24,7 +24,8 @@
 
         // Out of limit period
-        Thread.sleep(6000L);
         pulsarClient.updateServiceUrl(lookupUrl.toString());
-        assertTrue(consumer.isConnected());
+        Awaitility.await()
+                .pollDelay(Duration.ofSeconds(6))
+                .untilAsserted(() -> assertTrue(consumer.isConnected()));
 
         // Disable Subscribe Rate Limiter"
apache_pulsar,apache/pulsar,PersistentTopicsTest.testPeekWithSubscriptionNameNotExist,pulsar-broker/src/test/java/org/apache/pulsar/broker/admin/PersistentTopicsTest.java,cc68f56c9c32ef4b1ea8595c688cd684eb0253f6,Fix flaky test: PersistentTopicsTest::testPeekWithSubscriptionNameNotExist (#12703),unknown,False,,177,209,40,False,0.19138755980861244,False,cue_neutral,0,0,{},{},"@Test
    public void testPeekWithSubscriptionNameNotExist() throws Exception {
        final String topicName = ""testTopic"";
        final String topic = TopicName.get(
                TopicDomain.persistent.value(),
                testTenant,
                testNamespace,
                topicName).toString();
        final String subscriptionName = ""sub"";

        ((TopicsImpl) admin.topics()).createPartitionedTopicAsync(topic, 3, true).get();

        final String partitionedTopic = topic + ""-partition-0"";

        Producer<String> producer = pulsarClient.newProducer(Schema.STRING).topic(topic).create();
        for (int i = 0; i < 100; ++i) {
            producer.send(""test"" + i);
        }

        List<Message<byte[]>> messages = admin.topics()
                .peekMessages(partitionedTopic, subscriptionName, 5);

        Assert.assertEquals(messages.size(), 5);

        producer.close();
    }","@Test
    public void testPeekWithSubscriptionNameNotExist() throws Exception {
        final String topicName = ""testTopic"";
        final TopicName topic = TopicName.get(
                TopicDomain.persistent.value(),
                testTenant,
                testNamespace,
                topicName);
        final String subscriptionName = ""sub"";

        RetentionPolicies retention = new RetentionPolicies(10,10);
        admin.namespaces().setRetention(topic.getNamespace(), retention);
        ((TopicsImpl) admin.topics()).createPartitionedTopicAsync(topic.toString(), 3, true).get();

        final String partitionedTopic = topic + ""-partition-0"";

        Producer<String> producer = pulsarClient.newProducer(Schema.STRING).topic(topic.toString()).create();
        for (int i = 0; i < 100; ++i) {
            producer.send(""test"" + i);
        }

        List<Message<byte[]>> messages = admin.topics()
                .peekMessages(partitionedTopic, subscriptionName, 5);

        Assert.assertEquals(messages.size(), 5);

        producer.close();
    }","--- pre
+++ post
@@ -2,16 +2,18 @@
     public void testPeekWithSubscriptionNameNotExist() throws Exception {
         final String topicName = ""testTopic"";
-        final String topic = TopicName.get(
+        final TopicName topic = TopicName.get(
                 TopicDomain.persistent.value(),
                 testTenant,
                 testNamespace,
-                topicName).toString();
+                topicName);
         final String subscriptionName = ""sub"";
 
-        ((TopicsImpl) admin.topics()).createPartitionedTopicAsync(topic, 3, true).get();
+        RetentionPolicies retention = new RetentionPolicies(10,10);
+        admin.namespaces().setRetention(topic.getNamespace(), retention);
+        ((TopicsImpl) admin.topics()).createPartitionedTopicAsync(topic.toString(), 3, true).get();
 
         final String partitionedTopic = topic + ""-partition-0"";
 
-        Producer<String> producer = pulsarClient.newProducer(Schema.STRING).topic(topic).create();
+        Producer<String> producer = pulsarClient.newProducer(Schema.STRING).topic(topic.toString()).create();
         for (int i = 0; i < 100; ++i) {
             producer.send(""test"" + i);"
apache_pulsar,apache/pulsar,ProxyPublishConsumeTest.socketTest,pulsar-broker/src/test/java/com/yahoo/pulsar/websocket/proxy/ProxyPublishConsumeTest.java,5c82997c97c3515dc3b689f7b395ba533846c34d,Issue #206: Fixed flaky web socket proxy test (#214),unknown,False,,266,261,29,False,0.10902255639097744,False,cue_removed,0,4,{},"{'awaitClose': 2, 'TimeUnit': 2}","@Test
    public void socketTest() throws Exception {
        URI consumeUri = URI.create(CONSUME_URI);
        URI produceUri = URI.create(PRODUCE_URI);

        WebSocketClient consumeClient = new WebSocketClient();
        SimpleConsumerSocket consumeSocket = new SimpleConsumerSocket();
        WebSocketClient produceClient = new WebSocketClient();
        SimpleProducerSocket produceSocket = new SimpleProducerSocket();

        try {
            consumeClient.start();
            ClientUpgradeRequest consumeRequest = new ClientUpgradeRequest();
            Future<Session> consumerFuture = consumeClient.connect(consumeSocket, consumeUri, consumeRequest);
            log.info(""Connecting to : {}"", consumeUri);

            ClientUpgradeRequest produceRequest = new ClientUpgradeRequest();
            produceClient.start();
            Future<Session> producerFuture = produceClient.connect(produceSocket, produceUri, produceRequest);
            // let it connect
            Thread.sleep(1000);
            Assert.assertTrue(consumerFuture.get().isOpen());
            Assert.assertTrue(producerFuture.get().isOpen());

            consumeSocket.awaitClose(1, TimeUnit.SECONDS);
            produceSocket.awaitClose(1, TimeUnit.SECONDS);
            Assert.assertTrue(produceSocket.getBuffer().size() > 0);
            Assert.assertEquals(produceSocket.getBuffer(), consumeSocket.getBuffer());
        } finally {
            try {
                consumeClient.stop();
                produceClient.stop();
            } catch (Exception e) {
                log.error(e.getMessage());
            }
        }
    }","@Test(timeOut=30000)
    public void socketTest() throws Exception {
        URI consumeUri = URI.create(CONSUME_URI);
        URI produceUri = URI.create(PRODUCE_URI);

        WebSocketClient consumeClient = new WebSocketClient();
        SimpleConsumerSocket consumeSocket = new SimpleConsumerSocket();
        WebSocketClient produceClient = new WebSocketClient();
        SimpleProducerSocket produceSocket = new SimpleProducerSocket();

        try {
            consumeClient.start();
            ClientUpgradeRequest consumeRequest = new ClientUpgradeRequest();
            Future<Session> consumerFuture = consumeClient.connect(consumeSocket, consumeUri, consumeRequest);
            log.info(""Connecting to : {}"", consumeUri);

            ClientUpgradeRequest produceRequest = new ClientUpgradeRequest();
            produceClient.start();
            Future<Session> producerFuture = produceClient.connect(produceSocket, produceUri, produceRequest);
            // let it connect
            Assert.assertTrue(consumerFuture.get().isOpen());
            Assert.assertTrue(producerFuture.get().isOpen());

            while (consumeSocket.getReceivedMessagesCount() < 10) {
                Thread.sleep(10);
            }

            Assert.assertTrue(produceSocket.getBuffer().size() > 0);
            Assert.assertEquals(produceSocket.getBuffer(), consumeSocket.getBuffer());
        } finally {
            try {
                consumeClient.stop();
                produceClient.stop();
            } catch (Exception e) {
                log.error(e.getMessage());
            }
        }
    }","--- pre
+++ post
@@ -1,3 +1,3 @@
-@Test
+@Test(timeOut=30000)
     public void socketTest() throws Exception {
         URI consumeUri = URI.create(CONSUME_URI);
@@ -19,10 +19,11 @@
             Future<Session> producerFuture = produceClient.connect(produceSocket, produceUri, produceRequest);
             // let it connect
-            Thread.sleep(1000);
             Assert.assertTrue(consumerFuture.get().isOpen());
             Assert.assertTrue(producerFuture.get().isOpen());
 
-            consumeSocket.awaitClose(1, TimeUnit.SECONDS);
-            produceSocket.awaitClose(1, TimeUnit.SECONDS);
+            while (consumeSocket.getReceivedMessagesCount() < 10) {
+                Thread.sleep(10);
+            }
+
             Assert.assertTrue(produceSocket.getBuffer().size() > 0);
             Assert.assertEquals(produceSocket.getBuffer(), consumeSocket.getBuffer());"
apache_pulsar,apache/pulsar,ProxyPublishConsumeWithoutZKTest.socketTest,pulsar-broker/src/test/java/com/yahoo/pulsar/websocket/proxy/ProxyPublishConsumeWithoutZKTest.java,5c82997c97c3515dc3b689f7b395ba533846c34d,Issue #206: Fixed flaky web socket proxy test (#214),unknown,False,,266,261,29,False,0.10902255639097744,False,cue_removed,0,4,{},"{'awaitClose': 2, 'TimeUnit': 2}","@Test
    public void socketTest() throws Exception {
        URI consumeUri = URI.create(CONSUME_URI);
        URI produceUri = URI.create(PRODUCE_URI);

        WebSocketClient consumeClient = new WebSocketClient();
        SimpleConsumerSocket consumeSocket = new SimpleConsumerSocket();
        WebSocketClient produceClient = new WebSocketClient();
        SimpleProducerSocket produceSocket = new SimpleProducerSocket();

        try {
            consumeClient.start();
            ClientUpgradeRequest consumeRequest = new ClientUpgradeRequest();
            Future<Session> consumerFuture = consumeClient.connect(consumeSocket, consumeUri, consumeRequest);
            log.info(""Connecting to : {}"", consumeUri);

            ClientUpgradeRequest produceRequest = new ClientUpgradeRequest();
            produceClient.start();
            Future<Session> producerFuture = produceClient.connect(produceSocket, produceUri, produceRequest);
            // let it connect
            Thread.sleep(1000);
            Assert.assertTrue(consumerFuture.get().isOpen());
            Assert.assertTrue(producerFuture.get().isOpen());

            consumeSocket.awaitClose(1, TimeUnit.SECONDS);
            produceSocket.awaitClose(1, TimeUnit.SECONDS);
            Assert.assertTrue(produceSocket.getBuffer().size() > 0);
            Assert.assertEquals(produceSocket.getBuffer(), consumeSocket.getBuffer());
        } finally {
            try {
                consumeClient.stop();
                produceClient.stop();
            } catch (Exception e) {
                log.error(e.getMessage());
            }
        }
    }","@Test(timeOut=30000)
    public void socketTest() throws Exception {
        URI consumeUri = URI.create(CONSUME_URI);
        URI produceUri = URI.create(PRODUCE_URI);

        WebSocketClient consumeClient = new WebSocketClient();
        SimpleConsumerSocket consumeSocket = new SimpleConsumerSocket();
        WebSocketClient produceClient = new WebSocketClient();
        SimpleProducerSocket produceSocket = new SimpleProducerSocket();

        try {
            consumeClient.start();
            ClientUpgradeRequest consumeRequest = new ClientUpgradeRequest();
            Future<Session> consumerFuture = consumeClient.connect(consumeSocket, consumeUri, consumeRequest);
            log.info(""Connecting to : {}"", consumeUri);

            ClientUpgradeRequest produceRequest = new ClientUpgradeRequest();
            produceClient.start();
            Future<Session> producerFuture = produceClient.connect(produceSocket, produceUri, produceRequest);
            // let it connect
            Assert.assertTrue(consumerFuture.get().isOpen());
            Assert.assertTrue(producerFuture.get().isOpen());

            while (consumeSocket.getReceivedMessagesCount() < 10) {
                Thread.sleep(10);
            }
            Assert.assertTrue(produceSocket.getBuffer().size() > 0);
            Assert.assertEquals(produceSocket.getBuffer(), consumeSocket.getBuffer());
        } finally {
            try {
                consumeClient.stop();
                produceClient.stop();
            } catch (Exception e) {
                log.error(e.getMessage());
            }
        }
    }","--- pre
+++ post
@@ -1,3 +1,3 @@
-@Test
+@Test(timeOut=30000)
     public void socketTest() throws Exception {
         URI consumeUri = URI.create(CONSUME_URI);
@@ -19,10 +19,10 @@
             Future<Session> producerFuture = produceClient.connect(produceSocket, produceUri, produceRequest);
             // let it connect
-            Thread.sleep(1000);
             Assert.assertTrue(consumerFuture.get().isOpen());
             Assert.assertTrue(producerFuture.get().isOpen());
 
-            consumeSocket.awaitClose(1, TimeUnit.SECONDS);
-            produceSocket.awaitClose(1, TimeUnit.SECONDS);
+            while (consumeSocket.getReceivedMessagesCount() < 10) {
+                Thread.sleep(10);
+            }
             Assert.assertTrue(produceSocket.getBuffer().size() > 0);
             Assert.assertEquals(produceSocket.getBuffer(), consumeSocket.getBuffer());"
apache_pulsar,apache/pulsar,ProxyServiceStarterTest.testEnableWebSocketServer,pulsar-proxy/src/test/java/org/apache/pulsar/proxy/server/ProxyServiceStarterTest.java,7ad46c8c18bb8365c9a2d1233a6cd58ecd6f541f,Fix ProxyServiceStarterTest flaky tests (#12344),unknown,False,,105,120,16,False,0.13333333333333333,False,cue_added,1,0,{'System': 1},{},"@Test
    public void testEnableWebSocketServer() throws Exception {
        HttpClient httpClient = new HttpClient();
        WebSocketClient webSocketClient = new WebSocketClient(httpClient);
        webSocketClient.start();
        MyWebSocket myWebSocket = new MyWebSocket();
        String webSocketUri = ""ws://localhost:8080/ws/pingpong"";
        Future<Session> sessionFuture = webSocketClient.connect(myWebSocket, URI.create(webSocketUri));
        sessionFuture.get().getRemote().sendPing(ByteBuffer.wrap(""ping"".getBytes()));
        assertTrue(myWebSocket.getResponse().contains(""ping""));
    }","@Test
    public void testEnableWebSocketServer() throws Exception {
        HttpClient httpClient = new HttpClient();
        WebSocketClient webSocketClient = new WebSocketClient(httpClient);
        webSocketClient.start();
        MyWebSocket myWebSocket = new MyWebSocket();
        String webSocketUri = computeWsBasePath() + ""/pingpong"";
        Future<Session> sessionFuture = webSocketClient.connect(myWebSocket, URI.create(webSocketUri));
        System.out.println(""uri"" + webSocketUri);
        sessionFuture.get().getRemote().sendPing(ByteBuffer.wrap(""ping"".getBytes()));
        assertTrue(myWebSocket.getResponse().contains(""ping""));
    }","--- pre
+++ post
@@ -5,6 +5,7 @@
         webSocketClient.start();
         MyWebSocket myWebSocket = new MyWebSocket();
-        String webSocketUri = ""ws://localhost:8080/ws/pingpong"";
+        String webSocketUri = computeWsBasePath() + ""/pingpong"";
         Future<Session> sessionFuture = webSocketClient.connect(myWebSocket, URI.create(webSocketUri));
+        System.out.println(""uri"" + webSocketUri);
         sessionFuture.get().getRemote().sendPing(ByteBuffer.wrap(""ping"".getBytes()));
         assertTrue(myWebSocket.getResponse().contains(""ping""));"
apache_pulsar,apache/pulsar,ProxyServiceStarterTest.testProduceAndConsumeMessageWithWebsocket,pulsar-proxy/src/test/java/org/apache/pulsar/proxy/server/ProxyServiceStarterTest.java,7ad46c8c18bb8365c9a2d1233a6cd58ecd6f541f,Fix ProxyServiceStarterTest flaky tests (#12344),unknown,False,,266,274,10,False,0.0364963503649635,False,cue_neutral,0,0,{},{},"@Test
    public void testProduceAndConsumeMessageWithWebsocket() throws Exception {
        HttpClient producerClient = new HttpClient();
        WebSocketClient producerWebSocketClient = new WebSocketClient(producerClient);
        producerWebSocketClient.start();
        MyWebSocket producerSocket = new MyWebSocket();
        String produceUri = ""ws://localhost:8080/ws/producer/persistent/sample/test/local/websocket-topic"";
        Future<Session> producerSession = producerWebSocketClient.connect(producerSocket, URI.create(produceUri));

        ProducerMessage produceRequest = new ProducerMessage();
        produceRequest.setContext(""context"");
        produceRequest.setPayload(Base64.getEncoder().encodeToString(""my payload"".getBytes()));

        HttpClient consumerClient = new HttpClient();
        WebSocketClient consumerWebSocketClient = new WebSocketClient(consumerClient);
        consumerWebSocketClient.start();
        MyWebSocket consumerSocket = new MyWebSocket();
        String consumeUri = ""ws://localhost:8080/ws/consumer/persistent/sample/test/local/websocket-topic/my-sub"";
        Future<Session> consumerSession = consumerWebSocketClient.connect(consumerSocket, URI.create(consumeUri));
        consumerSession.get().getRemote().sendPing(ByteBuffer.wrap(""ping"".getBytes()));
        producerSession.get().getRemote().sendString(ObjectMapperFactory.getThreadLocal().writeValueAsString(produceRequest));
        assertTrue(consumerSocket.getResponse().contains(""ping""));
        ProducerMessage message = ObjectMapperFactory.getThreadLocal().readValue(consumerSocket.getResponse(), ProducerMessage.class);
        assertEquals(new String(Base64.getDecoder().decode(message.getPayload())), ""my payload"");
    }","@Test
    public void testProduceAndConsumeMessageWithWebsocket() throws Exception {
        HttpClient producerClient = new HttpClient();
        WebSocketClient producerWebSocketClient = new WebSocketClient(producerClient);
        producerWebSocketClient.start();
        MyWebSocket producerSocket = new MyWebSocket();
        String produceUri = computeWsBasePath() + ""/producer/persistent/sample/test/local/websocket-topic"";
        Future<Session> producerSession = producerWebSocketClient.connect(producerSocket, URI.create(produceUri));

        ProducerMessage produceRequest = new ProducerMessage();
        produceRequest.setContext(""context"");
        produceRequest.setPayload(Base64.getEncoder().encodeToString(""my payload"".getBytes()));

        HttpClient consumerClient = new HttpClient();
        WebSocketClient consumerWebSocketClient = new WebSocketClient(consumerClient);
        consumerWebSocketClient.start();
        MyWebSocket consumerSocket = new MyWebSocket();
        String consumeUri = computeWsBasePath() + ""/consumer/persistent/sample/test/local/websocket-topic/my-sub"";
        Future<Session> consumerSession = consumerWebSocketClient.connect(consumerSocket, URI.create(consumeUri));
        consumerSession.get().getRemote().sendPing(ByteBuffer.wrap(""ping"".getBytes()));
        producerSession.get().getRemote().sendString(ObjectMapperFactory.getThreadLocal().writeValueAsString(produceRequest));
        assertTrue(consumerSocket.getResponse().contains(""ping""));
        ProducerMessage message = ObjectMapperFactory.getThreadLocal().readValue(consumerSocket.getResponse(), ProducerMessage.class);
        assertEquals(new String(Base64.getDecoder().decode(message.getPayload())), ""my payload"");
    }","--- pre
+++ post
@@ -5,5 +5,5 @@
         producerWebSocketClient.start();
         MyWebSocket producerSocket = new MyWebSocket();
-        String produceUri = ""ws://localhost:8080/ws/producer/persistent/sample/test/local/websocket-topic"";
+        String produceUri = computeWsBasePath() + ""/producer/persistent/sample/test/local/websocket-topic"";
         Future<Session> producerSession = producerWebSocketClient.connect(producerSocket, URI.create(produceUri));
 
@@ -16,5 +16,5 @@
         consumerWebSocketClient.start();
         MyWebSocket consumerSocket = new MyWebSocket();
-        String consumeUri = ""ws://localhost:8080/ws/consumer/persistent/sample/test/local/websocket-topic/my-sub"";
+        String consumeUri = computeWsBasePath() + ""/consumer/persistent/sample/test/local/websocket-topic/my-sub"";
         Future<Session> consumerSession = consumerWebSocketClient.connect(consumerSocket, URI.create(consumeUri));
         consumerSession.get().getRemote().sendPing(ByteBuffer.wrap(""ping"".getBytes()));"
apache_pulsar,apache/pulsar,ProxyServiceStarterTest.testProducer,pulsar-proxy/src/test/java/org/apache/pulsar/proxy/server/ProxyServiceStarterTest.java,7ad46c8c18bb8365c9a2d1233a6cd58ecd6f541f,Fix ProxyServiceStarterTest flaky tests (#12344),unknown,False,,84,100,17,False,0.17,False,cue_neutral,0,0,{},{},"@Test
    public void testProducer() throws Exception {
        @Cleanup
        PulsarClient client = PulsarClient.builder().serviceUrl(""pulsar://localhost:11000"")
                .build();

        @Cleanup
        Producer<byte[]> producer = client.newProducer()
                .topic(""persistent://sample/test/local/websocket-topic"")
                .create();

        for (int i = 0; i < 10; i++) {
            producer.send(""test"".getBytes());
        }
    }","@Test
    public void testProducer() throws Exception {
        @Cleanup
        PulsarClient client = PulsarClient.builder().serviceUrl(""pulsar://localhost:"" + this.pulsar.getBrokerService().getListenPort().get())
                .build();

        @Cleanup
        Producer<byte[]> producer = client.newProducer()
                .topic(""persistent://sample/test/local/websocket-topic"")
                .create();

        for (int i = 0; i < 10; i++) {
            producer.send(""test"".getBytes());
        }
    }","--- pre
+++ post
@@ -2,5 +2,5 @@
     public void testProducer() throws Exception {
         @Cleanup
-        PulsarClient client = PulsarClient.builder().serviceUrl(""pulsar://localhost:11000"")
+        PulsarClient client = PulsarClient.builder().serviceUrl(""pulsar://localhost:"" + this.pulsar.getBrokerService().getListenPort().get())
                 .build();
 "
apache_pulsar,apache/pulsar,ReplicatorTest.testReplicatorProducerName,pulsar-broker/src/test/java/org/apache/pulsar/broker/service/ReplicatorTest.java,78c2981a8bc0af4ee883357b99a40e83be8ffa4b,[Issue 12897] Fix flaky test in testReplicatorProducerName (#12898),async wait,True,238.0,183,199,16,False,0.08040201005025126,False,cue_added,2,0,"{'Awaitility': 1, 'await': 1}",{},"@Test(priority = 5, timeOut = 30000)
    public void testReplicatorProducerName() throws Exception {
        log.info(""--- Starting ReplicatorTest::testReplicatorProducerName ---"");
        final String topicName = BrokerTestUtil.newUniqueName(""persistent://pulsar/ns/testReplicatorProducerName"");
        final TopicName dest = TopicName.get(topicName);

        @Cleanup
        MessageProducer producer1 = new MessageProducer(url1, dest);

        Awaitility.await().untilAsserted(() -> {
            assertTrue(pulsar2.getBrokerService().getTopicReference(topicName).isPresent());
        });
        Optional<Topic> topic = pulsar2.getBrokerService().getTopicReference(topicName);
        assertTrue(topic.isPresent());
        Set<String> remoteClusters = topic.get().getProducers().values().stream()
                .map(org.apache.pulsar.broker.service.Producer::getRemoteCluster)
                .collect(Collectors.toSet());
        assertTrue(remoteClusters.contains(""r1""));
    }","@Test(priority = 5, timeOut = 30000)
    public void testReplicatorProducerName() throws Exception {
        log.info(""--- Starting ReplicatorTest::testReplicatorProducerName ---"");
        final String topicName = BrokerTestUtil.newUniqueName(""persistent://pulsar/ns/testReplicatorProducerName"");
        final TopicName dest = TopicName.get(topicName);

        @Cleanup
        MessageProducer producer1 = new MessageProducer(url1, dest);

        Awaitility.await().untilAsserted(() -> {
            assertTrue(pulsar2.getBrokerService().getTopicReference(topicName).isPresent());
        });
        Optional<Topic> topic = pulsar2.getBrokerService().getTopicReference(topicName);
        assertTrue(topic.isPresent());
        Awaitility.await().untilAsserted(() -> {
            Set<String> remoteClusters = topic.get().getProducers().values().stream()
                    .map(org.apache.pulsar.broker.service.Producer::getRemoteCluster)
                    .collect(Collectors.toSet());
            assertTrue(remoteClusters.contains(""r1""));
        });
    }","--- pre
+++ post
@@ -13,7 +13,9 @@
         Optional<Topic> topic = pulsar2.getBrokerService().getTopicReference(topicName);
         assertTrue(topic.isPresent());
-        Set<String> remoteClusters = topic.get().getProducers().values().stream()
-                .map(org.apache.pulsar.broker.service.Producer::getRemoteCluster)
-                .collect(Collectors.toSet());
-        assertTrue(remoteClusters.contains(""r1""));
+        Awaitility.await().untilAsserted(() -> {
+            Set<String> remoteClusters = topic.get().getProducers().values().stream()
+                    .map(org.apache.pulsar.broker.service.Producer::getRemoteCluster)
+                    .collect(Collectors.toSet());
+            assertTrue(remoteClusters.contains(""r1""));
+        });
     }"
apache_pulsar,apache/pulsar,TopicReaderTest.testMultiReaderIsAbleToSeekWithTimeOnMiddleOfTopic,pulsar-broker/src/test/java/org/apache/pulsar/client/api/TopicReaderTest.java,f7f9406a4676cb1dcda9e5dde9815b0cecf0aaff,Fix flaky test TopicReaderTest.testMultiReaderIsAbleToSeekWithTimeOnMiddleOfTopic (#9375),time,True,22.0,253,270,54,False,0.2,False,cue_added,1,0,{'TimeUnit': 1},{},"@Test
    public void testMultiReaderIsAbleToSeekWithTimeOnMiddleOfTopic() throws Exception {
        final String topicName = ""persistent://my-property/my-ns/testMultiReaderIsAbleToSeekWithTimeOnMiddleOfTopic"" + System.currentTimeMillis();
        final int numOfMessage = 10;
        final int halfMessages = numOfMessage / 2;
        admin.topics().createPartitionedTopic(topicName, 3);
        Producer<byte[]> producer = pulsarClient.newProducer().topic(topicName).create();

        long l = System.currentTimeMillis();
        for (int i = 0; i < numOfMessage; i++) {
            producer.send(String.format(""msg num %d"", i).getBytes());
        }

        Reader<byte[]> reader = pulsarClient.newReader().topic(topicName).startMessageId(MessageId.earliest).create();

        int plusTime = (halfMessages + 1) * 100;
        reader.seek(l + plusTime);

        Set<String> messageSet = Sets.newHashSet();
        for (int i = halfMessages + 1; i < numOfMessage; i++) {
            Message<byte[]> message = reader.readNext();
            String receivedMessage = new String(message.getData());
            Assert.assertTrue(messageSet.add(receivedMessage), ""Received duplicate message "" + receivedMessage);
        }

        reader.close();
        producer.close();
    }","@Test
    public void testMultiReaderIsAbleToSeekWithTimeOnMiddleOfTopic() throws Exception {
        final String topicName = ""persistent://my-property/my-ns/testMultiReaderIsAbleToSeekWithTimeOnMiddleOfTopic"" + System.currentTimeMillis();
        final int numOfMessage = 10;
        final int halfMessages = numOfMessage / 2;
        admin.topics().createPartitionedTopic(topicName, 3);
        Producer<byte[]> producer = pulsarClient.newProducer().topic(topicName).create();
        long halfTime = 0;
        for (int i = 0; i < numOfMessage; i++) {
            if (i == numOfMessage / 2) {
                halfTime = System.currentTimeMillis();
            }
            producer.send(String.format(""msg num %d"", i).getBytes());
        }
        Assert.assertTrue(halfTime != 0);
        Reader<byte[]> reader = pulsarClient.newReader().topic(topicName).startMessageId(MessageId.earliest).create();

        reader.seek(halfTime);
        Set<String> messageSet = Sets.newHashSet();
        for (int i = halfMessages + 1; i < numOfMessage; i++) {
            Message<byte[]> message = reader.readNext(10, TimeUnit.SECONDS);
            String receivedMessage = new String(message.getData());
            Assert.assertTrue(messageSet.add(receivedMessage), ""Received duplicate message "" + receivedMessage);
        }
        reader.close();
        producer.close();
    }","--- pre
+++ post
@@ -6,22 +6,21 @@
         admin.topics().createPartitionedTopic(topicName, 3);
         Producer<byte[]> producer = pulsarClient.newProducer().topic(topicName).create();
-
-        long l = System.currentTimeMillis();
+        long halfTime = 0;
         for (int i = 0; i < numOfMessage; i++) {
+            if (i == numOfMessage / 2) {
+                halfTime = System.currentTimeMillis();
+            }
             producer.send(String.format(""msg num %d"", i).getBytes());
         }
-
+        Assert.assertTrue(halfTime != 0);
         Reader<byte[]> reader = pulsarClient.newReader().topic(topicName).startMessageId(MessageId.earliest).create();
 
-        int plusTime = (halfMessages + 1) * 100;
-        reader.seek(l + plusTime);
-
+        reader.seek(halfTime);
         Set<String> messageSet = Sets.newHashSet();
         for (int i = halfMessages + 1; i < numOfMessage; i++) {
-            Message<byte[]> message = reader.readNext();
+            Message<byte[]> message = reader.readNext(10, TimeUnit.SECONDS);
             String receivedMessage = new String(message.getData());
             Assert.assertTrue(messageSet.add(receivedMessage), ""Received duplicate message "" + receivedMessage);
         }
-
         reader.close();
         producer.close();"
apache_pulsar,apache/pulsar,TransactionMetaStoreAssignmentTest.testTransactionMetaStoreAssignAndFailover,pulsar-broker/src/test/java/org/apache/pulsar/broker/transaction/coordinator/TransactionMetaStoreAssignmentTest.java,f99e3a9f41472ecbc2f2603e2478a7d63270843a,fix flaky testTransactionMetaStoreAssignAndFailover (#9506),unknown,False,,265,275,17,False,0.06181818181818182,False,cue_neutral,2,2,"{'Awaitility': 1, 'await': 1}","{'Thread': 1, 'sleep': 1}","@Test
    public void testTransactionMetaStoreAssignAndFailover() throws IOException, InterruptedException {

        int transactionMetaStoreCount = 0;
        for (PulsarService pulsarService : pulsarServices) {
            transactionMetaStoreCount += pulsarService.getTransactionMetadataStoreService().getStores().size();
        }

        Assert.assertEquals(transactionMetaStoreCount, 16);

        PulsarService crashedMetaStore = null;
        for (int i = pulsarServices.length - 1; i >= 0; i--) {
            if (pulsarServices[i].getTransactionMetadataStoreService().getStores().size() > 0) {
                crashedMetaStore = pulsarServices[i];
                break;
            }
        }

        Assert.assertNotNull(crashedMetaStore);
        List<PulsarService> services = new ArrayList<>(pulsarServices.length - 1);
        for (PulsarService pulsarService : pulsarServices) {
            if (pulsarService != crashedMetaStore) {
                services.add(pulsarService);
            }
        }
        pulsarServices = new PulsarService[pulsarServices.length - 1];
        for (int i = 0; i < services.size(); i++) {
            pulsarServices[i] = services.get(i);
        }
        crashedMetaStore.close();

        Thread.sleep(3000);

        transactionMetaStoreCount = 0;
        for (PulsarService pulsarService : pulsarServices) {
            transactionMetaStoreCount += pulsarService.getTransactionMetadataStoreService().getStores().size();
        }

        Assert.assertEquals(transactionMetaStoreCount, 16);

        transactionCoordinatorClient.close();
    }","@Test
    public void testTransactionMetaStoreAssignAndFailover() throws IOException, InterruptedException {

        int transactionMetaStoreCount = 0;
        for (PulsarService pulsarService : pulsarServices) {
            transactionMetaStoreCount += pulsarService.getTransactionMetadataStoreService().getStores().size();
        }

        Assert.assertEquals(transactionMetaStoreCount, 16);

        PulsarService crashedMetaStore = null;
        for (int i = pulsarServices.length - 1; i >= 0; i--) {
            if (pulsarServices[i].getTransactionMetadataStoreService().getStores().size() > 0) {
                crashedMetaStore = pulsarServices[i];
                break;
            }
        }

        Assert.assertNotNull(crashedMetaStore);
        List<PulsarService> services = new ArrayList<>(pulsarServices.length - 1);
        for (PulsarService pulsarService : pulsarServices) {
            if (pulsarService != crashedMetaStore) {
                services.add(pulsarService);
            }
        }
        pulsarServices = new PulsarService[pulsarServices.length - 1];
        for (int i = 0; i < services.size(); i++) {
            pulsarServices[i] = services.get(i);
        }
        crashedMetaStore.close();

        Awaitility.await()
                .untilAsserted(() -> {

                    int transactionMetaStoreCount2 = 0;
                    for (PulsarService pulsarService : pulsarServices) {
                        transactionMetaStoreCount2 += pulsarService.getTransactionMetadataStoreService().getStores()
                                .size();
                    }

                    Assert.assertEquals(transactionMetaStoreCount2, 16);
                });

        transactionCoordinatorClient.close();
    }","--- pre
+++ post
@@ -30,12 +30,15 @@
         crashedMetaStore.close();
 
-        Thread.sleep(3000);
+        Awaitility.await()
+                .untilAsserted(() -> {
 
-        transactionMetaStoreCount = 0;
-        for (PulsarService pulsarService : pulsarServices) {
-            transactionMetaStoreCount += pulsarService.getTransactionMetadataStoreService().getStores().size();
-        }
+                    int transactionMetaStoreCount2 = 0;
+                    for (PulsarService pulsarService : pulsarServices) {
+                        transactionMetaStoreCount2 += pulsarService.getTransactionMetadataStoreService().getStores()
+                                .size();
+                    }
 
-        Assert.assertEquals(transactionMetaStoreCount, 16);
+                    Assert.assertEquals(transactionMetaStoreCount2, 16);
+                });
 
         transactionCoordinatorClient.close();"
apache_pulsar,apache/pulsar,TransactionProduceTest.ackAbortTest,pulsar-broker/src/test/java/org/apache/pulsar/broker/transaction/TransactionProduceTest.java,ecc56b42b02a7d3e5aaaa707ef44e4e5f3f9e68c,Fix flaky test TransactionProduceTest::ackAbortTest (#12798),unknown,False,,424,424,1,False,0.0023584905660377358,False,cue_neutral,0,0,{},{},"@Test
    public void ackAbortTest() throws Exception {
        final String subscriptionName = ""ackAbortTest"";
        Transaction txn = pulsarClient
                .newTransaction()
                .withTransactionTimeout(5, TimeUnit.SECONDS)
                .build().get();
        log.info(""init transaction {}."", txn);

        Producer<byte[]> incomingProducer = pulsarClient.newProducer()
                .topic(ACK_ABORT_TOPIC)
                .batchingMaxMessages(1)
                .roundRobinRouterBatchingPartitionSwitchFrequency(1)
                .create();
        int incomingMessageCnt = 10;
        for (int i = 0; i < incomingMessageCnt; i++) {
            incomingProducer.newMessage().value(""Hello Txn."".getBytes()).send();
        }
        log.info(""prepare incoming messages finished."");

        Consumer<byte[]> consumer = pulsarClient.newConsumer()
                .topic(ACK_ABORT_TOPIC)
                .subscriptionName(subscriptionName)
                .subscriptionInitialPosition(SubscriptionInitialPosition.Earliest)
                .enableBatchIndexAcknowledgment(true)
                .subscriptionType(SubscriptionType.Shared)
                .subscribe();
        Awaitility.await().until(consumer::isConnected);

        for (int i = 0; i < incomingMessageCnt; i++) {
            Message<byte[]> message = consumer.receive();
            log.info(""receive messageId: {}"", message.getMessageId());
            consumer.acknowledgeAsync(message.getMessageId(), txn);
        }

        // The pending messages count should be the incomingMessageCnt
        Awaitility.await().untilAsserted(
                () -> Assert.assertEquals(getPendingAckCount(ACK_ABORT_TOPIC, subscriptionName), incomingMessageCnt));

        consumer.redeliverUnacknowledgedMessages();
        Message<byte[]> message = consumer.receive(2, TimeUnit.SECONDS);
        Assert.assertNull(message);

        // The pending messages count should be the incomingMessageCnt
        Assert.assertEquals(getPendingAckCount(ACK_ABORT_TOPIC, subscriptionName), incomingMessageCnt);

        txn.abort().get();

        // After commit, the pending messages count should be 0
        Awaitility.await().untilAsserted(
                () -> Assert.assertEquals(getPendingAckCount(ACK_ABORT_TOPIC, subscriptionName), 0));

        consumer.redeliverUnacknowledgedMessages();
        for (int i = 0; i < incomingMessageCnt; i++) {
            message = consumer.receive(2, TimeUnit.SECONDS);
            Assert.assertNotNull(message);
            log.info(""second receive messageId: {}"", message.getMessageId());
        }

        log.info(""finish test ackAbortTest"");
    }","@Test
    public void ackAbortTest() throws Exception {
        final String subscriptionName = ""ackAbortTest"";
        Transaction txn = pulsarClient
                .newTransaction()
                .withTransactionTimeout(30, TimeUnit.SECONDS)
                .build().get();
        log.info(""init transaction {}."", txn);

        Producer<byte[]> incomingProducer = pulsarClient.newProducer()
                .topic(ACK_ABORT_TOPIC)
                .batchingMaxMessages(1)
                .roundRobinRouterBatchingPartitionSwitchFrequency(1)
                .create();
        int incomingMessageCnt = 10;
        for (int i = 0; i < incomingMessageCnt; i++) {
            incomingProducer.newMessage().value(""Hello Txn."".getBytes()).send();
        }
        log.info(""prepare incoming messages finished."");

        Consumer<byte[]> consumer = pulsarClient.newConsumer()
                .topic(ACK_ABORT_TOPIC)
                .subscriptionName(subscriptionName)
                .subscriptionInitialPosition(SubscriptionInitialPosition.Earliest)
                .enableBatchIndexAcknowledgment(true)
                .subscriptionType(SubscriptionType.Shared)
                .subscribe();
        Awaitility.await().until(consumer::isConnected);

        for (int i = 0; i < incomingMessageCnt; i++) {
            Message<byte[]> message = consumer.receive();
            log.info(""receive messageId: {}"", message.getMessageId());
            consumer.acknowledgeAsync(message.getMessageId(), txn);
        }

        // The pending messages count should be the incomingMessageCnt
        Awaitility.await().untilAsserted(
                () -> Assert.assertEquals(getPendingAckCount(ACK_ABORT_TOPIC, subscriptionName), incomingMessageCnt));

        consumer.redeliverUnacknowledgedMessages();
        Message<byte[]> message = consumer.receive(2, TimeUnit.SECONDS);
        Assert.assertNull(message);

        // The pending messages count should be the incomingMessageCnt
        Assert.assertEquals(getPendingAckCount(ACK_ABORT_TOPIC, subscriptionName), incomingMessageCnt);

        txn.abort().get();

        // After commit, the pending messages count should be 0
        Awaitility.await().untilAsserted(
                () -> Assert.assertEquals(getPendingAckCount(ACK_ABORT_TOPIC, subscriptionName), 0));

        consumer.redeliverUnacknowledgedMessages();
        for (int i = 0; i < incomingMessageCnt; i++) {
            message = consumer.receive(2, TimeUnit.SECONDS);
            Assert.assertNotNull(message);
            log.info(""second receive messageId: {}"", message.getMessageId());
        }

        log.info(""finish test ackAbortTest"");
    }","--- pre
+++ post
@@ -4,5 +4,5 @@
         Transaction txn = pulsarClient
                 .newTransaction()
-                .withTransactionTimeout(5, TimeUnit.SECONDS)
+                .withTransactionTimeout(30, TimeUnit.SECONDS)
                 .build().get();
         log.info(""init transaction {}."", txn);"
apache_pulsar,apache/pulsar,ZKSessionTest.testReacquireLocksAfterSessionLost,pulsar-metadata/src/test/java/org/apache/pulsar/metadata/ZKSessionTest.java,adf1007cca44e1f4dbd8b3a0d4cfaa9665898439,fix flaky test testReacquireLocksAfterSessionLost (#11815),async wait,True,30.0,271,276,6,False,0.021739130434782608,False,cue_neutral,1,1,{'TimeUnit': 1},{'await': 1},"@Test
    public void testReacquireLocksAfterSessionLost() throws Exception {
        @Cleanup
        MetadataStoreExtended store = MetadataStoreExtended.create(zks.getConnectionString(),
                MetadataStoreConfig.builder()
                        .sessionTimeoutMillis(2_000)
                        .build());

        BlockingQueue<SessionEvent> sessionEvents = new LinkedBlockingQueue<>();
        store.registerSessionListener(sessionEvents::add);

        @Cleanup
        CoordinationService coordinationService = new CoordinationServiceImpl(store);
        @Cleanup
        LockManager<String> lm1 = coordinationService.getLockManager(String.class);

        String path = newKey();

        ResourceLock<String> lock = lm1.acquireLock(path, ""value-1"").join();

        zks.expireSession(((ZKMetadataStore) store).getZkSessionId());

        SessionEvent e = sessionEvents.poll(5, TimeUnit.SECONDS);
        assertEquals(e, SessionEvent.ConnectionLost);

        e = sessionEvents.poll(10, TimeUnit.SECONDS);
        assertEquals(e, SessionEvent.SessionLost);

        e = sessionEvents.poll(10, TimeUnit.SECONDS);
        assertEquals(e, SessionEvent.Reconnected);
        e = sessionEvents.poll(10, TimeUnit.SECONDS);
        assertEquals(e, SessionEvent.SessionReestablished);

        Awaitility.await().untilAsserted(() -> {
            assertFalse(lock.getLockExpiredFuture().isDone());
        });

        assertTrue(store.get(path).join().isPresent());
    }","@Test
    public void testReacquireLocksAfterSessionLost() throws Exception {
        @Cleanup
        MetadataStoreExtended store = MetadataStoreExtended.create(zks.getConnectionString(),
                MetadataStoreConfig.builder()
                        .sessionTimeoutMillis(2_000)
                        .build());

        BlockingQueue<SessionEvent> sessionEvents = new LinkedBlockingQueue<>();
        store.registerSessionListener(sessionEvents::add);

        @Cleanup
        CoordinationService coordinationService = new CoordinationServiceImpl(store);
        @Cleanup
        LockManager<String> lm1 = coordinationService.getLockManager(String.class);

        String path = newKey();

        ResourceLock<String> lock = lm1.acquireLock(path, ""value-1"").join();

        zks.expireSession(((ZKMetadataStore) store).getZkSessionId());

        SessionEvent e = sessionEvents.poll(5, TimeUnit.SECONDS);
        assertEquals(e, SessionEvent.ConnectionLost);

        e = sessionEvents.poll(10, TimeUnit.SECONDS);
        assertEquals(e, SessionEvent.SessionLost);

        e = sessionEvents.poll(10, TimeUnit.SECONDS);
        assertEquals(e, SessionEvent.Reconnected);
        e = sessionEvents.poll(10, TimeUnit.SECONDS);
        assertEquals(e, SessionEvent.SessionReestablished);

        Awaitility.waitAtMost(30, TimeUnit.SECONDS).untilAsserted(() -> {
            assertFalse(lock.getLockExpiredFuture().isDone());
        });

        assertTrue(store.get(path).join().isPresent());
    }","--- pre
+++ post
@@ -32,5 +32,5 @@
         assertEquals(e, SessionEvent.SessionReestablished);
 
-        Awaitility.await().untilAsserted(() -> {
+        Awaitility.waitAtMost(30, TimeUnit.SECONDS).untilAsserted(() -> {
             assertFalse(lock.getLockExpiredFuture().isDone());
         });"
apache_samza,apache/samza,TestContainerAllocatorWithHostAffinity.testExpiredRequestAllocationOnAnyHost,samza-core/src/test/java/org/apache/samza/clustermanager/TestContainerAllocatorWithHostAffinity.java,39f65300e5dd3c9e3b6498d213383003cbd5b3c7,[Tests] fix flaky TestContainerAllocatorWithHostAffinity.testExpiredRequestAllocationOnAnyHost (#1559),async wait,True,69.0,354,440,117,False,0.26590909090909093,False,cue_neutral,0,0,{},{},"@Test
  public void testExpiredRequestAllocationOnAnyHost() throws Exception {
    MockClusterResourceManager spyManager = spy(new MockClusterResourceManager(callback, state));
    ContainerManager spyContainerManager =
        spy(new ContainerManager(containerPlacementMetadataStore, state, spyManager, true, false, mock(LocalityManager.class), faultDomainManager, config));
    spyAllocator = Mockito.spy(
        new ContainerAllocator(spyManager, config, state, true, spyContainerManager));
    // Request Preferred Resources
    spyAllocator.requestResources(new HashMap<String, String>() {
      {
        put(""0"", ""hostname-0"");
        put(""1"", ""hostname-1"");
      }
    });

    spyAllocatorThread = new Thread(spyAllocator);
    // Start the container allocator thread periodic assignment
    spyAllocatorThread.start();

    // Let the request expire, expiration timeout is 3 ms
    Thread.sleep(1000);

    // Verify that all the request that were created as preferred host requests expired
    assertTrue(state.preferredHostRequests.get() == 2);
    assertTrue(state.expiredPreferredHostRequests.get() == 2);
    verify(spyContainerManager, times(1)).handleExpiredRequest(eq(""0""), eq(""hostname-0""),
        any(SamzaResourceRequest.class), any(ContainerAllocator.class), any(ResourceRequestState.class));
    verify(spyContainerManager, times(1)).handleExpiredRequest(eq(""1""), eq(""hostname-1""),
        any(SamzaResourceRequest.class), any(ContainerAllocator.class), any(ResourceRequestState.class));

    // Verify that preferred host request were cancelled and since no surplus resources were available
    // requestResource was invoked with ANY_HOST requests
    ArgumentCaptor<SamzaResourceRequest> cancelledRequestCaptor = ArgumentCaptor.forClass(SamzaResourceRequest.class);
    // At least 2 preferred host requests were cancelled
    verify(spyManager, atLeast(2)).cancelResourceRequest(cancelledRequestCaptor.capture());
    assertTrue(cancelledRequestCaptor.getAllValues().stream().map(resourceRequest -> resourceRequest.getPreferredHost()).collect(
        Collectors.toSet()).size() > 2);
    // Check that atleast 2 ANY_HOST requests were made
    assertTrue(state.matchedResourceRequests.get() == 0);
    assertTrue(state.anyHostRequests.get() > 2);
    spyAllocator.stop();
  }","@Test
  public void testExpiredRequestAllocationOnAnyHost() throws Exception {
    MockClusterResourceManager spyManager = spy(new MockClusterResourceManager(callback, state));
    ContainerManager spyContainerManager =
        spy(new ContainerManager(containerPlacementMetadataStore, state, spyManager, true, false, mock(LocalityManager.class), faultDomainManager, config));
    spyAllocator = Mockito.spy(
        new ContainerAllocator(spyManager, config, state, true, spyContainerManager));
    // Request Preferred Resources
    spyAllocator.requestResources(new HashMap<String, String>() {
      {
        put(""0"", ""hostname-0"");
        put(""1"", ""hostname-1"");
      }
    });

    spyAllocatorThread = new Thread(spyAllocator);
    // Start the container allocator thread periodic assignment
    spyAllocatorThread.start();

    // Let the preferred host requests and the follow-up ANY_HOST request expire, expiration timeout is 500 ms
    Thread.sleep(1500);

    // Verify that all the request that were created as preferred host requests expired
    assertTrue(state.preferredHostRequests.get() == 2);
    assertTrue(state.expiredPreferredHostRequests.get() == 2);
    // expirations for initial preferred host requests
    verify(spyContainerManager).handleExpiredRequest(eq(""0""), eq(""hostname-0""),
        any(SamzaResourceRequest.class), any(ContainerAllocator.class), any(ResourceRequestState.class));
    verify(spyContainerManager).handleExpiredRequest(eq(""1""), eq(""hostname-1""),
        any(SamzaResourceRequest.class), any(ContainerAllocator.class), any(ResourceRequestState.class));
    // expirations for follow-up ANY_HOST requests
    // allocator keeps running in a loop so it might expire more than once during the wait time
    verify(spyContainerManager, atLeast(1)).handleExpiredRequest(eq(""0""), eq(ResourceRequestState.ANY_HOST),
        any(SamzaResourceRequest.class), any(ContainerAllocator.class), any(ResourceRequestState.class));
    verify(spyContainerManager, atLeast(1)).handleExpiredRequest(eq(""1""), eq(ResourceRequestState.ANY_HOST),
        any(SamzaResourceRequest.class), any(ContainerAllocator.class), any(ResourceRequestState.class));

    // Verify that preferred host request were cancelled and since no surplus resources were available
    // requestResource was invoked with ANY_HOST requests
    ArgumentCaptor<SamzaResourceRequest> cancelledRequestCaptor = ArgumentCaptor.forClass(SamzaResourceRequest.class);
    // preferred host requests and ANY_HOST requests got cancelled
    verify(spyManager, atLeast(4)).cancelResourceRequest(cancelledRequestCaptor.capture());
    assertEquals(ImmutableSet.of(""hostname-0"", ""hostname-1"", ResourceRequestState.ANY_HOST),
        cancelledRequestCaptor.getAllValues()
            .stream()
            .map(SamzaResourceRequest::getPreferredHost)
            .collect(Collectors.toSet()));
    assertTrue(state.matchedResourceRequests.get() == 0);
    // at least 2 for expired preferred host requests, 2 for expired follow-up ANY_HOST requests
    assertTrue(state.anyHostRequests.get() >= 4);
    spyAllocator.stop();
  }","--- pre
+++ post
@@ -18,13 +18,20 @@
     spyAllocatorThread.start();
 
-    // Let the request expire, expiration timeout is 3 ms
-    Thread.sleep(1000);
+    // Let the preferred host requests and the follow-up ANY_HOST request expire, expiration timeout is 500 ms
+    Thread.sleep(1500);
 
     // Verify that all the request that were created as preferred host requests expired
     assertTrue(state.preferredHostRequests.get() == 2);
     assertTrue(state.expiredPreferredHostRequests.get() == 2);
-    verify(spyContainerManager, times(1)).handleExpiredRequest(eq(""0""), eq(""hostname-0""),
+    // expirations for initial preferred host requests
+    verify(spyContainerManager).handleExpiredRequest(eq(""0""), eq(""hostname-0""),
         any(SamzaResourceRequest.class), any(ContainerAllocator.class), any(ResourceRequestState.class));
-    verify(spyContainerManager, times(1)).handleExpiredRequest(eq(""1""), eq(""hostname-1""),
+    verify(spyContainerManager).handleExpiredRequest(eq(""1""), eq(""hostname-1""),
+        any(SamzaResourceRequest.class), any(ContainerAllocator.class), any(ResourceRequestState.class));
+    // expirations for follow-up ANY_HOST requests
+    // allocator keeps running in a loop so it might expire more than once during the wait time
+    verify(spyContainerManager, atLeast(1)).handleExpiredRequest(eq(""0""), eq(ResourceRequestState.ANY_HOST),
+        any(SamzaResourceRequest.class), any(ContainerAllocator.class), any(ResourceRequestState.class));
+    verify(spyContainerManager, atLeast(1)).handleExpiredRequest(eq(""1""), eq(ResourceRequestState.ANY_HOST),
         any(SamzaResourceRequest.class), any(ContainerAllocator.class), any(ResourceRequestState.class));
 
@@ -32,11 +39,14 @@
     // requestResource was invoked with ANY_HOST requests
     ArgumentCaptor<SamzaResourceRequest> cancelledRequestCaptor = ArgumentCaptor.forClass(SamzaResourceRequest.class);
-    // At least 2 preferred host requests were cancelled
-    verify(spyManager, atLeast(2)).cancelResourceRequest(cancelledRequestCaptor.capture());
-    assertTrue(cancelledRequestCaptor.getAllValues().stream().map(resourceRequest -> resourceRequest.getPreferredHost()).collect(
-        Collectors.toSet()).size() > 2);
-    // Check that atleast 2 ANY_HOST requests were made
+    // preferred host requests and ANY_HOST requests got cancelled
+    verify(spyManager, atLeast(4)).cancelResourceRequest(cancelledRequestCaptor.capture());
+    assertEquals(ImmutableSet.of(""hostname-0"", ""hostname-1"", ResourceRequestState.ANY_HOST),
+        cancelledRequestCaptor.getAllValues()
+            .stream()
+            .map(SamzaResourceRequest::getPreferredHost)
+            .collect(Collectors.toSet()));
     assertTrue(state.matchedResourceRequests.get() == 0);
-    assertTrue(state.anyHostRequests.get() > 2);
+    // at least 2 for expired preferred host requests, 2 for expired follow-up ANY_HOST requests
+    assertTrue(state.anyHostRequests.get() >= 4);
     spyAllocator.stop();
   }"
apache_samza,apache/samza,TestContainerAllocatorWithHostAffinity.testExpiredRequestAllocationOnSurplusAnyHostWithRunStreamProcessor,samza-core/src/test/java/org/apache/samza/clustermanager/TestContainerAllocatorWithHostAffinity.java,39f65300e5dd3c9e3b6498d213383003cbd5b3c7,[Tests] fix flaky TestContainerAllocatorWithHostAffinity.testExpiredRequestAllocationOnAnyHost (#1559),unknown,False,,415,415,0,False,0.0,False,cue_neutral,0,0,{},{},"@Test
  public void testExpiredRequestAllocationOnSurplusAnyHostWithRunStreamProcessor() throws Exception {
    // Add Extra Resources
    MockClusterResourceManager spyClusterResourceManager = spy(new MockClusterResourceManager(callback, state));
    ContainerManager spyContainerManager =
        spy(new ContainerManager(containerPlacementMetadataStore, state, spyClusterResourceManager, true, false, mock(LocalityManager.class), faultDomainManager, config));

    spyAllocator = Mockito.spy(
        new ContainerAllocator(spyClusterResourceManager, config, state, true, spyContainerManager));
    spyAllocator.addResource(new SamzaResource(1, 1000, ""xyz"", ""id1""));
    spyAllocator.addResource(new SamzaResource(1, 1000, ""zzz"", ""id2""));

    // Request Preferred Resources
    spyAllocator.requestResources(new HashMap<String, String>() {
      {
        put(""0"", ""hostname-0"");
        put(""1"", ""hostname-1"");
      }
    });

    spyAllocatorThread = new Thread(spyAllocator);
    // Start the container allocator thread periodic assignment
    spyAllocatorThread.start();

    // Let the request expire, expiration timeout is 3 ms
    Thread.sleep(1000);

    // Verify that all the request that were created as preferred host requests expired
    assertEquals(state.expiredPreferredHostRequests.get(), 2);
    verify(spyContainerManager, times(1)).handleExpiredRequest(eq(""0""), eq(""hostname-0""),
        any(SamzaResourceRequest.class), any(ContainerAllocator.class), any(ResourceRequestState.class));
    verify(spyContainerManager, times(1)).handleExpiredRequest(eq(""1""), eq(""hostname-1""),
        any(SamzaResourceRequest.class), any(ContainerAllocator.class), any(ResourceRequestState.class));

    // Verify that runStreamProcessor was invoked with already available ANY_HOST requests
    ArgumentCaptor<SamzaResourceRequest> resourceRequestCaptor = ArgumentCaptor.forClass(SamzaResourceRequest.class);
    ArgumentCaptor<String> hostCaptor = ArgumentCaptor.forClass(String.class);
    verify(spyAllocator, times(2)).runStreamProcessor(resourceRequestCaptor.capture(), hostCaptor.capture());
    // Resource request were preferred host requests
    resourceRequestCaptor.getAllValues()
        .forEach(resourceRequest -> assertNotEquals(resourceRequest.getPreferredHost(), ResourceRequestState.ANY_HOST));

    // Since requests expired, allocator ran the requests on surplus available ANY_HOST
    hostCaptor.getAllValues()
        .forEach(host -> assertEquals(host, ResourceRequestState.ANY_HOST));

    // State Update check
    assertTrue(state.matchedResourceRequests.get() == 0);
    assertTrue(state.preferredHostRequests.get() == 2);
    assertTrue(state.anyHostRequests.get() == 0);
    spyAllocator.stop();
  }","@Test
  public void testExpiredRequestAllocationOnSurplusAnyHostWithRunStreamProcessor() throws Exception {
    // Add Extra Resources
    MockClusterResourceManager spyClusterResourceManager = spy(new MockClusterResourceManager(callback, state));
    ContainerManager spyContainerManager =
        spy(new ContainerManager(containerPlacementMetadataStore, state, spyClusterResourceManager, true, false, mock(LocalityManager.class), faultDomainManager, config));

    spyAllocator = Mockito.spy(
        new ContainerAllocator(spyClusterResourceManager, config, state, true, spyContainerManager));
    spyAllocator.addResource(new SamzaResource(1, 1000, ""xyz"", ""id1""));
    spyAllocator.addResource(new SamzaResource(1, 1000, ""zzz"", ""id2""));

    // Request Preferred Resources
    spyAllocator.requestResources(new HashMap<String, String>() {
      {
        put(""0"", ""hostname-0"");
        put(""1"", ""hostname-1"");
      }
    });

    spyAllocatorThread = new Thread(spyAllocator);
    // Start the container allocator thread periodic assignment
    spyAllocatorThread.start();

    // Let the request expire, expiration timeout is 500 ms
    Thread.sleep(1000);

    // Verify that all the request that were created as preferred host requests expired
    assertEquals(state.expiredPreferredHostRequests.get(), 2);
    verify(spyContainerManager, times(1)).handleExpiredRequest(eq(""0""), eq(""hostname-0""),
        any(SamzaResourceRequest.class), any(ContainerAllocator.class), any(ResourceRequestState.class));
    verify(spyContainerManager, times(1)).handleExpiredRequest(eq(""1""), eq(""hostname-1""),
        any(SamzaResourceRequest.class), any(ContainerAllocator.class), any(ResourceRequestState.class));

    // Verify that runStreamProcessor was invoked with already available ANY_HOST requests
    ArgumentCaptor<SamzaResourceRequest> resourceRequestCaptor = ArgumentCaptor.forClass(SamzaResourceRequest.class);
    ArgumentCaptor<String> hostCaptor = ArgumentCaptor.forClass(String.class);
    verify(spyAllocator, times(2)).runStreamProcessor(resourceRequestCaptor.capture(), hostCaptor.capture());
    // Resource request were preferred host requests
    resourceRequestCaptor.getAllValues()
        .forEach(resourceRequest -> assertNotEquals(resourceRequest.getPreferredHost(), ResourceRequestState.ANY_HOST));

    // Since requests expired, allocator ran the requests on surplus available ANY_HOST
    hostCaptor.getAllValues()
        .forEach(host -> assertEquals(host, ResourceRequestState.ANY_HOST));

    // State Update check
    assertTrue(state.matchedResourceRequests.get() == 0);
    assertTrue(state.preferredHostRequests.get() == 2);
    assertTrue(state.anyHostRequests.get() == 0);
    spyAllocator.stop();
  }","--- pre
+++ post
@@ -23,5 +23,5 @@
     spyAllocatorThread.start();
 
-    // Let the request expire, expiration timeout is 3 ms
+    // Let the request expire, expiration timeout is 500 ms
     Thread.sleep(1000);
 "
apache_zookeeper,apache/zookeeper,MultipleAddressesTest.testGetValidAddressWithNotValid,zookeeper-server/src/test/java/org/apache/zookeeper/server/quorum/MultipleAddressesTest.java,3ff30a6427fdc2f13e60ff530800eca55ff02c9a,ZOOKEEPER-3981: Flaky test MultipleAddressTest::testGetValidAddressWithNotValid,unknown,False,,44,44,1,False,0.022727272727272728,False,cue_neutral,0,0,{},{},"@Test
    public void testGetValidAddressWithNotValid() {
        assertThrows(NoRouteToHostException.class, () -> {
            MultipleAddresses multipleAddresses = new MultipleAddresses(new InetSocketAddress(""10.0.0.1"", 22));
            multipleAddresses.getReachableAddress();
        });
    }","@Test
    public void testGetValidAddressWithNotValid() {
        assertThrows(NoRouteToHostException.class, () -> {
            // IP chosen because it is reserved for documentation/examples and should be unreachable (RFC 5737)
            MultipleAddresses multipleAddresses = new MultipleAddresses(new InetSocketAddress(""203.0.113.1"", 22));
            multipleAddresses.getReachableAddress();
        });
    }","--- pre
+++ post
@@ -2,5 +2,6 @@
     public void testGetValidAddressWithNotValid() {
         assertThrows(NoRouteToHostException.class, () -> {
-            MultipleAddresses multipleAddresses = new MultipleAddresses(new InetSocketAddress(""10.0.0.1"", 22));
+            // IP chosen because it is reserved for documentation/examples and should be unreachable (RFC 5737)
+            MultipleAddresses multipleAddresses = new MultipleAddresses(new InetSocketAddress(""203.0.113.1"", 22));
             multipleAddresses.getReachableAddress();
         });"
apache_zookeeper,apache/zookeeper,StandaloneDisabledTest.startSingleServerTest,src/java/test/org/apache/zookeeper/server/quorum/StandaloneDisabledTest.java,6949af062d5ad3cdb36c86afc3728ede78c8039d,ZOOKEEPER-2718: fix flaky StandaloneDisabledTest,unknown,False,,389,394,5,False,0.012690355329949238,False,cue_neutral,0,0,{},{},"@Test
    public void startSingleServerTest() throws Exception {
        setUpData();

        //start one server
        startServer(leaderId, serverStrings.get(leaderId) + ""\n"");
        ReconfigTest.testServerHasConfig(zkHandles[leaderId], null, null);
        LOG.info(""Initial Configuration:\n""
                 + new String(zkHandles[leaderId].getConfig(this, new Stat())));

        //start and add 2 followers
        startFollowers();
        testReconfig(leaderId, true, reconfigServers);
        LOG.info(""Configuration after adding 2 followers:\n""
                 + new String(zkHandles[leaderId].getConfig(this, new Stat())));

        //shutdown leader- quorum should still exist
        shutDownServer(leaderId);
        ReconfigTest.testNormalOperation(zkHandles[follower1], zkHandles[follower2]);

        //should not be able to remove follower 2
        //No quorum in new config (1/2)
        reconfigServers.clear();
        reconfigServers.add(Integer.toString(follower2));
        try {
            ReconfigTest.reconfig(zkAdminHandles[follower1], null, reconfigServers, null, -1);
            Assert.fail(""reconfig completed successfully even though there is no quorum up in new config!"");
        } catch (KeeperException.NewConfigNoQuorum e) { }

        //reconfigure out leader and follower 1. Remaining follower
        //2 should elect itself as leader and run by itself
        reconfigServers.clear();
        reconfigServers.add(Integer.toString(leaderId));
        reconfigServers.add(Integer.toString(follower1));
        testReconfig(follower2, false, reconfigServers);
        LOG.info(""Configuration after removing leader and follower 1:\n""
                + new String(zkHandles[follower2].getConfig(this, new Stat())));

        // Try to remove follower2, which is the only remaining server. This should fail.
        reconfigServers.clear();
        reconfigServers.add(Integer.toString(follower2));
        try {
            zkAdminHandles[follower2].reconfigure(null, reconfigServers, null, -1, new Stat());
            Assert.fail(""reconfig completed successfully even though there is no quorum up in new config!"");
        } catch (KeeperException.BadArgumentsException e) {
            // This is expected.
        } catch (Exception e) {
            Assert.fail(""Should have been BadArgumentsException!"");
        }

        //Add two participants and change them to observers to check
        //that we can reconfigure down to one participant with observers.
        ArrayList<String> observerStrings = new ArrayList<String>();
        startObservers(observerStrings);
        testReconfig(follower2, true, reconfigServers); //add partcipants
        testReconfig(follower2, true, observerStrings); //change to observers
        LOG.info(""Configuration after adding two observers:\n""
                + new String(zkHandles[follower2].getConfig(this, new Stat())));

        shutDownData();
    }","@Test
    public void startSingleServerTest() throws Exception {
        setUpData();

        //start one server
        startServer(leaderId, serverStrings.get(leaderId) + ""\n"");
        ReconfigTest.testServerHasConfig(zkHandles[leaderId], null, null);
        LOG.info(""Initial Configuration:\n""
                 + new String(zkHandles[leaderId].getConfig(this, new Stat())));

        //start and add 2 followers
        startFollowers();
        testReconfig(leaderId, true, reconfigServers);
        LOG.info(""Configuration after adding 2 followers:\n""
                 + new String(zkHandles[leaderId].getConfig(this, new Stat())));

        //shutdown leader- quorum should still exist
        shutDownServer(leaderId);
        ReconfigTest.testNormalOperation(zkHandles[follower1], zkHandles[follower2]);

        //should not be able to remove follower 2
        //No quorum in new config (1/2)
        reconfigServers.clear();
        reconfigServers.add(Integer.toString(follower2));
        try {
            ReconfigTest.reconfig(zkAdminHandles[follower1], null, reconfigServers, null, -1);
            Assert.fail(""reconfig completed successfully even though there is no quorum up in new config!"");
        } catch (KeeperException.NewConfigNoQuorum e) { }

        //reconfigure out leader and follower 1. Remaining follower
        //2 should elect itself as leader and run by itself
        reconfigServers.clear();
        reconfigServers.add(Integer.toString(leaderId));
        reconfigServers.add(Integer.toString(follower1));
        testReconfig(follower2, false, reconfigServers);
        LOG.info(""Configuration after removing leader and follower 1:\n""
                + new String(zkHandles[follower2].getConfig(this, new Stat())));

        // Kill server 1 to avoid it interferences with FLE of the quorum {2, 3, 4}.
        shutDownServer(follower1);

        // Try to remove follower2, which is the only remaining server. This should fail.
        reconfigServers.clear();
        reconfigServers.add(Integer.toString(follower2));
        try {
            zkAdminHandles[follower2].reconfigure(null, reconfigServers, null, -1, new Stat());
            Assert.fail(""reconfig completed successfully even though there is no quorum up in new config!"");
        } catch (KeeperException.BadArgumentsException e) {
            // This is expected.
        } catch (Exception e) {
            Assert.fail(""Should have been BadArgumentsException!"");
        }

        //Add two participants and change them to observers to check
        //that we can reconfigure down to one participant with observers.
        ArrayList<String> observerStrings = new ArrayList<String>();
        startObservers(observerStrings);
        testReconfig(follower2, true, reconfigServers); //add partcipants
        testReconfig(follower2, true, observerStrings); //change to observers
        LOG.info(""Configuration after adding two observers:\n""
                + new String(zkHandles[follower2].getConfig(this, new Stat())));

        shutDownData();
    }","--- pre
+++ post
@@ -37,4 +37,7 @@
                 + new String(zkHandles[follower2].getConfig(this, new Stat())));
 
+        // Kill server 1 to avoid it interferences with FLE of the quorum {2, 3, 4}.
+        shutDownServer(follower1);
+
         // Try to remove follower2, which is the only remaining server. This should fail.
         reconfigServers.clear();"
apache_zookeeper,apache/zookeeper,X509UtilTest.testCreateSSLServerSocketWithPort,zookeeper-server/src/test/java/org/apache/zookeeper/common/X509UtilTest.java,bc5083f85a72837d9cf5b32b82eecc6d0c06a35c,ZOOKEEPER-3276: Make X509UtilTest.testCreateSSLServerSocketWithPort less flaky,unknown,False,,76,76,8,False,0.10526315789473684,False,cue_neutral,0,0,{},{},"@Test(timeout = 5000)
    public void testCreateSSLServerSocketWithPort() throws Exception {
        int port = PortAssignment.unique();
        setCustomCipherSuites();
        SSLServerSocket sslServerSocket = x509Util.createSSLServerSocket(port);
        Assert.assertEquals(sslServerSocket.getLocalPort(), port);
        Assert.assertArrayEquals(customCipherSuites, sslServerSocket.getEnabledCipherSuites());
        Assert.assertTrue(sslServerSocket.getNeedClientAuth());
    }","@Test(timeout = 5000)
    public void testCreateSSLServerSocketWithPort() throws Exception {
        setCustomCipherSuites();
        int port = PortAssignment.unique();
        SSLServerSocket sslServerSocket = x509Util.createSSLServerSocket(port);
        Assert.assertEquals(sslServerSocket.getLocalPort(), port);
        Assert.assertArrayEquals(customCipherSuites, sslServerSocket.getEnabledCipherSuites());
        Assert.assertTrue(sslServerSocket.getNeedClientAuth());
    }","--- pre
+++ post
@@ -1,6 +1,6 @@
 @Test(timeout = 5000)
     public void testCreateSSLServerSocketWithPort() throws Exception {
+        setCustomCipherSuites();
         int port = PortAssignment.unique();
-        setCustomCipherSuites();
         SSLServerSocket sslServerSocket = x509Util.createSSLServerSocket(port);
         Assert.assertEquals(sslServerSocket.getLocalPort(), port);"
aws_aws-sdk-java-v2,aws/aws-sdk-java-v2,S3TransferManagerListenerTest.download_success_shouldInvokeListener,services-custom/s3-transfer-manager/src/test/java/software/amazon/awssdk/transfer/s3/internal/S3TransferManagerListenerTest.java,b47d247d9307c2f9534bf8fd58a6ec6a25b03722,Fix potentially flaky S3TransferManagerListenerTests (#2801),unknown,False,,431,446,35,False,0.07847533632286996,False,cue_added,3,0,{'timeout': 3},{},"@Test
    public void download_success_shouldInvokeListener() throws Exception {
        TransferListener listener = mock(TransferListener.class);

        DownloadRequest downloadRequest = DownloadRequest.builder()
                                                         .getObjectRequest(r -> r.bucket(""bucket"")
                                                                                 .key(""key""))
                                                         .destination(newTempFile())
                                                         .overrideConfiguration(b -> b.addListener(listener))
                                                         .build();
        Download download = tm.download(downloadRequest);
        download.completionFuture().join();

        ArgumentCaptor<TransferListener.Context.TransferInitiated> captor1 =
            ArgumentCaptor.forClass(TransferListener.Context.TransferInitiated.class);
        verify(listener, times(1)).transferInitiated(captor1.capture());
        TransferListener.Context.TransferInitiated ctx1 = captor1.getValue();
        assertThat(ctx1.request()).isSameAs(downloadRequest);
        // transferSize is not known until we receive GetObjectResponse header
        assertThat(ctx1.progressSnapshot().transferSizeInBytes()).isNotPresent();
        assertThat(ctx1.progressSnapshot().bytesTransferred()).isZero();

        ArgumentCaptor<TransferListener.Context.BytesTransferred> captor2 =
            ArgumentCaptor.forClass(TransferListener.Context.BytesTransferred.class);
        verify(listener, times(1)).bytesTransferred(captor2.capture());
        TransferListener.Context.BytesTransferred ctx2 = captor2.getValue();
        assertThat(ctx2.request()).isSameAs(downloadRequest);
        // transferSize should now be known
        assertThat(ctx2.progressSnapshot().transferSizeInBytes()).hasValue(contentLength);
        assertThat(ctx2.progressSnapshot().bytesTransferred()).isPositive();

        ArgumentCaptor<TransferListener.Context.TransferComplete> captor3 =
            ArgumentCaptor.forClass(TransferListener.Context.TransferComplete.class);
        verify(listener, times(1)).transferComplete(captor3.capture());
        TransferListener.Context.TransferComplete ctx3 = captor3.getValue();
        assertThat(ctx3.request()).isSameAs(downloadRequest);
        assertThat(ctx3.progressSnapshot().transferSizeInBytes()).hasValue(contentLength);
        assertThat(ctx3.progressSnapshot().bytesTransferred()).isEqualTo(contentLength);
        assertThat(ctx3.completedTransfer()).isSameAs(download.completionFuture().get());

        verifyNoMoreInteractions(listener);
    }","@Test
    public void download_success_shouldInvokeListener() throws Exception {
        TransferListener listener = mock(TransferListener.class);

        DownloadRequest downloadRequest = DownloadRequest.builder()
                                                         .getObjectRequest(r -> r.bucket(""bucket"")
                                                                                 .key(""key""))
                                                         .destination(newTempFile())
                                                         .overrideConfiguration(b -> b.addListener(listener))
                                                         .build();
        Download download = tm.download(downloadRequest);

        ArgumentCaptor<TransferListener.Context.TransferInitiated> captor1 =
            ArgumentCaptor.forClass(TransferListener.Context.TransferInitiated.class);
        verify(listener, timeout(1000).times(1)).transferInitiated(captor1.capture());
        TransferListener.Context.TransferInitiated ctx1 = captor1.getValue();
        assertThat(ctx1.request()).isSameAs(downloadRequest);
        // transferSize is not known until we receive GetObjectResponse header
        assertThat(ctx1.progressSnapshot().transferSizeInBytes()).isNotPresent();
        assertThat(ctx1.progressSnapshot().bytesTransferred()).isZero();

        ArgumentCaptor<TransferListener.Context.BytesTransferred> captor2 =
            ArgumentCaptor.forClass(TransferListener.Context.BytesTransferred.class);
        verify(listener, timeout(1000).times(1)).bytesTransferred(captor2.capture());
        TransferListener.Context.BytesTransferred ctx2 = captor2.getValue();
        assertThat(ctx2.request()).isSameAs(downloadRequest);
        // transferSize should now be known
        assertThat(ctx2.progressSnapshot().transferSizeInBytes()).hasValue(contentLength);
        assertThat(ctx2.progressSnapshot().bytesTransferred()).isPositive();

        ArgumentCaptor<TransferListener.Context.TransferComplete> captor3 =
            ArgumentCaptor.forClass(TransferListener.Context.TransferComplete.class);
        verify(listener, timeout(1000).times(1)).transferComplete(captor3.capture());
        TransferListener.Context.TransferComplete ctx3 = captor3.getValue();
        assertThat(ctx3.request()).isSameAs(downloadRequest);
        assertThat(ctx3.progressSnapshot().transferSizeInBytes()).hasValue(contentLength);
        assertThat(ctx3.progressSnapshot().bytesTransferred()).isEqualTo(contentLength);
        assertThat(ctx3.completedTransfer()).isSameAs(download.completionFuture().get());

        download.completionFuture().join();
        verifyNoMoreInteractions(listener);
    }","--- pre
+++ post
@@ -10,9 +10,8 @@
                                                          .build();
         Download download = tm.download(downloadRequest);
-        download.completionFuture().join();
 
         ArgumentCaptor<TransferListener.Context.TransferInitiated> captor1 =
             ArgumentCaptor.forClass(TransferListener.Context.TransferInitiated.class);
-        verify(listener, times(1)).transferInitiated(captor1.capture());
+        verify(listener, timeout(1000).times(1)).transferInitiated(captor1.capture());
         TransferListener.Context.TransferInitiated ctx1 = captor1.getValue();
         assertThat(ctx1.request()).isSameAs(downloadRequest);
@@ -23,5 +22,5 @@
         ArgumentCaptor<TransferListener.Context.BytesTransferred> captor2 =
             ArgumentCaptor.forClass(TransferListener.Context.BytesTransferred.class);
-        verify(listener, times(1)).bytesTransferred(captor2.capture());
+        verify(listener, timeout(1000).times(1)).bytesTransferred(captor2.capture());
         TransferListener.Context.BytesTransferred ctx2 = captor2.getValue();
         assertThat(ctx2.request()).isSameAs(downloadRequest);
@@ -32,5 +31,5 @@
         ArgumentCaptor<TransferListener.Context.TransferComplete> captor3 =
             ArgumentCaptor.forClass(TransferListener.Context.TransferComplete.class);
-        verify(listener, times(1)).transferComplete(captor3.capture());
+        verify(listener, timeout(1000).times(1)).transferComplete(captor3.capture());
         TransferListener.Context.TransferComplete ctx3 = captor3.getValue();
         assertThat(ctx3.request()).isSameAs(downloadRequest);
@@ -39,4 +38,5 @@
         assertThat(ctx3.completedTransfer()).isSameAs(download.completionFuture().get());
 
+        download.completionFuture().join();
         verifyNoMoreInteractions(listener);
     }"
aws_aws-sdk-java-v2,aws/aws-sdk-java-v2,S3TransferManagerListenerTest.listener_exception_shouldBeSuppressed,services-custom/s3-transfer-manager/src/test/java/software/amazon/awssdk/transfer/s3/internal/S3TransferManagerListenerTest.java,b47d247d9307c2f9534bf8fd58a6ec6a25b03722,Fix potentially flaky S3TransferManagerListenerTests (#2801),unknown,False,,162,177,32,False,0.1807909604519774,False,cue_added,3,0,{'timeout': 3},{},"@Test
    public void listener_exception_shouldBeSuppressed() throws Exception {
        TransferListener listener = throwingListener();

        Path path = newTempFile();
        Files.write(path, randomBytes(contentLength));

        UploadRequest uploadRequest = UploadRequest.builder()
                                                   .putObjectRequest(r -> r.bucket(""bucket"")
                                                                           .key(""key""))
                                                   .source(path)
                                                   .overrideConfiguration(b -> b.addListener(listener))
                                                   .build();
        Upload upload = tm.upload(uploadRequest);
        upload.completionFuture().join();

        verify(listener, times(1)).transferInitiated(any());
        verify(listener, times(1)).bytesTransferred(any());
        verify(listener, times(1)).transferComplete(any());
        verifyNoMoreInteractions(listener);
    }","@Test
    public void listener_exception_shouldBeSuppressed() throws Exception {
        TransferListener listener = throwingListener();

        Path path = newTempFile();
        Files.write(path, randomBytes(contentLength));

        UploadRequest uploadRequest = UploadRequest.builder()
                                                   .putObjectRequest(r -> r.bucket(""bucket"")
                                                                           .key(""key""))
                                                   .source(path)
                                                   .overrideConfiguration(b -> b.addListener(listener))
                                                   .build();
        Upload upload = tm.upload(uploadRequest);

        verify(listener, timeout(1000).times(1)).transferInitiated(any());
        verify(listener, timeout(1000).times(1)).bytesTransferred(any());
        verify(listener, timeout(1000).times(1)).transferComplete(any());

        upload.completionFuture().join();
        verifyNoMoreInteractions(listener);
    }","--- pre
+++ post
@@ -13,9 +13,10 @@
                                                    .build();
         Upload upload = tm.upload(uploadRequest);
+
+        verify(listener, timeout(1000).times(1)).transferInitiated(any());
+        verify(listener, timeout(1000).times(1)).bytesTransferred(any());
+        verify(listener, timeout(1000).times(1)).transferComplete(any());
+
         upload.completionFuture().join();
-
-        verify(listener, times(1)).transferInitiated(any());
-        verify(listener, times(1)).bytesTransferred(any());
-        verify(listener, times(1)).transferComplete(any());
         verifyNoMoreInteractions(listener);
     }"
aws_aws-sdk-java-v2,aws/aws-sdk-java-v2,S3TransferManagerListenerTest.upload_failure_shouldInvokeListener,services-custom/s3-transfer-manager/src/test/java/software/amazon/awssdk/transfer/s3/internal/S3TransferManagerListenerTest.java,b47d247d9307c2f9534bf8fd58a6ec6a25b03722,Fix potentially flaky S3TransferManagerListenerTests (#2801),unknown,False,,365,385,20,False,0.05194805194805195,False,cue_added,3,0,"{'join': 1, 'timeout': 2}",{},"@Test
    public void upload_failure_shouldInvokeListener() throws Exception {
        TransferListener listener = mock(TransferListener.class);

        Path path = newTempFile();
        Files.write(path, randomBytes(contentLength));

        UploadRequest uploadRequest = UploadRequest.builder()
                                                   .putObjectRequest(r -> r.bucket(""bucket"")
                                                                           .key(""key""))
                                                   .source(Paths.get(""/some/nonexistent/path""))
                                                   .overrideConfiguration(b -> b.addListener(listener))
                                                   .build();
        Upload upload = tm.upload(uploadRequest);

        CompletableFuture<CompletedUpload> future = upload.completionFuture();
        assertThatThrownBy(future::join)
            .isInstanceOf(CompletionException.class)
            .hasCauseInstanceOf(NoSuchFileException.class);

        ArgumentCaptor<TransferListener.Context.TransferInitiated> captor1 =
            ArgumentCaptor.forClass(TransferListener.Context.TransferInitiated.class);
        verify(listener, times(1)).transferInitiated(captor1.capture());
        TransferListener.Context.TransferInitiated ctx1 = captor1.getValue();
        assertThat(ctx1.request()).isSameAs(uploadRequest);
        // transferSize is not known since file did not exist
        assertThat(ctx1.progressSnapshot().transferSizeInBytes()).isNotPresent();
        assertThat(ctx1.progressSnapshot().bytesTransferred()).isZero();

        ArgumentCaptor<TransferListener.Context.TransferFailed> captor2 =
            ArgumentCaptor.forClass(TransferListener.Context.TransferFailed.class);
        verify(listener, times(1)).transferFailed(captor2.capture());
        TransferListener.Context.TransferFailed ctx2 = captor2.getValue();
        assertThat(ctx2.request()).isSameAs(uploadRequest);
        assertThat(ctx2.progressSnapshot().transferSizeInBytes()).isNotPresent();
        assertThat(ctx2.progressSnapshot().bytesTransferred()).isZero();
        assertThat(ctx2.exception()).isInstanceOf(NoSuchFileException.class);

        verifyNoMoreInteractions(listener);
    }","@Test
    public void upload_failure_shouldInvokeListener() throws Exception {
        TransferListener listener = mock(TransferListener.class);

        Path path = newTempFile();
        Files.write(path, randomBytes(contentLength));

        UploadRequest uploadRequest = UploadRequest.builder()
                                                   .putObjectRequest(r -> r.bucket(""bucket"")
                                                                           .key(""key""))
                                                   .source(Paths.get(""/some/nonexistent/path""))
                                                   .overrideConfiguration(b -> b.addListener(listener))
                                                   .build();
        Upload upload = tm.upload(uploadRequest);

        CompletableFuture<CompletedUpload> future = upload.completionFuture();
        assertThatThrownBy(future::join)
            .isInstanceOf(CompletionException.class)
            .hasCauseInstanceOf(NoSuchFileException.class);

        ArgumentCaptor<TransferListener.Context.TransferInitiated> captor1 =
            ArgumentCaptor.forClass(TransferListener.Context.TransferInitiated.class);
        verify(listener, timeout(1000).times(1)).transferInitiated(captor1.capture());
        TransferListener.Context.TransferInitiated ctx1 = captor1.getValue();
        assertThat(ctx1.request()).isSameAs(uploadRequest);
        // transferSize is not known since file did not exist
        assertThat(ctx1.progressSnapshot().transferSizeInBytes()).isNotPresent();
        assertThat(ctx1.progressSnapshot().bytesTransferred()).isZero();

        ArgumentCaptor<TransferListener.Context.TransferFailed> captor2 =
            ArgumentCaptor.forClass(TransferListener.Context.TransferFailed.class);
        verify(listener, timeout(1000).times(1)).transferFailed(captor2.capture());
        TransferListener.Context.TransferFailed ctx2 = captor2.getValue();
        assertThat(ctx2.request()).isSameAs(uploadRequest);
        assertThat(ctx2.progressSnapshot().transferSizeInBytes()).isNotPresent();
        assertThat(ctx2.progressSnapshot().bytesTransferred()).isZero();
        assertThat(ctx2.exception()).isInstanceOf(NoSuchFileException.class);

        upload.completionFuture().join();
        verifyNoMoreInteractions(listener);
    }","--- pre
+++ post
@@ -21,5 +21,5 @@
         ArgumentCaptor<TransferListener.Context.TransferInitiated> captor1 =
             ArgumentCaptor.forClass(TransferListener.Context.TransferInitiated.class);
-        verify(listener, times(1)).transferInitiated(captor1.capture());
+        verify(listener, timeout(1000).times(1)).transferInitiated(captor1.capture());
         TransferListener.Context.TransferInitiated ctx1 = captor1.getValue();
         assertThat(ctx1.request()).isSameAs(uploadRequest);
@@ -30,5 +30,5 @@
         ArgumentCaptor<TransferListener.Context.TransferFailed> captor2 =
             ArgumentCaptor.forClass(TransferListener.Context.TransferFailed.class);
-        verify(listener, times(1)).transferFailed(captor2.capture());
+        verify(listener, timeout(1000).times(1)).transferFailed(captor2.capture());
         TransferListener.Context.TransferFailed ctx2 = captor2.getValue();
         assertThat(ctx2.request()).isSameAs(uploadRequest);
@@ -37,4 +37,5 @@
         assertThat(ctx2.exception()).isInstanceOf(NoSuchFileException.class);
 
+        upload.completionFuture().join();
         verifyNoMoreInteractions(listener);
     }"
aws_aws-sdk-java-v2,aws/aws-sdk-java-v2,S3TransferManagerListenerTest.upload_success_shouldInvokeListener,services-custom/s3-transfer-manager/src/test/java/software/amazon/awssdk/transfer/s3/internal/S3TransferManagerListenerTest.java,b47d247d9307c2f9534bf8fd58a6ec6a25b03722,Fix potentially flaky S3TransferManagerListenerTests (#2801),async wait,True,192.0,449,464,35,False,0.07543103448275862,False,cue_added,3,0,{'timeout': 3},{},"@Test
    public void upload_success_shouldInvokeListener() throws Exception {
        TransferListener listener = mock(TransferListener.class);

        Path path = newTempFile();
        Files.write(path, randomBytes(contentLength));

        UploadRequest uploadRequest = UploadRequest.builder()
                                                   .putObjectRequest(r -> r.bucket(""bucket"")
                                                                           .key(""key""))
                                                   .source(path)
                                                   .overrideConfiguration(b -> b.addListener(listener))
                                                   .build();
        Upload upload = tm.upload(uploadRequest);
        upload.completionFuture().join();

        ArgumentCaptor<TransferListener.Context.TransferInitiated> captor1 =
            ArgumentCaptor.forClass(TransferListener.Context.TransferInitiated.class);
        verify(listener, times(1)).transferInitiated(captor1.capture());
        TransferListener.Context.TransferInitiated ctx1 = captor1.getValue();
        assertThat(ctx1.request()).isSameAs(uploadRequest);
        assertThat(ctx1.progressSnapshot().transferSizeInBytes()).hasValue(contentLength);
        assertThat(ctx1.progressSnapshot().bytesTransferred()).isZero();

        ArgumentCaptor<TransferListener.Context.BytesTransferred> captor2 =
            ArgumentCaptor.forClass(TransferListener.Context.BytesTransferred.class);
        verify(listener, times(1)).bytesTransferred(captor2.capture());
        TransferListener.Context.BytesTransferred ctx2 = captor2.getValue();
        assertThat(ctx2.request()).isSameAs(uploadRequest);
        assertThat(ctx2.progressSnapshot().transferSizeInBytes()).hasValue(contentLength);
        assertThat(ctx2.progressSnapshot().bytesTransferred()).isPositive();

        ArgumentCaptor<TransferListener.Context.TransferComplete> captor3 =
            ArgumentCaptor.forClass(TransferListener.Context.TransferComplete.class);
        verify(listener, times(1)).transferComplete(captor3.capture());
        TransferListener.Context.TransferComplete ctx3 = captor3.getValue();
        assertThat(ctx3.request()).isSameAs(uploadRequest);
        assertThat(ctx3.progressSnapshot().transferSizeInBytes()).hasValue(contentLength);
        assertThat(ctx3.progressSnapshot().bytesTransferred()).isEqualTo(contentLength);
        assertThat(ctx3.completedTransfer()).isSameAs(upload.completionFuture().get());

        verifyNoMoreInteractions(listener);
    }","@Test
    public void upload_success_shouldInvokeListener() throws Exception {
        TransferListener listener = mock(TransferListener.class);

        Path path = newTempFile();
        Files.write(path, randomBytes(contentLength));

        UploadRequest uploadRequest = UploadRequest.builder()
                                                   .putObjectRequest(r -> r.bucket(""bucket"")
                                                                           .key(""key""))
                                                   .source(path)
                                                   .overrideConfiguration(b -> b.addListener(listener))
                                                   .build();
        Upload upload = tm.upload(uploadRequest);

        ArgumentCaptor<TransferListener.Context.TransferInitiated> captor1 =
            ArgumentCaptor.forClass(TransferListener.Context.TransferInitiated.class);
        verify(listener, timeout(1000).times(1)).transferInitiated(captor1.capture());
        TransferListener.Context.TransferInitiated ctx1 = captor1.getValue();
        assertThat(ctx1.request()).isSameAs(uploadRequest);
        assertThat(ctx1.progressSnapshot().transferSizeInBytes()).hasValue(contentLength);
        assertThat(ctx1.progressSnapshot().bytesTransferred()).isZero();

        ArgumentCaptor<TransferListener.Context.BytesTransferred> captor2 =
            ArgumentCaptor.forClass(TransferListener.Context.BytesTransferred.class);
        verify(listener, timeout(1000).times(1)).bytesTransferred(captor2.capture());
        TransferListener.Context.BytesTransferred ctx2 = captor2.getValue();
        assertThat(ctx2.request()).isSameAs(uploadRequest);
        assertThat(ctx2.progressSnapshot().transferSizeInBytes()).hasValue(contentLength);
        assertThat(ctx2.progressSnapshot().bytesTransferred()).isPositive();

        ArgumentCaptor<TransferListener.Context.TransferComplete> captor3 =
            ArgumentCaptor.forClass(TransferListener.Context.TransferComplete.class);
        verify(listener, timeout(1000).times(1)).transferComplete(captor3.capture());
        TransferListener.Context.TransferComplete ctx3 = captor3.getValue();
        assertThat(ctx3.request()).isSameAs(uploadRequest);
        assertThat(ctx3.progressSnapshot().transferSizeInBytes()).hasValue(contentLength);
        assertThat(ctx3.progressSnapshot().bytesTransferred()).isEqualTo(contentLength);
        assertThat(ctx3.completedTransfer()).isSameAs(upload.completionFuture().get());

        upload.completionFuture().join();
        verifyNoMoreInteractions(listener);
    }","--- pre
+++ post
@@ -13,9 +13,8 @@
                                                    .build();
         Upload upload = tm.upload(uploadRequest);
-        upload.completionFuture().join();
 
         ArgumentCaptor<TransferListener.Context.TransferInitiated> captor1 =
             ArgumentCaptor.forClass(TransferListener.Context.TransferInitiated.class);
-        verify(listener, times(1)).transferInitiated(captor1.capture());
+        verify(listener, timeout(1000).times(1)).transferInitiated(captor1.capture());
         TransferListener.Context.TransferInitiated ctx1 = captor1.getValue();
         assertThat(ctx1.request()).isSameAs(uploadRequest);
@@ -25,5 +24,5 @@
         ArgumentCaptor<TransferListener.Context.BytesTransferred> captor2 =
             ArgumentCaptor.forClass(TransferListener.Context.BytesTransferred.class);
-        verify(listener, times(1)).bytesTransferred(captor2.capture());
+        verify(listener, timeout(1000).times(1)).bytesTransferred(captor2.capture());
         TransferListener.Context.BytesTransferred ctx2 = captor2.getValue();
         assertThat(ctx2.request()).isSameAs(uploadRequest);
@@ -33,5 +32,5 @@
         ArgumentCaptor<TransferListener.Context.TransferComplete> captor3 =
             ArgumentCaptor.forClass(TransferListener.Context.TransferComplete.class);
-        verify(listener, times(1)).transferComplete(captor3.capture());
+        verify(listener, timeout(1000).times(1)).transferComplete(captor3.capture());
         TransferListener.Context.TransferComplete ctx3 = captor3.getValue();
         assertThat(ctx3.request()).isSameAs(uploadRequest);
@@ -40,4 +39,5 @@
         assertThat(ctx3.completedTransfer()).isSameAs(upload.completionFuture().get());
 
+        upload.completionFuture().join();
         verifyNoMoreInteractions(listener);
     }"
camunda-cloud_zeebe,camunda-cloud/zeebe,AtomixTransportTest.shouldOnlyHandleRequestsOfSubscribedTypes,transport/src/test/java/io/camunda/zeebe/transport/impl/AtomixTransportTest.java,b2ac5f10944c8a5d4fc1bb0cba2379265f5ec071,merge: #7863,async wait,True,161.0,92,100,8,False,0.08,False,cue_added,2,0,{'join': 2},{},"@Test
  public void shouldOnlyHandleRequestsOfSubscribedTypes() {
    // given
    serverTransport.subscribe(0, RequestType.COMMAND, new DirectlyResponder());
    serverTransport.subscribe(0, RequestType.UNKNOWN, new FailingResponder());

    // when
    final var requestFuture =
        clientTransport.sendRequest(
            () -> serverAddress, new Request(""messageABC""), REQUEST_TIMEOUT);

    // then
    final var response = requestFuture.join();
    assertThat(response.byteArray()).isEqualTo(""messageABC"".getBytes());
  }","@Test
  public void shouldOnlyHandleRequestsOfSubscribedTypes() {
    // given
    serverTransport.subscribe(0, RequestType.COMMAND, new DirectlyResponder()).join();
    serverTransport.subscribe(0, RequestType.UNKNOWN, new FailingResponder()).join();

    // when
    final var requestFuture =
        clientTransport.sendRequest(
            () -> serverAddress, new Request(""messageABC""), REQUEST_TIMEOUT);

    // then
    final var response = requestFuture.join();
    assertThat(response.byteArray()).isEqualTo(""messageABC"".getBytes());
  }","--- pre
+++ post
@@ -2,6 +2,6 @@
   public void shouldOnlyHandleRequestsOfSubscribedTypes() {
     // given
-    serverTransport.subscribe(0, RequestType.COMMAND, new DirectlyResponder());
-    serverTransport.subscribe(0, RequestType.UNKNOWN, new FailingResponder());
+    serverTransport.subscribe(0, RequestType.COMMAND, new DirectlyResponder()).join();
+    serverTransport.subscribe(0, RequestType.UNKNOWN, new FailingResponder()).join();
 
     // when"
camunda-cloud_zeebe,camunda-cloud/zeebe,AtomixTransportTest.shouldRetryAndSucceedAfterNodeSubscribed,transport/src/test/java/io/camunda/zeebe/transport/impl/AtomixTransportTest.java,b2ac5f10944c8a5d4fc1bb0cba2379265f5ec071,merge: #7863,unknown,False,,118,122,4,False,0.03278688524590164,False,cue_added,1,0,{'join': 1},{},"@Test
  public void shouldRetryAndSucceedAfterNodeSubscribed() throws InterruptedException {
    // given
    final var retryLatch = new CountDownLatch(3);
    final var requestFuture =
        clientTransport.sendRequestWithRetry(
            () -> {
              retryLatch.countDown();
              return serverAddress;
            },
            new Request(""messageABC""),
            REQUEST_TIMEOUT);

    // when
    retryLatch.await(REQUEST_TIMEOUT.dividedBy(2).toMillis(), TimeUnit.MILLISECONDS);
    serverTransport.subscribe(0, RequestType.COMMAND, new DirectlyResponder());

    // then
    final var response = requestFuture.join();
    assertThat(response.byteArray()).isEqualTo(""messageABC"".getBytes());
  }","@Test
  public void shouldRetryAndSucceedAfterNodeSubscribed() throws InterruptedException {
    // given
    final var retryLatch = new CountDownLatch(3);
    final var requestFuture =
        clientTransport.sendRequestWithRetry(
            () -> {
              retryLatch.countDown();
              return serverAddress;
            },
            new Request(""messageABC""),
            REQUEST_TIMEOUT);

    // when
    retryLatch.await(REQUEST_TIMEOUT.dividedBy(2).toMillis(), TimeUnit.MILLISECONDS);
    serverTransport.subscribe(0, RequestType.COMMAND, new DirectlyResponder()).join();

    // then
    final var response = requestFuture.join();
    assertThat(response.byteArray()).isEqualTo(""messageABC"".getBytes());
  }","--- pre
+++ post
@@ -14,5 +14,5 @@
     // when
     retryLatch.await(REQUEST_TIMEOUT.dividedBy(2).toMillis(), TimeUnit.MILLISECONDS);
-    serverTransport.subscribe(0, RequestType.COMMAND, new DirectlyResponder());
+    serverTransport.subscribe(0, RequestType.COMMAND, new DirectlyResponder()).join();
 
     // then"
camunda-cloud_zeebe,camunda-cloud/zeebe,ControlledActorClockEndpointTest.canOffsetMutableClock,dist/src/test/java/io/camunda/zeebe/shared/management/ControlledActorClockEndpointTest.java,1fbbe367d8d6bd6f008db0d55e7bf3a2acccdb53,test(dist): fix flaky test canOffsetMutableClock,time,True,114.0,139,143,23,False,0.16083916083916083,False,cue_neutral,0,0,{},{},"@Test
  void canOffsetMutableClock() {
    // given
    final var offset = Duration.ofMinutes(10);

    // when
    final var response = endpoint.modify(""add"", null, offset.toMillis());

    // then

    // the minimum time we would expect the actor clock to have. It should have at least advanced
    // by the offset we have specified.
    final var offsetMinimum = Instant.now().plus(offset).truncatedTo(ChronoUnit.MILLIS);
    // the maximum time we would expect the actor clock to have. This can be flaky, but only if the
    // test thread is sleeping for more than one minute.
    final var offsetMaximum = Instant.now().plus(offset.plus(Duration.ofMinutes(1)));

    assertThat(response.getStatus()).isEqualTo(200);
    assertThat(response.getBody())
        .isNotNull()
        .asInstanceOf(instanceOfRecord)
        .satisfies((body) -> assertThat(body.instant).isBetween(offsetMinimum, offsetMaximum));
  }","@Test
  void canOffsetMutableClock() {
    // given
    final var marginOfError = Duration.ofMinutes(1);
    final var offset = Duration.ofMinutes(10);

    // when
    final var response = endpoint.modify(""add"", null, offset.toMillis());

    // then

    // The clock should have at least advanced by the offset we've specified + margin of error.
    final var offsetMinimum = Instant.now().plus(offset.minus(marginOfError));
    // The clock shouldn't have advanced by more than the offset we've specified + margin of error.
    final var offsetMaximum = Instant.now().plus(offset.plus(marginOfError));

    assertThat(response.getStatus()).isEqualTo(200);
    assertThat(response.getBody())
        .isNotNull()
        .asInstanceOf(responseType)
        // This can be flaky, but only if the test thread is sleeping for more than the margin of
        // error.
        .satisfies((body) -> assertThat(body.instant).isBetween(offsetMinimum, offsetMaximum));
  }","--- pre
+++ post
@@ -2,4 +2,5 @@
   void canOffsetMutableClock() {
     // given
+    final var marginOfError = Duration.ofMinutes(1);
     final var offset = Duration.ofMinutes(10);
 
@@ -9,15 +10,15 @@
     // then
 
-    // the minimum time we would expect the actor clock to have. It should have at least advanced
-    // by the offset we have specified.
-    final var offsetMinimum = Instant.now().plus(offset).truncatedTo(ChronoUnit.MILLIS);
-    // the maximum time we would expect the actor clock to have. This can be flaky, but only if the
-    // test thread is sleeping for more than one minute.
-    final var offsetMaximum = Instant.now().plus(offset.plus(Duration.ofMinutes(1)));
+    // The clock should have at least advanced by the offset we've specified + margin of error.
+    final var offsetMinimum = Instant.now().plus(offset.minus(marginOfError));
+    // The clock shouldn't have advanced by more than the offset we've specified + margin of error.
+    final var offsetMaximum = Instant.now().plus(offset.plus(marginOfError));
 
     assertThat(response.getStatus()).isEqualTo(200);
     assertThat(response.getBody())
         .isNotNull()
-        .asInstanceOf(instanceOfRecord)
+        .asInstanceOf(responseType)
+        // This can be flaky, but only if the test thread is sleeping for more than the margin of
+        // error.
         .satisfies((body) -> assertThat(body.instant).isBetween(offsetMinimum, offsetMaximum));
   }"
camunda-cloud_zeebe,camunda-cloud/zeebe,ControlledActorClockEndpointTest.canPinMutableClock,dist/src/test/java/io/camunda/zeebe/shared/management/ControlledActorClockEndpointTest.java,1fbbe367d8d6bd6f008db0d55e7bf3a2acccdb53,test(dist): fix flaky test canOffsetMutableClock,unknown,False,,81,81,1,False,0.012345679012345678,False,cue_neutral,0,0,{},{},"@Test
  void canPinMutableClock() {
    // given
    final var millis = 1635672964533L;

    // when
    final var response = endpoint.modify(""pin"", millis, null);

    // then

    assertThat(response.getStatus()).isEqualTo(200);
    assertThat(response.getBody())
        .asInstanceOf(instanceOfRecord)
        .satisfies((body) -> assertThat(body.epochMilli).isEqualTo(millis))
        .isNotNull();
  }","@Test
  void canPinMutableClock() {
    // given
    final var millis = 1635672964533L;

    // when
    final var response = endpoint.modify(""pin"", millis, null);

    // then

    assertThat(response.getStatus()).isEqualTo(200);
    assertThat(response.getBody())
        .asInstanceOf(responseType)
        .satisfies((body) -> assertThat(body.epochMilli).isEqualTo(millis))
        .isNotNull();
  }","--- pre
+++ post
@@ -11,5 +11,5 @@
     assertThat(response.getStatus()).isEqualTo(200);
     assertThat(response.getBody())
-        .asInstanceOf(instanceOfRecord)
+        .asInstanceOf(responseType)
         .satisfies((body) -> assertThat(body.epochMilli).isEqualTo(millis))
         .isNotNull();"
camunda-cloud_zeebe,camunda-cloud/zeebe,ControlledActorClockEndpointTest.pinnedClockDoesNotAdvance,dist/src/test/java/io/camunda/zeebe/shared/management/ControlledActorClockEndpointTest.java,1fbbe367d8d6bd6f008db0d55e7bf3a2acccdb53,test(dist): fix flaky test canOffsetMutableClock,unknown,False,,129,129,1,False,0.007751937984496124,False,cue_neutral,0,0,{},{},"@Test
  void pinnedClockDoesNotAdvance() throws InterruptedException {
    // given
    final var millis = 1635672964533L;
    final var firstResponse = endpoint.modify(""pin"", millis, null);
    assertThat(firstResponse.getStatus()).isEqualTo(200);
    assertThat(firstResponse.getBody())
        .isNotNull()
        .asInstanceOf(instanceOfRecord)
        .satisfies((body) -> assertThat(body.epochMilli).isEqualTo(millis));

    // when
    Thread.sleep(100);
    final var secondResponse = endpoint.getCurrentClock();

    // then
    assertThat(secondResponse.getBody()).isNotNull();
    assertThat(secondResponse.getBody().epochMilli).isEqualTo(millis);
  }","@Test
  void pinnedClockDoesNotAdvance() throws InterruptedException {
    // given
    final var millis = 1635672964533L;
    final var firstResponse = endpoint.modify(""pin"", millis, null);
    assertThat(firstResponse.getStatus()).isEqualTo(200);
    assertThat(firstResponse.getBody())
        .isNotNull()
        .asInstanceOf(responseType)
        .satisfies((body) -> assertThat(body.epochMilli).isEqualTo(millis));

    // when
    Thread.sleep(100);
    final var secondResponse = endpoint.getCurrentClock();

    // then
    assertThat(secondResponse.getBody()).isNotNull();
    assertThat(secondResponse.getBody().epochMilli).isEqualTo(millis);
  }","--- pre
+++ post
@@ -7,5 +7,5 @@
     assertThat(firstResponse.getBody())
         .isNotNull()
-        .asInstanceOf(instanceOfRecord)
+        .asInstanceOf(responseType)
         .satisfies((body) -> assertThat(body.epochMilli).isEqualTo(millis));
 "
camunda-cloud_zeebe,camunda-cloud/zeebe,OAuthCredentialsProviderTest.shouldThrowExceptionIfTimeout,clients/java/src/test/java/io/camunda/zeebe/client/OAuthCredentialsProviderTest.java,2dbafbf4130b4b6ca66a32cb085770cffef282ae,test(clients): fixes flakiness in a time sensitive test,unknown,False,,134,134,1,False,0.007462686567164179,False,cue_neutral,0,0,{},{},"@Test
  public void shouldThrowExceptionIfTimeout() {
    // given
    mockCredentials(10);
    final ZeebeClientBuilderImpl builder = new ZeebeClientBuilderImpl();
    builder
        .usePlaintext()
        .credentialsProvider(
            new OAuthCredentialsProviderBuilder()
                .clientId(CLIENT_ID)
                .clientSecret(SECRET)
                .audience(AUDIENCE)
                .authorizationServerUrl(""http://localhost:"" + wireMockRule.port() + ""/oauth/token"")
                .readTimeout(Duration.ofMillis(5))
                .build())
        .build()
        .close();
    client = new ZeebeClientImpl(builder, serverRule.getChannel());

    // when
    assertThatThrownBy(() -> client.newTopologyRequest().send().join())
        .hasRootCauseExactlyInstanceOf(SocketTimeoutException.class)
        .hasRootCauseMessage(""Read timed out"");
  }","@Test
  public void shouldThrowExceptionIfTimeout() {
    // given
    mockCredentials(10_000);
    final ZeebeClientBuilderImpl builder = new ZeebeClientBuilderImpl();
    builder
        .usePlaintext()
        .credentialsProvider(
            new OAuthCredentialsProviderBuilder()
                .clientId(CLIENT_ID)
                .clientSecret(SECRET)
                .audience(AUDIENCE)
                .authorizationServerUrl(""http://localhost:"" + wireMockRule.port() + ""/oauth/token"")
                .readTimeout(Duration.ofMillis(5))
                .build())
        .build()
        .close();
    client = new ZeebeClientImpl(builder, serverRule.getChannel());

    // when
    assertThatThrownBy(() -> client.newTopologyRequest().send().join())
        .hasRootCauseExactlyInstanceOf(SocketTimeoutException.class)
        .hasRootCauseMessage(""Read timed out"");
  }","--- pre
+++ post
@@ -2,5 +2,5 @@
   public void shouldThrowExceptionIfTimeout() {
     // given
-    mockCredentials(10);
+    mockCredentials(10_000);
     final ZeebeClientBuilderImpl builder = new ZeebeClientBuilderImpl();
     builder"
camunda-cloud_zeebe,camunda-cloud/zeebe,PriorityElectionTimerTest.shouldHighPriorityNodeStartElectionFirst,atomix/cluster/src/test/java/io/atomix/raft/impl/PriorityElectionTimerTest.java,a8a720598b9b74d738e78903d95639151bcf70ff,test(atomix/cluster): fixes flaky priority election test,async wait,True,17.0,184,171,63,False,0.3423913043478261,False,cue_removed,0,6,{},"{'AtomicBoolean': 4, 'Awaitility': 1, 'await': 1}","@Test
  public void shouldHighPriorityNodeStartElectionFirst() {
    // given
    final AtomicBoolean highPrioElectionTriggered = spy(new AtomicBoolean());
    final AtomicBoolean lowPrioElectionTriggered = spy(new AtomicBoolean());

    final int targetPriority = 4;
    final PriorityElectionTimer timerHighPrio =
        new PriorityElectionTimer(
            Duration.ofMillis(100),
            threadContext,
            () -> highPrioElectionTriggered.set(true),
            log,
            targetPriority,
            targetPriority);

    final PriorityElectionTimer timerLowPrio =
        new PriorityElectionTimer(
            Duration.ofMillis(100),
            threadContext,
            () -> lowPrioElectionTriggered.set(true),
            log,
            targetPriority,
            1);

    // when
    timerLowPrio.reset();
    timerHighPrio.reset();
    Awaitility.await().until(highPrioElectionTriggered::get);
    Awaitility.await().until(lowPrioElectionTriggered::get);

    // then
    final var inorder = Mockito.inOrder(highPrioElectionTriggered, lowPrioElectionTriggered);
    inorder.verify(highPrioElectionTriggered).set(true);
    inorder.verify(lowPrioElectionTriggered).set(true);
  }","@Test
  public void shouldHighPriorityNodeStartElectionFirst() {
    // given
    final String highPrioId = ""highPrioTimer"";
    final String lowPrioId = ""lowPrioTimer"";
    final List<String> electionOrder = new CopyOnWriteArrayList<>();

    final int targetPriority = 4;
    final PriorityElectionTimer timerHighPrio =
        new PriorityElectionTimer(
            Duration.ofMillis(100),
            threadContext,
            () -> electionOrder.add(highPrioId),
            log,
            targetPriority,
            targetPriority);

    final PriorityElectionTimer timerLowPrio =
        new PriorityElectionTimer(
            Duration.ofMillis(100),
            threadContext,
            () -> electionOrder.add(lowPrioId),
            log,
            targetPriority,
            1);

    // when
    timerLowPrio.reset();
    timerHighPrio.reset();

    // then
    Awaitility.await()
        .untilAsserted(
            () ->
                assertThat(electionOrder)
                    .as(""both elections should have been triggered eventually"")
                    .contains(highPrioId, lowPrioId));
    assertThat(electionOrder.get(0))
        .as(""the first election triggered should have been the high priority election"")
        .isEqualTo(highPrioId);
  }","--- pre
+++ post
@@ -2,6 +2,7 @@
   public void shouldHighPriorityNodeStartElectionFirst() {
     // given
-    final AtomicBoolean highPrioElectionTriggered = spy(new AtomicBoolean());
-    final AtomicBoolean lowPrioElectionTriggered = spy(new AtomicBoolean());
+    final String highPrioId = ""highPrioTimer"";
+    final String lowPrioId = ""lowPrioTimer"";
+    final List<String> electionOrder = new CopyOnWriteArrayList<>();
 
     final int targetPriority = 4;
@@ -10,5 +11,5 @@
             Duration.ofMillis(100),
             threadContext,
-            () -> highPrioElectionTriggered.set(true),
+            () -> electionOrder.add(highPrioId),
             log,
             targetPriority,
@@ -19,5 +20,5 @@
             Duration.ofMillis(100),
             threadContext,
-            () -> lowPrioElectionTriggered.set(true),
+            () -> electionOrder.add(lowPrioId),
             log,
             targetPriority,
@@ -27,10 +28,14 @@
     timerLowPrio.reset();
     timerHighPrio.reset();
-    Awaitility.await().until(highPrioElectionTriggered::get);
-    Awaitility.await().until(lowPrioElectionTriggered::get);
 
     // then
-    final var inorder = Mockito.inOrder(highPrioElectionTriggered, lowPrioElectionTriggered);
-    inorder.verify(highPrioElectionTriggered).set(true);
-    inorder.verify(lowPrioElectionTriggered).set(true);
+    Awaitility.await()
+        .untilAsserted(
+            () ->
+                assertThat(electionOrder)
+                    .as(""both elections should have been triggered eventually"")
+                    .contains(highPrioId, lowPrioId));
+    assertThat(electionOrder.get(0))
+        .as(""the first election triggered should have been the high priority election"")
+        .isEqualTo(highPrioId);
   }"
camunda-cloud_zeebe,camunda-cloud/zeebe,RaftTest.shouldFailOverOnLeaderDisconnect,atomix/cluster/src/test/java/io/atomix/raft/RaftTest.java,b39bb55c22266523a07552c4a6daa29a782436bd,merge: #8485,unknown,False,,186,193,14,False,0.07253886010362694,False,cue_neutral,0,0,{},{},"@Test
  public void shouldFailOverOnLeaderDisconnect() throws Throwable {
    final List<RaftServer> servers = createServers(3);

    final RaftServer leader = getLeader(servers).get();
    final MemberId leaderId = leader.getContext().getCluster().getLocalMember().memberId();

    final CountDownLatch newLeaderElected = new CountDownLatch(1);
    final AtomicReference<MemberId> newLeaderId = new AtomicReference<>();
    servers.forEach(
        s ->
            s.addRoleChangeListener(
                (role, term) -> {
                  if (role == Role.LEADER && !s.equals(leader)) {
                    newLeaderId.set(s.getContext().getCluster().getLocalMember().memberId());
                    newLeaderElected.countDown();
                  }
                }));
    // when
    protocolFactory.partition(leaderId);

    // then
    assertTrue(newLeaderElected.await(30, TimeUnit.SECONDS));
    assertNotEquals(newLeaderId.get(), leaderId);
  }","@Test
  public void shouldFailOverOnLeaderDisconnect() throws Throwable {
    final List<RaftServer> servers = createServers(3);

    final RaftServer leader = getLeader(servers).orElseThrow();
    final MemberId leaderId = leader.getContext().getCluster().getLocalMember().memberId();

    final CountDownLatch newLeaderElected = new CountDownLatch(1);
    final AtomicReference<MemberId> newLeaderId = new AtomicReference<>();
    servers.forEach(
        s ->
            s.addRoleChangeListener(
                (role, term) -> {
                  if (role == Role.LEADER && !s.equals(leader)) {
                    newLeaderId.set(s.getContext().getCluster().getLocalMember().memberId());
                    newLeaderElected.countDown();
                  }
                }));
    // when
    protocolFactory.partition(leaderId);

    // then
    assertThat(newLeaderElected.await(30, TimeUnit.SECONDS)).isTrue();
    assertThat(leaderId).isNotEqualTo(newLeaderId.get());
  }","--- pre
+++ post
@@ -3,5 +3,5 @@
     final List<RaftServer> servers = createServers(3);
 
-    final RaftServer leader = getLeader(servers).get();
+    final RaftServer leader = getLeader(servers).orElseThrow();
     final MemberId leaderId = leader.getContext().getCluster().getLocalMember().memberId();
 
@@ -21,5 +21,5 @@
 
     // then
-    assertTrue(newLeaderElected.await(30, TimeUnit.SECONDS));
-    assertNotEquals(newLeaderId.get(), leaderId);
+    assertThat(newLeaderElected.await(30, TimeUnit.SECONDS)).isTrue();
+    assertThat(leaderId).isNotEqualTo(newLeaderId.get());
   }"
camunda-cloud_zeebe,camunda-cloud/zeebe,RaftTest.shouldLeaderStepDownOnDisconnect,atomix/cluster/src/test/java/io/atomix/raft/RaftTest.java,b39bb55c22266523a07552c4a6daa29a782436bd,merge: #8485,unknown,False,,130,138,11,False,0.07971014492753623,False,cue_neutral,0,0,{},{},"@Test
  public void shouldLeaderStepDownOnDisconnect() throws Throwable {
    final List<RaftServer> servers = createServers(3);
    final RaftServer leader = getLeader(servers).get();
    final MemberId leaderId = leader.getContext().getCluster().getLocalMember().memberId();

    final CountDownLatch stepDownListener = new CountDownLatch(1);
    leader.addRoleChangeListener(
        (role, term) -> {
          if (role == Role.FOLLOWER) {
            stepDownListener.countDown();
          }
        });

    // when
    protocolFactory.partition(leaderId);

    // then
    assertTrue(stepDownListener.await(30, TimeUnit.SECONDS));
    assertFalse(leader.isLeader());
  }","@Test
  public void shouldLeaderStepDownOnDisconnect() throws Throwable {
    final List<RaftServer> servers = createServers(3);
    final RaftServer leader = getLeader(servers).orElseThrow();
    final MemberId leaderId = leader.getContext().getCluster().getLocalMember().memberId();

    final CountDownLatch stepDownListener = new CountDownLatch(1);
    leader.addRoleChangeListener(
        (role, term) -> {
          if (role == Role.FOLLOWER) {
            stepDownListener.countDown();
          }
        });

    // when
    protocolFactory.partition(leaderId);

    // then
    assertThat(stepDownListener.await(30, TimeUnit.SECONDS)).isTrue();
    assertThat(leader.isLeader()).isFalse();
  }","--- pre
+++ post
@@ -2,5 +2,5 @@
   public void shouldLeaderStepDownOnDisconnect() throws Throwable {
     final List<RaftServer> servers = createServers(3);
-    final RaftServer leader = getLeader(servers).get();
+    final RaftServer leader = getLeader(servers).orElseThrow();
     final MemberId leaderId = leader.getContext().getCluster().getLocalMember().memberId();
 
@@ -17,5 +17,5 @@
 
     // then
-    assertTrue(stepDownListener.await(30, TimeUnit.SECONDS));
-    assertFalse(leader.isLeader());
+    assertThat(stepDownListener.await(30, TimeUnit.SECONDS)).isTrue();
+    assertThat(leader.isLeader()).isFalse();
   }"
camunda-cloud_zeebe,camunda-cloud/zeebe,RaftTest.shouldReconnect,atomix/cluster/src/test/java/io/atomix/raft/RaftTest.java,b39bb55c22266523a07552c4a6daa29a782436bd,merge: #8485,unknown,False,,176,179,8,False,0.0446927374301676,False,cue_neutral,0,0,{},{},"@Test
  public void shouldReconnect() throws Throwable {
    // given
    final List<RaftServer> servers = createServers(3);
    final RaftServer leader = getLeader(servers).get();
    final MemberId leaderId = leader.getContext().getCluster().getLocalMember().memberId();
    final AtomicLong commitIndex = new AtomicLong();
    leader.getContext().addCommitListener(commitIndex::set);
    appendEntry(leader);
    protocolFactory.partition(leaderId);
    waitUntil(() -> !leader.isLeader(), 100);

    // when
    final var newLeader = servers.stream().filter(RaftServer::isLeader).findFirst().orElseThrow();
    assertNotEquals(newLeader, leader);
    final var secondCommit = appendEntry(newLeader);
    protocolFactory.heal(leaderId);

    // then
    waitUntil(() -> commitIndex.get() >= secondCommit, 200);
  }","@Test
  public void shouldReconnect() throws Throwable {
    // given
    final List<RaftServer> servers = createServers(3);
    final RaftServer leader = getLeader(servers).orElseThrow();
    final MemberId leaderId = leader.getContext().getCluster().getLocalMember().memberId();
    final AtomicLong commitIndex = new AtomicLong();
    leader.getContext().addCommitListener(commitIndex::set);
    appendEntry(leader);
    protocolFactory.partition(leaderId);
    waitUntil(() -> !leader.isLeader(), 100);

    // when
    final var newLeader = servers.stream().filter(RaftServer::isLeader).findFirst().orElseThrow();
    assertThat(leader).isNotEqualTo(newLeader);
    final var secondCommit = appendEntry(newLeader);
    protocolFactory.heal(leaderId);

    // then
    waitUntil(() -> commitIndex.get() >= secondCommit, 200);
  }","--- pre
+++ post
@@ -3,5 +3,5 @@
     // given
     final List<RaftServer> servers = createServers(3);
-    final RaftServer leader = getLeader(servers).get();
+    final RaftServer leader = getLeader(servers).orElseThrow();
     final MemberId leaderId = leader.getContext().getCluster().getLocalMember().memberId();
     final AtomicLong commitIndex = new AtomicLong();
@@ -13,5 +13,5 @@
     // when
     final var newLeader = servers.stream().filter(RaftServer::isLeader).findFirst().orElseThrow();
-    assertNotEquals(newLeader, leader);
+    assertThat(leader).isNotEqualTo(newLeader);
     final var secondCommit = appendEntry(newLeader);
     protocolFactory.heal(leaderId);"
camunda-cloud_zeebe,camunda-cloud/zeebe,RaftTest.shouldTriggerHeartbeatTimeouts,atomix/cluster/src/test/java/io/atomix/raft/RaftTest.java,b39bb55c22266523a07552c4a6daa29a782436bd,merge: #8485,unknown,False,,113,142,32,False,0.22535211267605634,False,cue_added,2,0,{'timeout': 2},{},"@Test
  public void shouldTriggerHeartbeatTimeouts() throws Throwable {
    final List<RaftServer> servers = createServers(3);
    final List<RaftServer> followers = getFollowers(servers);
    final MemberId followerId =
        followers.get(0).getContext().getCluster().getLocalMember().memberId();

    // when
    final TestRaftServerProtocol followerServer = serverProtocols.get(followerId);
    Mockito.clearInvocations(followerServer);
    protocolFactory.partition(followerId);

    // then
    // should send poll requests to 2 nodes
    verify(followerServer, timeout(5000).atLeast(2)).poll(any(), any());
  }","@Test
  public void shouldTriggerHeartbeatTimeouts() throws Throwable {
    final List<RaftServer> servers = createServers(3);
    final List<RaftServer> followers = getFollowers(servers);
    final RaftServer follower = followers.get(0);
    final MemberId followerId = follower.getContext().getCluster().getLocalMember().memberId();

    // when
    final TestRaftServerProtocol followerServer = serverProtocols.get(followerId);
    Mockito.clearInvocations(followerServer);
    protocolFactory.partition(followerId);

    // then
    // With priority election enabled the lowest priority node can wait upto 3 * electionTimeout
    // before triggering election.
    final var timeout = follower.getContext().getElectionTimeout().multipliedBy(4).toMillis();

    // should send poll requests to 2 nodes
    verify(followerServer, timeout(timeout).atLeast(2)).poll(any(), any());
  }","--- pre
+++ post
@@ -3,6 +3,6 @@
     final List<RaftServer> servers = createServers(3);
     final List<RaftServer> followers = getFollowers(servers);
-    final MemberId followerId =
-        followers.get(0).getContext().getCluster().getLocalMember().memberId();
+    final RaftServer follower = followers.get(0);
+    final MemberId followerId = follower.getContext().getCluster().getLocalMember().memberId();
 
     // when
@@ -12,5 +12,9 @@
 
     // then
+    // With priority election enabled the lowest priority node can wait upto 3 * electionTimeout
+    // before triggering election.
+    final var timeout = follower.getContext().getElectionTimeout().multipliedBy(4).toMillis();
+
     // should send poll requests to 2 nodes
-    verify(followerServer, timeout(5000).atLeast(2)).poll(any(), any());
+    verify(followerServer, timeout(timeout).atLeast(2)).poll(any(), any());
   }"
camunda-cloud_zeebe,camunda-cloud/zeebe,RaftTest.testDemoteLeader,atomix/cluster/src/test/java/io/atomix/raft/RaftTest.java,b39bb55c22266523a07552c4a6daa29a782436bd,merge: #8485,unknown,False,,199,199,2,False,0.010050251256281407,False,cue_neutral,0,0,{},{},"@Test
  public void testDemoteLeader() throws Throwable {
    final List<RaftServer> servers = createServers(3);

    final RaftServer leader =
        servers.stream()
            .filter(s -> s.cluster().getLocalMember().equals(s.cluster().getLeader()))
            .findFirst()
            .get();

    final RaftServer follower =
        servers.stream()
            .filter(s -> !s.cluster().getLocalMember().equals(s.cluster().getLeader()))
            .findFirst()
            .get();

    follower
        .cluster()
        .getMember(leader.cluster().getLocalMember().memberId())
        .addTypeChangeListener(
            t -> {
              threadAssertEquals(t, RaftMember.Type.PASSIVE);
              resume();
            });
    leader.cluster().getLocalMember().demote(RaftMember.Type.PASSIVE).thenRun(this::resume);
    await(15000, 2);
  }","@Test
  public void testDemoteLeader() throws Throwable {
    final List<RaftServer> servers = createServers(3);

    final RaftServer leader =
        servers.stream()
            .filter(s -> s.cluster().getLocalMember().equals(s.cluster().getLeader()))
            .findFirst()
            .orElseThrow();

    final RaftServer follower =
        servers.stream()
            .filter(s -> !s.cluster().getLocalMember().equals(s.cluster().getLeader()))
            .findFirst()
            .orElseThrow();

    follower
        .cluster()
        .getMember(leader.cluster().getLocalMember().memberId())
        .addTypeChangeListener(
            t -> {
              threadAssertEquals(t, RaftMember.Type.PASSIVE);
              resume();
            });
    leader.cluster().getLocalMember().demote(RaftMember.Type.PASSIVE).thenRun(this::resume);
    await(15000, 2);
  }","--- pre
+++ post
@@ -7,5 +7,5 @@
             .filter(s -> s.cluster().getLocalMember().equals(s.cluster().getLeader()))
             .findFirst()
-            .get();
+            .orElseThrow();
 
     final RaftServer follower =
@@ -13,5 +13,5 @@
             .filter(s -> !s.cluster().getLocalMember().equals(s.cluster().getLeader()))
             .findFirst()
-            .get();
+            .orElseThrow();
 
     follower"
camunda-cloud_zeebe,camunda-cloud/zeebe,RaftTest.testRoleChangeNotificationAfterInitialEntryOnLeader,atomix/cluster/src/test/java/io/atomix/raft/RaftTest.java,b39bb55c22266523a07552c4a6daa29a782436bd,merge: #8485,unknown,False,,118,122,5,False,0.040983606557377046,False,cue_neutral,0,0,{},{},"@Test
  public void testRoleChangeNotificationAfterInitialEntryOnLeader() throws Throwable {
    // given
    final List<RaftServer> servers = createServers(3);
    final RaftServer previousLeader = getLeader(servers).get();
    final long previousLeaderTerm = previousLeader.getTerm();

    final CountDownLatch transitionCompleted = new CountDownLatch(1);

    servers.forEach(
        server ->
            server.addRoleChangeListener(
                (role, term) -> {
                  if (term > previousLeaderTerm) {
                    assertLastReadInitialEntry(role, term, server, transitionCompleted);
                  }
                }));

    // when
    previousLeader.stepDown();

    // then
    assertTrue(transitionCompleted.await(1000, TimeUnit.SECONDS));
  }","@Test
  public void testRoleChangeNotificationAfterInitialEntryOnLeader() throws Throwable {
    // given
    final List<RaftServer> servers = createServers(3);
    final RaftServer previousLeader = getLeader(servers).get();
    final long previousLeaderTerm = previousLeader.getTerm();

    final CountDownLatch transitionCompleted = new CountDownLatch(1);

    servers.forEach(
        server ->
            server.addRoleChangeListener(
                (role, term) -> {
                  if (term > previousLeaderTerm) {
                    assertLastReadInitialEntry(role, term, server, transitionCompleted);
                  }
                }));

    // when
    previousLeader.stepDown();

    // then
    assertThat(transitionCompleted.await(1000, TimeUnit.SECONDS)).isTrue();
  }","--- pre
+++ post
@@ -21,4 +21,4 @@
 
     // then
-    assertTrue(transitionCompleted.await(1000, TimeUnit.SECONDS));
+    assertThat(transitionCompleted.await(1000, TimeUnit.SECONDS)).isTrue();
   }"
camunda-cloud_zeebe,camunda-cloud/zeebe,RaftTest.testTransferLeadership,atomix/cluster/src/test/java/io/atomix/raft/RaftTest.java,b39bb55c22266523a07552c4a6daa29a782436bd,merge: #8485,unknown,False,,101,105,5,False,0.047619047619047616,False,cue_neutral,0,0,{},{},"@Test
  @Ignore
  public void testTransferLeadership() throws Throwable {
    final List<RaftServer> servers = createServers(3);
    final var leader = getLeader(servers).orElseThrow();
    awaitAppendEntries(leader, 1000);
    final RaftServer follower = servers.stream().filter(RaftServer::isFollower).findFirst().get();
    follower.promote().thenRun(this::resume);
    await(15000, 1001);
    assertTrue(follower.isLeader());
  }","@Test
  @Ignore
  public void testTransferLeadership() throws Throwable {
    final List<RaftServer> servers = createServers(3);
    final var leader = getLeader(servers).orElseThrow();
    awaitAppendEntries(leader, 1000);
    final RaftServer follower = servers.stream().filter(RaftServer::isFollower).findFirst().get();
    follower.promote().thenRun(this::resume);
    await(15000, 1001);
    assertThat(follower.isLeader()).isTrue();
  }","--- pre
+++ post
@@ -8,4 +8,4 @@
     follower.promote().thenRun(this::resume);
     await(15000, 1001);
-    assertTrue(follower.isLeader());
+    assertThat(follower.isLeader()).isTrue();
   }"
cdancy_jenkins-rest,cdancy/jenkins-rest,JobsApiLiveTest.testCreateJobForEmptyAndNullParams,src/test/java/com/cdancy/jenkins/rest/features/JobsApiLiveTest.java,29d25afd7d208fdb1625778354e5246454ed6ad7,Fix test inter-dependencies (flaky tests),unknown,False,,40,42,2,False,0.047619047619047616,True,cue_neutral,0,0,{},{},"public void testCreateJobForEmptyAndNullParams() {
        String config = payloadFromResource(""/freestyle-project-empty-and-null-params.xml"");
        RequestStatus success = api().create(null, ""JobForEmptyAndNullParams"", config);
        assertTrue(success.value());
    }","@Test
    public void testCreateJobForEmptyAndNullParams() {
        String config = payloadFromResource(""/freestyle-project-empty-and-null-params.xml"");
        RequestStatus success = api().create(null, ""JobForEmptyAndNullParams"", config);
        assertTrue(success.value());
    }","--- pre
+++ post
@@ -1,3 +1,4 @@
-public void testCreateJobForEmptyAndNullParams() {
+@Test
+    public void testCreateJobForEmptyAndNullParams() {
         String config = payloadFromResource(""/freestyle-project-empty-and-null-params.xml"");
         RequestStatus success = api().create(null, ""JobForEmptyAndNullParams"", config);"
cdancy_jenkins-rest,cdancy/jenkins-rest,JobsApiLiveTest.testDeleteJobForEmptyAndNullParams,src/test/java/com/cdancy/jenkins/rest/features/JobsApiLiveTest.java,29d25afd7d208fdb1625778354e5246454ed6ad7,Fix test inter-dependencies (flaky tests),unknown,False,,37,41,4,False,0.0975609756097561,True,cue_neutral,0,0,{},{},"@Test(dependsOnMethods = ""testGetBuildParametersOfJobForEmptyAndNullParams"")
    public void testDeleteJobForEmptyAndNullParams() {
        RequestStatus success = api().delete(null, ""JobForEmptyAndNullParams"");
        assertTrue(success.value());
    }","@Test(dependsOnMethods = { ""testGetBuildParametersOfJobForEmptyAndNullParams"", ""testGetJobListFromRoot""})
    public void testDeleteJobForEmptyAndNullParams() {
        RequestStatus success = api().delete(null, ""JobForEmptyAndNullParams"");
        assertTrue(success.value());
    }","--- pre
+++ post
@@ -1,3 +1,3 @@
-@Test(dependsOnMethods = ""testGetBuildParametersOfJobForEmptyAndNullParams"")
+@Test(dependsOnMethods = { ""testGetBuildParametersOfJobForEmptyAndNullParams"", ""testGetJobListFromRoot""})
     public void testDeleteJobForEmptyAndNullParams() {
         RequestStatus success = api().delete(null, ""JobForEmptyAndNullParams"");"
cdancy_jenkins-rest,cdancy/jenkins-rest,JobsApiLiveTest.testGetJobListFromRoot,src/test/java/com/cdancy/jenkins/rest/features/JobsApiLiveTest.java,29d25afd7d208fdb1625778354e5246454ed6ad7,Fix test inter-dependencies (flaky tests),test order dependency,True,227.0,59,63,4,False,0.06349206349206349,True,cue_neutral,0,0,{},{},"@Test(dependsOnMethods = ""testCreateJob"")
    public void testGetJobListFromRoot() {
        JobList output = api().jobList("""");
        assertNotNull(output);
        assertFalse(output.jobs().isEmpty());
        assertEquals(output.jobs().size(), 2);
    }","@Test(dependsOnMethods = {""testCreateJob"", ""testCreateJobForEmptyAndNullParams""})
    public void testGetJobListFromRoot() {
        JobList output = api().jobList("""");
        assertNotNull(output);
        assertFalse(output.jobs().isEmpty());
        assertEquals(output.jobs().size(), 2);
    }","--- pre
+++ post
@@ -1,3 +1,3 @@
-@Test(dependsOnMethods = ""testCreateJob"")
+@Test(dependsOnMethods = {""testCreateJob"", ""testCreateJobForEmptyAndNullParams""})
     public void testGetJobListFromRoot() {
         JobList output = api().jobList("""");"
cdapio_cdap,cdapio/cdap,PreviewDataPipelineTest.testLogicalTypePreviewRun,cdap-app-templates/cdap-etl/cdap-data-pipeline/src/test/java/io/cdap/cdap/datapipeline/preview/PreviewDataPipelineTest.java,3f8767cc071907fa58009401f4c17929e1b0aad0,Fix flaky unit test,time,True,48.0,759,769,46,False,0.05981794538361508,False,cue_neutral,0,0,{},{},"private void testLogicalTypePreviewRun(Engine engine) throws Exception {
    PreviewManager previewManager = getPreviewManager();

    String sourceTableName = ""singleInput"";
    String sinkTableName = ""singleOutput"";
    Schema schema = Schema.recordOf(
      ""testRecord"",
      Schema.Field.of(""name"", Schema.of(Schema.Type.STRING)),
      Schema.Field.of(""date"", Schema.of(Schema.LogicalType.DATE)),
      Schema.Field.of(""ts"", Schema.of(Schema.LogicalType.TIMESTAMP_MILLIS))
    );

    /*
     * source --> transform -> sink
     */
    ETLBatchConfig etlConfig = ETLBatchConfig.builder()
      .addStage(new ETLStage(""source"", MockSource.getPlugin(sourceTableName, schema)))
      .addStage(new ETLStage(""transform"", IdentityTransform.getPlugin()))
      .addStage(new ETLStage(""sink"", MockSink.getPlugin(sinkTableName)))
      .addConnection(""source"", ""transform"")
      .addConnection(""transform"", ""sink"")
      .setEngine(engine)
      .setNumOfRecordsPreview(100)
      .build();


    // Construct the preview config with the program name and program type
    PreviewConfig previewConfig = new PreviewConfig(SmartWorkflow.NAME, ProgramType.WORKFLOW,
                                                    Collections.<String, String>emptyMap(), 10);

    // Create the table for the mock source
    addDatasetInstance(Table.class.getName(), sourceTableName,
                       DatasetProperties.of(ImmutableMap.of(""schema"", schema.toString())));
    DataSetManager<Table> inputManager = getDataset(NamespaceId.DEFAULT.dataset(sourceTableName));
    ZonedDateTime expectedMillis = ZonedDateTime.of(2018, 11, 11, 11, 11, 11, 123 * 1000 * 1000,
                                                    ZoneId.ofOffset(""UTC"", ZoneOffset.UTC));
    StructuredRecord recordSamuel = StructuredRecord.builder(schema).set(""name"", ""samuel"")
      .setDate(""date"", LocalDate.of(2002, 11, 18)).setTimestamp(""ts"", expectedMillis).build();
    StructuredRecord recordBob = StructuredRecord.builder(schema).set(""name"", ""bob"")
      .setDate(""date"", LocalDate.of(2003, 11, 18)).setTimestamp(""ts"", expectedMillis).build();
    MockSource.writeInput(inputManager, ImmutableList.of(recordSamuel, recordBob));

    AppRequest<ETLBatchConfig> appRequest = new AppRequest<>(APP_ARTIFACT_RANGE, etlConfig, previewConfig);

    // Start the preview and get the corresponding PreviewRunner.
    ApplicationId previewId = previewManager.start(NamespaceId.DEFAULT, appRequest);

    // Wait for the preview status go into COMPLETED.
    Tasks.waitFor(PreviewStatus.Status.COMPLETED, new Callable<PreviewStatus.Status>() {
      @Override
      public PreviewStatus.Status call() throws Exception {
        PreviewStatus status = previewManager.getStatus(previewId);
        return status == null ? null : status.getStatus();
      }
    }, 5, TimeUnit.MINUTES);

    // Get the data for stage ""source"" in the PreviewStore, should contain two records.
    checkPreviewStore(previewManager, previewId, ""source"", 2);

    // Make sure correct logical type values are being returned from tracers
    List<JsonElement> data = previewManager.getData(previewId, ""source"").get(DATA_TRACER_PROPERTY);
    StructuredRecord actualRecordSamuel = GSON.fromJson(data.get(0), StructuredRecord.class);
    Assert.assertEquals(actualRecordSamuel.get(""date""), ""2002-11-18"");
    Assert.assertEquals(actualRecordSamuel.get(""ts""), ""2018-11-11T11:11:11.123Z[UTC]"");
    StructuredRecord actualRecordBob = GSON.fromJson(data.get(1), StructuredRecord.class);
    Assert.assertEquals(actualRecordBob.get(""date""), ""2003-11-18"");
    Assert.assertEquals(actualRecordBob.get(""ts""), ""2018-11-11T11:11:11.123Z[UTC]"");

    // Get the data for stage ""transform"" in the PreviewStore, should contain two records.
    checkPreviewStore(previewManager, previewId, ""transform"", 2);

    // Get the data for stage ""sink"" in the PreviewStore, should contain two records.
    checkPreviewStore(previewManager, previewId, ""sink"", 2);

    // Validate the metrics for preview
    validateMetric(2, previewId, ""source.records.in"", previewManager);
    validateMetric(2, previewId, ""source.records.out"", previewManager);
    validateMetric(2, previewId, ""transform.records.in"", previewManager);
    validateMetric(2, previewId, ""transform.records.out"", previewManager);
    validateMetric(2, previewId, ""sink.records.out"", previewManager);
    validateMetric(2, previewId, ""sink.records.in"", previewManager);

    // Check the sink table is not created in the real space.
    DataSetManager<Table> sinkManager = getDataset(sinkTableName);
    Assert.assertNull(sinkManager.get());
    deleteDatasetInstance(NamespaceId.DEFAULT.dataset(sourceTableName));
    Assert.assertNotNull(previewManager.getRunId(previewId));
  }","private void testLogicalTypePreviewRun(Engine engine) throws Exception {
    PreviewManager previewManager = getPreviewManager();

    String sourceTableName = ""singleInput"";
    String sinkTableName = ""singleOutput"";
    Schema schema = Schema.recordOf(
      ""testRecord"",
      Schema.Field.of(""name"", Schema.of(Schema.Type.STRING)),
      Schema.Field.of(""date"", Schema.of(Schema.LogicalType.DATE)),
      Schema.Field.of(""ts"", Schema.of(Schema.LogicalType.TIMESTAMP_MILLIS))
    );

    /*
     * source --> transform -> sink
     */
    ETLBatchConfig etlConfig = ETLBatchConfig.builder()
      .addStage(new ETLStage(""source"", MockSource.getPlugin(sourceTableName, schema)))
      .addStage(new ETLStage(""transform"", IdentityTransform.getPlugin()))
      .addStage(new ETLStage(""sink"", MockSink.getPlugin(sinkTableName)))
      .addConnection(""source"", ""transform"")
      .addConnection(""transform"", ""sink"")
      .setEngine(engine)
      .setNumOfRecordsPreview(100)
      .build();


    // Construct the preview config with the program name and program type
    PreviewConfig previewConfig = new PreviewConfig(SmartWorkflow.NAME, ProgramType.WORKFLOW,
                                                    Collections.<String, String>emptyMap(), 10);

    // Create the table for the mock source
    addDatasetInstance(Table.class.getName(), sourceTableName,
                       DatasetProperties.of(ImmutableMap.of(""schema"", schema.toString())));
    DataSetManager<Table> inputManager = getDataset(NamespaceId.DEFAULT.dataset(sourceTableName));
    ZonedDateTime expectedMillis = ZonedDateTime.of(2018, 11, 11, 11, 11, 11, 123 * 1000 * 1000,
                                                    ZoneId.ofOffset(""UTC"", ZoneOffset.UTC));
    StructuredRecord recordSamuel = StructuredRecord.builder(schema).set(""name"", ""samuel"")
      .setDate(""date"", LocalDate.of(2002, 11, 18)).setTimestamp(""ts"", expectedMillis).build();
    StructuredRecord recordBob = StructuredRecord.builder(schema).set(""name"", ""bob"")
      .setDate(""date"", LocalDate.of(2003, 11, 18)).setTimestamp(""ts"", expectedMillis).build();
    MockSource.writeInput(inputManager, ImmutableList.of(recordSamuel, recordBob));

    AppRequest<ETLBatchConfig> appRequest = new AppRequest<>(APP_ARTIFACT_RANGE, etlConfig, previewConfig);

    // Start the preview and get the corresponding PreviewRunner.
    ApplicationId previewId = previewManager.start(NamespaceId.DEFAULT, appRequest);

    // Wait for the preview status go into COMPLETED.
    Tasks.waitFor(PreviewStatus.Status.COMPLETED, new Callable<PreviewStatus.Status>() {
      @Override
      public PreviewStatus.Status call() throws Exception {
        PreviewStatus status = previewManager.getStatus(previewId);
        return status == null ? null : status.getStatus();
      }
    }, 5, TimeUnit.MINUTES);

    // Get the data for stage ""source"" in the PreviewStore, should contain two records.
    checkPreviewStore(previewManager, previewId, ""source"", 2);

    // Make sure correct logical type values are being returned from tracers
    List<JsonElement> data = previewManager.getData(previewId, ""source"").get(DATA_TRACER_PROPERTY);
    StructuredRecord actualRecordOne = GSON.fromJson(data.get(0), StructuredRecord.class);
    StructuredRecord actualRecordTwo = GSON.fromJson(data.get(1), StructuredRecord.class);
    Assert.assertEquals(ImmutableSet.of(""2002-11-18"", ""2003-11-18""),
                        ImmutableSet.of(actualRecordOne.get(""date""), actualRecordTwo.get(""date"")));
    Assert.assertEquals(ImmutableSet.of(""2018-11-11T11:11:11.123Z[UTC]"", ""2018-11-11T11:11:11.123Z[UTC]""),
                        ImmutableSet.of(actualRecordOne.get(""ts""), actualRecordTwo.get(""ts"")));

    // Get the data for stage ""transform"" in the PreviewStore, should contain two records.
    checkPreviewStore(previewManager, previewId, ""transform"", 2);

    // Get the data for stage ""sink"" in the PreviewStore, should contain two records.
    checkPreviewStore(previewManager, previewId, ""sink"", 2);

    // Validate the metrics for preview
    validateMetric(2, previewId, ""source.records.in"", previewManager);
    validateMetric(2, previewId, ""source.records.out"", previewManager);
    validateMetric(2, previewId, ""transform.records.in"", previewManager);
    validateMetric(2, previewId, ""transform.records.out"", previewManager);
    validateMetric(2, previewId, ""sink.records.out"", previewManager);
    validateMetric(2, previewId, ""sink.records.in"", previewManager);

    // Check the sink table is not created in the real space.
    DataSetManager<Table> sinkManager = getDataset(sinkTableName);
    Assert.assertNull(sinkManager.get());
    deleteDatasetInstance(NamespaceId.DEFAULT.dataset(sourceTableName));
    Assert.assertNotNull(previewManager.getRunId(previewId));
  }","--- pre
+++ post
@@ -60,10 +60,10 @@
     // Make sure correct logical type values are being returned from tracers
     List<JsonElement> data = previewManager.getData(previewId, ""source"").get(DATA_TRACER_PROPERTY);
-    StructuredRecord actualRecordSamuel = GSON.fromJson(data.get(0), StructuredRecord.class);
-    Assert.assertEquals(actualRecordSamuel.get(""date""), ""2002-11-18"");
-    Assert.assertEquals(actualRecordSamuel.get(""ts""), ""2018-11-11T11:11:11.123Z[UTC]"");
-    StructuredRecord actualRecordBob = GSON.fromJson(data.get(1), StructuredRecord.class);
-    Assert.assertEquals(actualRecordBob.get(""date""), ""2003-11-18"");
-    Assert.assertEquals(actualRecordBob.get(""ts""), ""2018-11-11T11:11:11.123Z[UTC]"");
+    StructuredRecord actualRecordOne = GSON.fromJson(data.get(0), StructuredRecord.class);
+    StructuredRecord actualRecordTwo = GSON.fromJson(data.get(1), StructuredRecord.class);
+    Assert.assertEquals(ImmutableSet.of(""2002-11-18"", ""2003-11-18""),
+                        ImmutableSet.of(actualRecordOne.get(""date""), actualRecordTwo.get(""date"")));
+    Assert.assertEquals(ImmutableSet.of(""2018-11-11T11:11:11.123Z[UTC]"", ""2018-11-11T11:11:11.123Z[UTC]""),
+                        ImmutableSet.of(actualRecordOne.get(""ts""), actualRecordTwo.get(""ts"")));
 
     // Get the data for stage ""transform"" in the PreviewStore, should contain two records."
cdapio_cdap,cdapio/cdap,TaskWorkerServiceTest.testConcurrentRequests,cdap-app-fabric/src/test/java/io/cdap/cdap/internal/app/worker/TaskWorkerServiceTest.java,37aadf29196fe4d2286ab2ac3a2872f6f6af269e,Merge pull request #13557 from cdapio/feature/fix-flaky-task-worker-test,unknown,False,,338,327,21,False,0.0621301775147929,False,cue_neutral,0,0,{},{},"@Test
  public void testConcurrentRequests() throws Exception {
    TaskWorkerService taskWorkerService = setupTaskWorkerService(10003);
    InetSocketAddress addr = taskWorkerService.getBindAddress();
    URI uri = URI.create(String.format(""http://%s:%s"", addr.getHostName(), addr.getPort()));

    RunnableTaskRequest request = RunnableTaskRequest.getBuilder(TestRunnableClass.class.getName()).
      withParam(""1000"").build();

    String reqBody = GSON.toJson(request);
    List<Callable<HttpResponse>> calls = new ArrayList<>();
    int concurrentRequests = 2;

    for (int i = 0; i < concurrentRequests; i++) {
      calls.add(
        () -> {
          HttpResponse response = HttpRequests.execute(
            HttpRequest.post(uri.resolve(""/v3Internal/worker/run"").toURL())
              .withBody(reqBody).build(),
            new DefaultHttpRequestConfig(false));
          return response;
        }
      );
    }

    List<Future<HttpResponse>> responses = Executors.newFixedThreadPool(concurrentRequests).invokeAll(calls);
    int okResponse = 0;
    int conflictResponse = 0;
    for (int i = 0; i < concurrentRequests; i++) {
      if (responses.get(i).get().getResponseCode() == HttpResponseStatus.OK.code()) {
        okResponse++;
      } else if (responses.get(i).get().getResponseCode() == HttpResponseStatus.TOO_MANY_REQUESTS.code()) {
        conflictResponse++;
      }
    }
    waitForTaskWorkerToFinish(taskWorkerService);
    Assert.assertEquals(1, okResponse);
    Assert.assertEquals(concurrentRequests, okResponse + conflictResponse);
    Assert.assertTrue(taskWorkerService.state() == Service.State.TERMINATED);
  }","@Test
  public void testConcurrentRequests() throws Exception {
    TaskWorkerService taskWorkerService = setupTaskWorkerService();
    InetSocketAddress addr = taskWorkerService.getBindAddress();
    URI uri = URI.create(String.format(""http://%s:%s"", addr.getHostName(), addr.getPort()));

    RunnableTaskRequest request = RunnableTaskRequest.getBuilder(TestRunnableClass.class.getName()).
      withParam(""1000"").build();

    String reqBody = GSON.toJson(request);
    List<Callable<HttpResponse>> calls = new ArrayList<>();
    int concurrentRequests = 2;

    for (int i = 0; i < concurrentRequests; i++) {
      calls.add(
        () -> HttpRequests.execute(
          HttpRequest.post(uri.resolve(""/v3Internal/worker/run"").toURL())
            .withBody(reqBody).build(),
          new DefaultHttpRequestConfig(false))
      );
    }

    List<Future<HttpResponse>> responses = Executors.newFixedThreadPool(concurrentRequests).invokeAll(calls);
    int okResponse = 0;
    int conflictResponse = 0;
    for (int i = 0; i < concurrentRequests; i++) {
      if (responses.get(i).get().getResponseCode() == HttpResponseStatus.OK.code()) {
        okResponse++;
      } else if (responses.get(i).get().getResponseCode() == HttpResponseStatus.TOO_MANY_REQUESTS.code()) {
        conflictResponse++;
      }
    }
    waitForTaskWorkerToFinish(taskWorkerService);
    Assert.assertEquals(1, okResponse);
    Assert.assertEquals(concurrentRequests, okResponse + conflictResponse);
    Assert.assertEquals(Service.State.TERMINATED, taskWorkerService.state());
  }","--- pre
+++ post
@@ -1,5 +1,5 @@
 @Test
   public void testConcurrentRequests() throws Exception {
-    TaskWorkerService taskWorkerService = setupTaskWorkerService(10003);
+    TaskWorkerService taskWorkerService = setupTaskWorkerService();
     InetSocketAddress addr = taskWorkerService.getBindAddress();
     URI uri = URI.create(String.format(""http://%s:%s"", addr.getHostName(), addr.getPort()));
@@ -14,11 +14,8 @@
     for (int i = 0; i < concurrentRequests; i++) {
       calls.add(
-        () -> {
-          HttpResponse response = HttpRequests.execute(
-            HttpRequest.post(uri.resolve(""/v3Internal/worker/run"").toURL())
-              .withBody(reqBody).build(),
-            new DefaultHttpRequestConfig(false));
-          return response;
-        }
+        () -> HttpRequests.execute(
+          HttpRequest.post(uri.resolve(""/v3Internal/worker/run"").toURL())
+            .withBody(reqBody).build(),
+          new DefaultHttpRequestConfig(false))
       );
     }
@@ -37,4 +34,4 @@
     Assert.assertEquals(1, okResponse);
     Assert.assertEquals(concurrentRequests, okResponse + conflictResponse);
-    Assert.assertTrue(taskWorkerService.state() == Service.State.TERMINATED);
+    Assert.assertEquals(Service.State.TERMINATED, taskWorkerService.state());
   }"
cdapio_cdap,cdapio/cdap,TaskWorkerServiceTest.testStartAndStopWithInvalidRequest,cdap-app-fabric/src/test/java/io/cdap/cdap/internal/app/worker/TaskWorkerServiceTest.java,37aadf29196fe4d2286ab2ac3a2872f6f6af269e,Merge pull request #13557 from cdapio/feature/fix-flaky-task-worker-test,unknown,False,,200,210,12,False,0.05714285714285714,False,cue_neutral,0,0,{},{},"@Test
  public void testStartAndStopWithInvalidRequest() throws Exception {
    TaskWorkerService taskWorkerService = setupTaskWorkerService(10002);
    InetSocketAddress addr = taskWorkerService.getBindAddress();
    URI uri = URI.create(String.format(""http://%s:%s"", addr.getHostName(), addr.getPort()));

    // Post invalid request
    RunnableTaskRequest noClassReq = RunnableTaskRequest.getBuilder(""NoClass"").build();
    String reqBody = GSON.toJson(noClassReq);
    HttpResponse response = HttpRequests.execute(
      HttpRequest.post(uri.resolve(""/v3Internal/worker/run"").toURL())
        .withBody(reqBody).build(),
      new DefaultHttpRequestConfig(false));
    Assert.assertEquals(HttpURLConnection.HTTP_BAD_REQUEST, response.getResponseCode());
    BasicThrowable basicThrowable;
    basicThrowable = GSON.fromJson(response.getResponseBodyAsString(), BasicThrowable.class);
    Assert.assertTrue(basicThrowable.getClassName().contains(""java.lang.ClassNotFoundException""));
    Assert.assertTrue(basicThrowable.getMessage().contains(""NoClass""));
    Assert.assertNotEquals(basicThrowable.getStackTraces().length, 0);
  }","@Test
  public void testStartAndStopWithInvalidRequest() throws Exception {
    TaskWorkerService taskWorkerService = setupTaskWorkerService();
    InetSocketAddress addr = taskWorkerService.getBindAddress();
    URI uri = URI.create(String.format(""http://%s:%s"", addr.getHostName(), addr.getPort()));

    // Post invalid request
    RunnableTaskRequest noClassReq = RunnableTaskRequest.getBuilder(""NoClass"").build();
    String reqBody = GSON.toJson(noClassReq);
    HttpResponse response = HttpRequests.execute(
      HttpRequest.post(uri.resolve(""/v3Internal/worker/run"").toURL())
        .withBody(reqBody).build(),
      new DefaultHttpRequestConfig(false));
    Assert.assertEquals(HttpURLConnection.HTTP_BAD_REQUEST, response.getResponseCode());
    BasicThrowable basicThrowable;
    basicThrowable = GSON.fromJson(response.getResponseBodyAsString(), BasicThrowable.class);
    Assert.assertTrue(basicThrowable.getClassName().contains(""java.lang.ClassNotFoundException""));
    Assert.assertNotNull(basicThrowable.getMessage());
    Assert.assertTrue(basicThrowable.getMessage().contains(""NoClass""));
    Assert.assertNotEquals(basicThrowable.getStackTraces().length, 0);
  }","--- pre
+++ post
@@ -1,5 +1,5 @@
 @Test
   public void testStartAndStopWithInvalidRequest() throws Exception {
-    TaskWorkerService taskWorkerService = setupTaskWorkerService(10002);
+    TaskWorkerService taskWorkerService = setupTaskWorkerService();
     InetSocketAddress addr = taskWorkerService.getBindAddress();
     URI uri = URI.create(String.format(""http://%s:%s"", addr.getHostName(), addr.getPort()));
@@ -16,4 +16,5 @@
     basicThrowable = GSON.fromJson(response.getResponseBodyAsString(), BasicThrowable.class);
     Assert.assertTrue(basicThrowable.getClassName().contains(""java.lang.ClassNotFoundException""));
+    Assert.assertNotNull(basicThrowable.getMessage());
     Assert.assertTrue(basicThrowable.getMessage().contains(""NoClass""));
     Assert.assertNotEquals(basicThrowable.getStackTraces().length, 0);"
cdapio_cdap,cdapio/cdap,TaskWorkerServiceTest.testStartAndStopWithValidRequest,cdap-app-fabric/src/test/java/io/cdap/cdap/internal/app/worker/TaskWorkerServiceTest.java,37aadf29196fe4d2286ab2ac3a2872f6f6af269e,Merge pull request #13557 from cdapio/feature/fix-flaky-task-worker-test,unknown,False,,185,183,12,False,0.06486486486486487,False,cue_neutral,0,0,{},{},"@Test
  public void testStartAndStopWithValidRequest() throws IOException {
    TaskWorkerService taskWorkerService = setupTaskWorkerService(10001);
    InetSocketAddress addr = taskWorkerService.getBindAddress();
    URI uri = URI.create(String.format(""http://%s:%s"", addr.getHostName(), addr.getPort()));

    // Post valid request
    String want = ""100"";
    RunnableTaskRequest req = RunnableTaskRequest.getBuilder(TestRunnableClass.class.getName()).withParam(want).build();
    String reqBody = GSON.toJson(req);
    HttpResponse response = HttpRequests.execute(
      HttpRequest.post(uri.resolve(""/v3Internal/worker/run"").toURL())
        .withBody(reqBody).build(),
      new DefaultHttpRequestConfig(false));
    waitForTaskWorkerToFinish(taskWorkerService);
    Assert.assertEquals(HttpURLConnection.HTTP_OK, response.getResponseCode());
    Assert.assertEquals(want, response.getResponseBodyAsString());
    Assert.assertTrue(taskWorkerService.state() == Service.State.TERMINATED);
  }","@Test
  public void testStartAndStopWithValidRequest() throws IOException {
    TaskWorkerService taskWorkerService = setupTaskWorkerService();
    InetSocketAddress addr = taskWorkerService.getBindAddress();
    URI uri = URI.create(String.format(""http://%s:%s"", addr.getHostName(), addr.getPort()));

    // Post valid request
    String want = ""100"";
    RunnableTaskRequest req = RunnableTaskRequest.getBuilder(TestRunnableClass.class.getName()).withParam(want).build();
    String reqBody = GSON.toJson(req);
    HttpResponse response = HttpRequests.execute(
      HttpRequest.post(uri.resolve(""/v3Internal/worker/run"").toURL())
        .withBody(reqBody).build(),
      new DefaultHttpRequestConfig(false));
    waitForTaskWorkerToFinish(taskWorkerService);
    Assert.assertEquals(HttpURLConnection.HTTP_OK, response.getResponseCode());
    Assert.assertEquals(want, response.getResponseBodyAsString());
    Assert.assertEquals(Service.State.TERMINATED, taskWorkerService.state());
  }","--- pre
+++ post
@@ -1,5 +1,5 @@
 @Test
   public void testStartAndStopWithValidRequest() throws IOException {
-    TaskWorkerService taskWorkerService = setupTaskWorkerService(10001);
+    TaskWorkerService taskWorkerService = setupTaskWorkerService();
     InetSocketAddress addr = taskWorkerService.getBindAddress();
     URI uri = URI.create(String.format(""http://%s:%s"", addr.getHostName(), addr.getPort()));
@@ -16,4 +16,4 @@
     Assert.assertEquals(HttpURLConnection.HTTP_OK, response.getResponseCode());
     Assert.assertEquals(want, response.getResponseBodyAsString());
-    Assert.assertTrue(taskWorkerService.state() == Service.State.TERMINATED);
+    Assert.assertEquals(Service.State.TERMINATED, taskWorkerService.state());
   }"
doanduyhai_Achilles,doanduyhai/Achilles,TestEntityWithStaticAnnotations.should_find_using_static_consistency,integration-test-2_1/src/test/java/info/archinnov/achilles/it/TestEntityWithStaticAnnotations.java,e0df1de64ab5e39bae530aa8cd1bda7017e7951e,Fixes #309 #310 Flaky integration tests,unknown,False,,92,110,27,False,0.24545454545454545,False,cue_added,1,0,{'execute': 1},{},"@Test
    public void should_find_using_static_consistency() throws Exception {
        //Given
        final long id = RandomUtils.nextLong(0L, Long.MAX_VALUE);
        scriptExecutor.executeScriptTemplate(""EntityWithStaticAnnotations/insert_single_row.cql"", ImmutableMap.of(""id"", id));

        final CassandraLogAsserter logAsserter = new CassandraLogAsserter();
        logAsserter.prepareLogLevelForDriverConnection();

        //When
        final EntityWithStaticAnnotations actual = manager
                .crud()
                .findById(id)
                .get();

        //Then
        assertThat(actual).isNotNull();

        logAsserter.assertConsistencyLevels(LOCAL_QUORUM);
    }","@Test
    public void should_find_using_static_consistency() throws Exception {
        //Given
        final long id = RandomUtils.nextLong(0L, Long.MAX_VALUE);
        final EntityWithStaticAnnotations entity = new EntityWithStaticAnnotations(id, ""new_val"", ""overriden_val"");
        manager
                .crud()
                .insert(entity)
                .usingTimeToLive(1000)
                .execute();

        final CassandraLogAsserter logAsserter = new CassandraLogAsserter();
        logAsserter.prepareLogLevelForDriverConnection();


        //When
        final EntityWithStaticAnnotations actual = manager
                .crud()
                .findById(id)
                .get();

        //Then
        assertThat(actual).isNotNull();

        logAsserter.assertConsistencyLevels(LOCAL_QUORUM);
    }","--- pre
+++ post
@@ -3,8 +3,14 @@
         //Given
         final long id = RandomUtils.nextLong(0L, Long.MAX_VALUE);
-        scriptExecutor.executeScriptTemplate(""EntityWithStaticAnnotations/insert_single_row.cql"", ImmutableMap.of(""id"", id));
+        final EntityWithStaticAnnotations entity = new EntityWithStaticAnnotations(id, ""new_val"", ""overriden_val"");
+        manager
+                .crud()
+                .insert(entity)
+                .usingTimeToLive(1000)
+                .execute();
 
         final CassandraLogAsserter logAsserter = new CassandraLogAsserter();
         logAsserter.prepareLogLevelForDriverConnection();
+
 
         //When"
eclipse_jetty.project,eclipse/jetty.project,MavenMetadataTest.testIsExpiredTimestampYesterday,jetty-start/src/test/java/org/eclipse/jetty/start/fileinits/MavenMetadataTest.java,5eb30b61bbcb23fe32a0803573e3b0d4581ce972,Issue #6100 - fix flaky test MavenMetadataTest,unknown,False,,49,55,6,False,0.10909090909090909,False,cue_neutral,0,0,{},{},"@Test
    public void testIsExpiredTimestampYesterday()
    {
        LocalDateTime yesterday = LocalDateTime.now().minusDays(1);
        String timestamp = getTimestampFormatter().format(yesterday);
        assertTrue(MavenMetadata.isExpiredTimestamp(timestamp), ""Timestamp should be stale: "" + timestamp);
    }","@Test
    public void testIsExpiredTimestampYesterday()
    {
        LocalDateTime yesterday = LocalDateTime.now(ZoneId.of(""UTC"")).minusDays(1);
        String timestamp = getTimestampFormatter().format(yesterday);
        assertTrue(MavenMetadata.isExpiredTimestamp(timestamp), ""Timestamp should be stale: "" + timestamp);
    }","--- pre
+++ post
@@ -2,5 +2,5 @@
     public void testIsExpiredTimestampYesterday()
     {
-        LocalDateTime yesterday = LocalDateTime.now().minusDays(1);
+        LocalDateTime yesterday = LocalDateTime.now(ZoneId.of(""UTC"")).minusDays(1);
         String timestamp = getTimestampFormatter().format(yesterday);
         assertTrue(MavenMetadata.isExpiredTimestamp(timestamp), ""Timestamp should be stale: "" + timestamp);"
eclipse_xtext-core,eclipse/xtext-core,RequestManagerTest.testRunWriteAfterRead,org.eclipse.xtext.ide.tests/xtend-gen/org/eclipse/xtext/ide/tests/server/concurrent/RequestManagerTest.java,0573060c99296f6017b5efe10bf0ea4386d80ef6,[#622] set flaky testcase to ignore,concurrency,True,3.0,176,181,5,False,0.027624309392265192,True,cue_neutral,0,0,{},{},"@Test(timeout = 1000)
  public void testRunWriteAfterRead() {
    final Function1<CancelIndicator, Integer> _function = (CancelIndicator it) -> {
      return Integer.valueOf(this.sharedState.incrementAndGet());
    };
    this.requestManager.<Integer>runRead(_function);
    final Function0<Object> _function_1 = () -> {
      return null;
    };
    final Function2<CancelIndicator, Object, Integer> _function_2 = (CancelIndicator $0, Object $1) -> {
      int _xblockexpression = (int) 0;
      {
        Assert.assertEquals(1, this.sharedState.get());
        _xblockexpression = this.sharedState.incrementAndGet();
      }
      return Integer.valueOf(_xblockexpression);
    };
    this.requestManager.<Object, Integer>runWrite(_function_1, _function_2).join();
    Assert.assertEquals(2, this.sharedState.get());
  }","@Test(timeout = 1000)
  @Ignore(""https://github.com/eclipse/xtext-core/issues/622"")
  public void testRunWriteAfterRead() {
    final Function1<CancelIndicator, Integer> _function = (CancelIndicator it) -> {
      return Integer.valueOf(this.sharedState.incrementAndGet());
    };
    this.requestManager.<Integer>runRead(_function);
    final Function0<Object> _function_1 = () -> {
      return null;
    };
    final Function2<CancelIndicator, Object, Integer> _function_2 = (CancelIndicator $0, Object $1) -> {
      int _xblockexpression = (int) 0;
      {
        Assert.assertEquals(1, this.sharedState.get());
        _xblockexpression = this.sharedState.incrementAndGet();
      }
      return Integer.valueOf(_xblockexpression);
    };
    this.requestManager.<Object, Integer>runWrite(_function_1, _function_2).join();
    Assert.assertEquals(2, this.sharedState.get());
  }","--- pre
+++ post
@@ -1,3 +1,4 @@
 @Test(timeout = 1000)
+  @Ignore(""https://github.com/eclipse/xtext-core/issues/622"")
   public void testRunWriteAfterRead() {
     final Function1<CancelIndicator, Integer> _function = (CancelIndicator it) -> {"
epimorphics_appbase,epimorphics/appbase,TestMonitor.testMonitor,src/test/java/com/epimorphics/appbase/monitor/TestMonitor.java,451d4123b6045e9bc7eca92844e9224cde6f95f2,Fixed bug in scanner that could cause lock up if trying to scan an unstable file. Fixes #1,async wait,True,335.0,312,314,17,False,0.054140127388535034,False,cue_removed,3,6,{'waitFor': 3},"{'Thread': 3, 'sleep': 3}","@Test
    public void testMonitor() throws IOException, InterruptedException {
        monitor.setScanInterval(5);
        assertTrue( monitor.getEntries().isEmpty() );

        File fooFile = touchFile(""foo"", ""foo1"");
        Thread.sleep(MONITOR_CHECK_DELAY);

        Collection<TestInstance> entries = monitor.getEntries();
        assertEquals(1, entries.size());

        TestInstance[] entryArray = new TestInstance[1];
        entryArray =  entries.toArray(entryArray);
        TestInstance fooInst = entryArray[0];
        assertEquals(""foo1"", fooInst.getMessage());

        touchFile(""bar"", ""bar1"");
        Thread.sleep(MONITOR_CHECK_DELAY);

        entries = monitor.getEntries();
        assertEquals(2, entries.size());
        TestInstance fooCheck = monitor.get(""foo"");
        TestUtil.testArray(entryNames(entries), new String[]{""foo1"", ""bar1""});
        assertEquals(fooCheck, fooInst);

        touchFile(""foo"", ""foo2"");
        Thread.sleep(MONITOR_CHECK_DELAY);
        entries = monitor.getEntries();
        assertEquals(2, entries.size());
        TestUtil.testArray(entryNames(entries), new String[]{""foo2"", ""bar1""});
        fooCheck = monitor.get(""foo"");
        assertNotSame(fooInst, fooCheck);
        assertEquals(""foo2"", fooCheck.getMessage());

        fooFile.delete();
        Thread.sleep(MONITOR_CHECK_DELAY);
        entries = monitor.getEntries();
        assertEquals(1, entries.size());
        TestUtil.testArray(entryNames(entries), new String[]{""bar1""});
    }","@Test
    public void testMonitor() throws IOException, InterruptedException {
        monitor.setScanInterval(5);
        assertTrue( monitor.getEntries().isEmpty() );

        File fooFile = touchFile(""foo"", ""foo1"");
        waitFor(""foo"", true);

        Collection<TestInstance> entries = monitor.getEntries();
        assertEquals(1, entries.size());

        TestInstance[] entryArray = new TestInstance[1];
        entryArray =  entries.toArray(entryArray);
        TestInstance fooInst = entryArray[0];
        assertEquals(""foo1"", fooInst.getMessage());

        touchFile(""bar"", ""bar1"");
        waitFor(""bar"", true);

        entries = monitor.getEntries();
        assertEquals(2, entries.size());
        TestInstance fooCheck = monitor.get(""foo"");
        TestUtil.testArray(entryNames(entries), new String[]{""foo1"", ""bar1""});
        assertEquals(fooCheck, fooInst);

        touchFile(""foo"", ""foo2"");
        Thread.sleep(MONITOR_CHECK_DELAY * NTRIES);  // Not sure how better wait for change detection
        entries = monitor.getEntries();
        assertEquals(2, entries.size());
        TestUtil.testArray(entryNames(entries), new String[]{""foo2"", ""bar1""});
        fooCheck = monitor.get(""foo"");
        assertNotSame(fooInst, fooCheck);
        assertEquals(""foo2"", fooCheck.getMessage());

        fooFile.delete();
        waitFor(""foo"", false);
        entries = monitor.getEntries();
        assertEquals(1, entries.size());
        TestUtil.testArray(entryNames(entries), new String[]{""bar1""});
    }","--- pre
+++ post
@@ -5,5 +5,5 @@
 
         File fooFile = touchFile(""foo"", ""foo1"");
-        Thread.sleep(MONITOR_CHECK_DELAY);
+        waitFor(""foo"", true);
 
         Collection<TestInstance> entries = monitor.getEntries();
@@ -16,5 +16,5 @@
 
         touchFile(""bar"", ""bar1"");
-        Thread.sleep(MONITOR_CHECK_DELAY);
+        waitFor(""bar"", true);
 
         entries = monitor.getEntries();
@@ -25,5 +25,5 @@
 
         touchFile(""foo"", ""foo2"");
-        Thread.sleep(MONITOR_CHECK_DELAY);
+        Thread.sleep(MONITOR_CHECK_DELAY * NTRIES);  // Not sure how better wait for change detection
         entries = monitor.getEntries();
         assertEquals(2, entries.size());
@@ -34,5 +34,5 @@
 
         fooFile.delete();
-        Thread.sleep(MONITOR_CHECK_DELAY);
+        waitFor(""foo"", false);
         entries = monitor.getEntries();
         assertEquals(1, entries.size());"
finos_symphony-wdk,finos/symphony-wdk,SendMessageIntegrationTest.sendMessageOnMessage,workflow-bot-app/src/test/java/com/symphony/bdk/workflow/SendMessageIntegrationTest.java,1edc968b217c95abca1be617933ae96043df4682,Fix flaky test (for real!),async wait,True,180.0,143,143,33,False,0.23076923076923078,False,cue_neutral,0,0,{},{},"@Test
  void sendMessageOnMessage() throws Exception {
    final Workflow workflow =
        SwadlParser.fromYaml(getClass().getResourceAsStream(""/message/send-message-on-message.swadl.yaml""));
    final V4Message message = message(""Hello!"");

    engine.deploy(workflow);
    engine.onEvent(messageReceived(""/message""));

    when(messageService.send(anyString(), any(Message.class))).thenReturn(message);
    verify(messageService, timeout(5000)).send(anyString(), any(Message.class));

    assertThat(workflow).isExecuted()
        .hasOutput(String.format(OUTPUTS_MSG_KEY, ""sendMessage1""), message)
        .hasOutput(String.format(OUTPUTS_MSG_ID_KEY, ""sendMessage1""), message.getMessageId());
  }","@Test
  void sendMessageOnMessage() throws Exception {
    final Workflow workflow =
        SwadlParser.fromYaml(getClass().getResourceAsStream(""/message/send-message-on-message.swadl.yaml""));
    final V4Message message = message(""Hello!"");

    when(messageService.send(anyString(), any(Message.class))).thenReturn(message);

    engine.deploy(workflow);
    engine.onEvent(messageReceived(""/message""));

    verify(messageService, timeout(5000)).send(anyString(), any(Message.class));

    assertThat(workflow).isExecuted()
        .hasOutput(String.format(OUTPUTS_MSG_KEY, ""sendMessage1""), message)
        .hasOutput(String.format(OUTPUTS_MSG_ID_KEY, ""sendMessage1""), message.getMessageId());
  }","--- pre
+++ post
@@ -5,8 +5,9 @@
     final V4Message message = message(""Hello!"");
 
+    when(messageService.send(anyString(), any(Message.class))).thenReturn(message);
+
     engine.deploy(workflow);
     engine.onEvent(messageReceived(""/message""));
 
-    when(messageService.send(anyString(), any(Message.class))).thenReturn(message);
     verify(messageService, timeout(5000)).send(anyString(), any(Message.class));
 "
graylog2_graylog2-server,graylog2/graylog2-server,IndicesIT.indexCreationDateReturnsIndexCreationDateOfExistingIndexAsDateTime,graylog2-server/src/test/java/org/graylog2/indexer/indices/IndicesIT.java,75c3ad5581dd1e8aead48174b218d619d32c0b2f,Improve `IndicesIT` test by using delta when comparing dates. (#9457),unknown,False,,76,91,19,False,0.2087912087912088,False,cue_added,1,0,{'TimeUnit': 1},{},"@Test
    public void indexCreationDateReturnsIndexCreationDateOfExistingIndexAsDateTime() {
        final DateTime now = DateTime.now(DateTimeZone.UTC);
        final String indexName = client().createRandomIndex(""indices_it_"");

        final Optional<DateTime> indexCreationDate = indices.indexCreationDate(indexName);
        assertThat(indexCreationDate).isNotEmpty()
                .hasValueSatisfying(date -> Assertions.assertThat(date).isEqualToIgnoringMillis(now));
    }","@Test
    public void indexCreationDateReturnsIndexCreationDateOfExistingIndexAsDateTime() {
        final DateTime now = DateTime.now(DateTimeZone.UTC);
        final String indexName = client().createRandomIndex(""indices_it_"");

        final Optional<DateTime> indexCreationDate = indices.indexCreationDate(indexName);
        assertThat(indexCreationDate).isNotEmpty()
                .hasValueSatisfying(date -> assertThat(date.toDate()).isCloseTo(now.toDate(), TimeUnit.SECONDS.toMillis(1)));
    }","--- pre
+++ post
@@ -6,4 +6,4 @@
         final Optional<DateTime> indexCreationDate = indices.indexCreationDate(indexName);
         assertThat(indexCreationDate).isNotEmpty()
-                .hasValueSatisfying(date -> Assertions.assertThat(date).isEqualToIgnoringMillis(now));
+                .hasValueSatisfying(date -> assertThat(date.toDate()).isCloseTo(now.toDate(), TimeUnit.SECONDS.toMillis(1)));
     }"
hwang-pku_ormlite-core,hwang-pku/ormlite-core,DatabaseFieldConfigTest.testComboIndex,src/test/java/com/j256/ormlite/field/DatabaseFieldConfigTest.java,0f23de554ffe78ddea5a828d57e9418a19c22076,fix flaky tests,unknown,False,,100,103,6,False,0.05825242718446602,False,cue_neutral,0,0,{},{},"@Test
    public void testComboIndex() throws Exception {
        Field[] fields = ComboIndex.class.getDeclaredFields();
        assertTrue(fields.length >= 2);
        DatabaseFieldConfig fieldConfig = DatabaseFieldConfig.fromField(databaseType, ""foo"", fields[0]);
        String tableName = ""foo"";
        assertEquals(ComboIndex.INDEX_NAME, fieldConfig.getIndexName(tableName));
        fieldConfig = DatabaseFieldConfig.fromField(databaseType, tableName, fields[1]);
        assertEquals(ComboIndex.INDEX_NAME, fieldConfig.getIndexName(tableName));
    }","@Test
    public void testComboIndex() throws Exception {
        Field[] fields = getDeclaredFieldsWithNames(ComboIndex.class, ""stuff"", ""junk"");
        assertTrue(fields.length >= 2);
        DatabaseFieldConfig fieldConfig = DatabaseFieldConfig.fromField(databaseType, ""foo"", fields[0]);
        String tableName = ""foo"";
        assertEquals(ComboIndex.INDEX_NAME, fieldConfig.getIndexName(tableName));
        fieldConfig = DatabaseFieldConfig.fromField(databaseType, tableName, fields[1]);
        assertEquals(ComboIndex.INDEX_NAME, fieldConfig.getIndexName(tableName));
    }","--- pre
+++ post
@@ -1,5 +1,5 @@
 @Test
     public void testComboIndex() throws Exception {
-        Field[] fields = ComboIndex.class.getDeclaredFields();
+        Field[] fields = getDeclaredFieldsWithNames(ComboIndex.class, ""stuff"", ""junk"");
         assertTrue(fields.length >= 2);
         DatabaseFieldConfig fieldConfig = DatabaseFieldConfig.fromField(databaseType, ""foo"", fields[0]);"
hwang-pku_ormlite-core,hwang-pku/ormlite-core,DatabaseFieldConfigTest.testFromDbField,src/test/java/com/j256/ormlite/field/DatabaseFieldConfigTest.java,0f23de554ffe78ddea5a828d57e9418a19c22076,fix flaky tests,unordered collections,True,174.0,83,84,5,False,0.05952380952380952,False,cue_neutral,0,0,{},{},"@Test
    public void testFromDbField() throws Exception {
        Field[] fields = Foo.class.getDeclaredFields();
        assertTrue(fields.length >= 1);
        DatabaseFieldConfig config = DatabaseFieldConfig.fromField(databaseType, ""foo"", fields[0]);
        assertNotNull(config);
        assertTrue(config.isCanBeNull());
        assertEquals(fields[0].getName(), config.getFieldName());
    }","@Test
    public void testFromDbField() throws Exception {
        Field[] fields = getDeclaredFieldsWithNames(Foo.class, ""field"");
        assertTrue(fields.length >= 1);
        DatabaseFieldConfig config = DatabaseFieldConfig.fromField(databaseType, ""foo"", fields[0]);
        assertNotNull(config);
        assertTrue(config.isCanBeNull());
        assertEquals(fields[0].getName(), config.getFieldName());
    }","--- pre
+++ post
@@ -1,5 +1,5 @@
 @Test
     public void testFromDbField() throws Exception {
-        Field[] fields = Foo.class.getDeclaredFields();
+        Field[] fields = getDeclaredFieldsWithNames(Foo.class, ""field"");
         assertTrue(fields.length >= 1);
         DatabaseFieldConfig config = DatabaseFieldConfig.fromField(databaseType, ""foo"", fields[0]);"
hwang-pku_ormlite-core,hwang-pku/ormlite-core,DatabaseFieldConfigTest.testJavaxAnnotations,src/test/java/com/j256/ormlite/field/DatabaseFieldConfigTest.java,0f23de554ffe78ddea5a828d57e9418a19c22076,fix flaky tests,unknown,False,,389,402,16,False,0.03980099502487562,False,cue_neutral,0,0,{},{},"@Test
    public void testJavaxAnnotations() throws Exception {
        Field[] fields = JavaxAnno.class.getDeclaredFields();
        assertTrue(fields.length >= 7);

        // not a column
        assertNull(DatabaseFieldConfig.fromField(databaseType, ""foo"", fields[0]));

        DatabaseFieldConfig config = DatabaseFieldConfig.fromField(databaseType, ""foo"", fields[1]);
        assertNotNull(config);
        assertFalse(config.isId());
        assertTrue(config.isGeneratedId());
        assertFalse(config.isUseGetSet());
        assertEquals(fields[1].getName(), config.getFieldName());

        config = DatabaseFieldConfig.fromField(databaseType, ""foo"", fields[2]);
        assertNotNull(config);
        assertFalse(config.isUseGetSet());
        assertEquals(STUFF_FIELD_NAME, config.getColumnName());

        config = DatabaseFieldConfig.fromField(databaseType, ""foo"", fields[3]);
        assertNotNull(config);
        assertEquals(LENGTH_LENGTH, config.getWidth());
        assertFalse(config.isUseGetSet());
        assertEquals(fields[3].getName(), config.getFieldName());

        config = DatabaseFieldConfig.fromField(databaseType, ""foo"", fields[4]);
        assertNotNull(config);
        assertFalse(config.isCanBeNull());
        assertFalse(config.isUseGetSet());
        assertEquals(fields[4].getName(), config.getFieldName());

        config = DatabaseFieldConfig.fromField(databaseType, ""foo"", fields[5]);
        assertNotNull(config);
        assertTrue(config.isForeign());
        assertNull(config.getDataPersister());
        assertEquals(fields[5].getName(), config.getFieldName());

        config = DatabaseFieldConfig.fromField(databaseType, ""foo"", fields[6]);
        assertNotNull(config);
        assertTrue(config.isForeign());
        assertNull(config.getDataPersister());
        assertEquals(fields[6].getName(), config.getFieldName());
    }","@Test
    public void testJavaxAnnotations() throws Exception {
        Field[] fields = getDeclaredFieldsWithNames(JavaxAnno.class, ""notColumn"", ""id"", ""stuff"", ""length"", ""nullable"", ""foo"", ""foo2"");
        assertTrue(fields.length >= 7);

        // not a column
        assertNull(DatabaseFieldConfig.fromField(databaseType, ""foo"", fields[0]));

        DatabaseFieldConfig config = DatabaseFieldConfig.fromField(databaseType, ""foo"", fields[1]);
        assertNotNull(config);
        assertFalse(config.isId());
        assertTrue(config.isGeneratedId());
        assertFalse(config.isUseGetSet());
        assertEquals(fields[1].getName(), config.getFieldName());

        config = DatabaseFieldConfig.fromField(databaseType, ""foo"", fields[2]);
        assertNotNull(config);
        assertFalse(config.isUseGetSet());
        assertEquals(STUFF_FIELD_NAME, config.getColumnName());

        config = DatabaseFieldConfig.fromField(databaseType, ""foo"", fields[3]);
        assertNotNull(config);
        assertEquals(LENGTH_LENGTH, config.getWidth());
        assertFalse(config.isUseGetSet());
        assertEquals(fields[3].getName(), config.getFieldName());

        config = DatabaseFieldConfig.fromField(databaseType, ""foo"", fields[4]);
        assertNotNull(config);
        assertFalse(config.isCanBeNull());
        assertFalse(config.isUseGetSet());
        assertEquals(fields[4].getName(), config.getFieldName());

        config = DatabaseFieldConfig.fromField(databaseType, ""foo"", fields[5]);
        assertNotNull(config);
        assertTrue(config.isForeign());
        assertNull(config.getDataPersister());
        assertEquals(fields[5].getName(), config.getFieldName());

        config = DatabaseFieldConfig.fromField(databaseType, ""foo"", fields[6]);
        assertNotNull(config);
        assertTrue(config.isForeign());
        assertNull(config.getDataPersister());
        assertEquals(fields[6].getName(), config.getFieldName());
    }","--- pre
+++ post
@@ -1,5 +1,5 @@
 @Test
     public void testJavaxAnnotations() throws Exception {
-        Field[] fields = JavaxAnno.class.getDeclaredFields();
+        Field[] fields = getDeclaredFieldsWithNames(JavaxAnno.class, ""notColumn"", ""id"", ""stuff"", ""length"", ""nullable"", ""foo"", ""foo2"");
         assertTrue(fields.length >= 7);
 "
hwang-pku_ormlite-core,hwang-pku/ormlite-core,DatabaseFieldConfigTest.testJavaxGetSet,src/test/java/com/j256/ormlite/field/DatabaseFieldConfigTest.java,0f23de554ffe78ddea5a828d57e9418a19c22076,fix flaky tests,unknown,False,,83,84,5,False,0.05952380952380952,False,cue_neutral,0,0,{},{},"@Test
    public void testJavaxGetSet() throws Exception {
        Field[] fields = JavaxGetSet.class.getDeclaredFields();
        assertTrue(fields.length >= 1);

        DatabaseFieldConfig config = DatabaseFieldConfig.fromField(databaseType, ""foo"", fields[0]);
        assertNotNull(config);
        assertTrue(config.isUseGetSet());
        assertEquals(fields[0].getName(), config.getFieldName());
    }","@Test
    public void testJavaxGetSet() throws Exception {
        Field[] fields = getDeclaredFieldsWithNames(JavaxGetSet.class, ""id"");
        assertTrue(fields.length >= 1);

        DatabaseFieldConfig config = DatabaseFieldConfig.fromField(databaseType, ""foo"", fields[0]);
        assertNotNull(config);
        assertTrue(config.isUseGetSet());
        assertEquals(fields[0].getName(), config.getFieldName());
    }","--- pre
+++ post
@@ -1,5 +1,5 @@
 @Test
     public void testJavaxGetSet() throws Exception {
-        Field[] fields = JavaxGetSet.class.getDeclaredFields();
+        Field[] fields = getDeclaredFieldsWithNames(JavaxGetSet.class, ""id"");
         assertTrue(fields.length >= 1);
 "
hwang-pku_ormlite-core,hwang-pku/ormlite-core,DatabaseFieldConfigTest.testJavaxJustId,src/test/java/com/j256/ormlite/field/DatabaseFieldConfigTest.java,0f23de554ffe78ddea5a828d57e9418a19c22076,fix flaky tests,unknown,False,,101,102,5,False,0.049019607843137254,False,cue_neutral,0,0,{},{},"@Test
    public void testJavaxJustId() throws Exception {
        Field[] fields = JavaxAnnoJustId.class.getDeclaredFields();
        assertTrue(fields.length >= 1);

        DatabaseFieldConfig config = DatabaseFieldConfig.fromField(databaseType, ""foo"", fields[0]);
        assertNotNull(config);
        assertTrue(config.isId());
        assertFalse(config.isGeneratedId());
        assertFalse(config.isUseGetSet());
        assertEquals(fields[0].getName(), config.getFieldName());
    }","@Test
    public void testJavaxJustId() throws Exception {
        Field[] fields = getDeclaredFieldsWithNames(JavaxAnnoJustId.class, ""id"");
        assertTrue(fields.length >= 1);

        DatabaseFieldConfig config = DatabaseFieldConfig.fromField(databaseType, ""foo"", fields[0]);
        assertNotNull(config);
        assertTrue(config.isId());
        assertFalse(config.isGeneratedId());
        assertFalse(config.isUseGetSet());
        assertEquals(fields[0].getName(), config.getFieldName());
    }","--- pre
+++ post
@@ -1,5 +1,5 @@
 @Test
     public void testJavaxJustId() throws Exception {
-        Field[] fields = JavaxAnnoJustId.class.getDeclaredFields();
+        Field[] fields = getDeclaredFieldsWithNames(JavaxAnnoJustId.class, ""id"");
         assertTrue(fields.length >= 1);
 "
hwang-pku_ormlite-core,hwang-pku/ormlite-core,DatabaseFieldConfigTest.testJavaxUnique,src/test/java/com/j256/ormlite/field/DatabaseFieldConfigTest.java,0f23de554ffe78ddea5a828d57e9418a19c22076,fix flaky tests,unknown,False,,83,84,5,False,0.05952380952380952,False,cue_neutral,0,0,{},{},"@Test
    public void testJavaxUnique() throws Exception {
        Field[] fields = JavaxUnique.class.getDeclaredFields();
        assertTrue(fields.length >= 1);

        DatabaseFieldConfig config = DatabaseFieldConfig.fromField(databaseType, ""foo"", fields[0]);
        assertNotNull(config);
        assertTrue(config.isUnique());
        assertEquals(fields[0].getName(), config.getFieldName());
    }","@Test
    public void testJavaxUnique() throws Exception {
        Field[] fields = getDeclaredFieldsWithNames(JavaxUnique.class, ""id"");
        assertTrue(fields.length >= 1);

        DatabaseFieldConfig config = DatabaseFieldConfig.fromField(databaseType, ""foo"", fields[0]);
        assertNotNull(config);
        assertTrue(config.isUnique());
        assertEquals(fields[0].getName(), config.getFieldName());
    }","--- pre
+++ post
@@ -1,5 +1,5 @@
 @Test
     public void testJavaxUnique() throws Exception {
-        Field[] fields = JavaxUnique.class.getDeclaredFields();
+        Field[] fields = getDeclaredFieldsWithNames(JavaxUnique.class, ""id"");
         assertTrue(fields.length >= 1);
 "
hwang-pku_ormlite-core,hwang-pku/ormlite-core,DatabaseFieldConfigTest.testUnknownEnumVal,src/test/java/com/j256/ormlite/field/DatabaseFieldConfigTest.java,0f23de554ffe78ddea5a828d57e9418a19c22076,fix flaky tests,unknown,False,,55,56,5,False,0.08928571428571429,False,cue_neutral,0,0,{},{},"@Test(expected = IllegalArgumentException.class)
    public void testUnknownEnumVal() throws Exception {
        Field[] fields = BadUnknownVal.class.getDeclaredFields();
        assertTrue(fields.length >= 1);
        DatabaseFieldConfig.fromField(databaseType, ""foo"", fields[0]);
    }","@Test(expected = IllegalArgumentException.class)
    public void testUnknownEnumVal() throws Exception {
        Field[] fields = getDeclaredFieldsWithNames(BadUnknownVal.class, ""ourEnum"");
        assertTrue(fields.length >= 1);
        DatabaseFieldConfig.fromField(databaseType, ""foo"", fields[0]);
    }","--- pre
+++ post
@@ -1,5 +1,5 @@
 @Test(expected = IllegalArgumentException.class)
     public void testUnknownEnumVal() throws Exception {
-        Field[] fields = BadUnknownVal.class.getDeclaredFields();
+        Field[] fields = getDeclaredFieldsWithNames(BadUnknownVal.class, ""ourEnum"");
         assertTrue(fields.length >= 1);
         DatabaseFieldConfig.fromField(databaseType, ""foo"", fields[0]);"
hwang-pku_ormlite-core,hwang-pku/ormlite-core,QueryBuilderTest.testQueryRaw,src/test/java/com/j256/ormlite/stmt/QueryBuilderTest.java,843a9961bb94d0f03eb7a3ebc7551e72ccb7b71a,sort the result before compare in order to avoid flakiness,unordered collections,True,326.0,152,164,13,False,0.07926829268292683,False,cue_neutral,0,0,{},{},"@Test
    public void testQueryRaw() throws Exception {
        Dao<Foo, Integer> dao = createDao(Foo.class, true);
        Foo foo = new Foo();
        foo.stringField = ""zipper"";
        dao.create(foo);
        QueryBuilder<Foo, Integer> qb = dao.queryBuilder();
        assertEquals(1, qb.countOf());
        GenericRawResults<String[]> results = qb.queryRaw();
        List<String[]> stringResults = results.getResults();
        assertEquals(1, stringResults.size());
        assertEquals(Integer.toString(foo.id), stringResults.get(0)[0]);
        assertEquals(foo.stringField, stringResults.get(0)[3]);
    }","@Test
    public void testQueryRaw() throws Exception {
        Dao<Foo, Integer> dao = createDao(Foo.class, true);
        Foo foo = new Foo();
        foo.stringField = ""zipper"";
        dao.create(foo);
        QueryBuilder<Foo, Integer> qb = dao.queryBuilder();
        assertEquals(1, qb.countOf());
        GenericRawResults<String[]> results = qb.queryRaw();
        List<String[]> stringResults = results.getResults();
        assertEquals(1, stringResults.size());
        Arrays.sort(stringResults.get(0));
        assertEquals(Integer.toString(foo.id), stringResults.get(0)[2]);
        assertEquals(foo.stringField, stringResults.get(0)[3]);
    }","--- pre
+++ post
@@ -10,5 +10,6 @@
         List<String[]> stringResults = results.getResults();
         assertEquals(1, stringResults.size());
-        assertEquals(Integer.toString(foo.id), stringResults.get(0)[0]);
+        Arrays.sort(stringResults.get(0));
+        assertEquals(Integer.toString(foo.id), stringResults.get(0)[2]);
         assertEquals(foo.stringField, stringResults.get(0)[3]);
     }"
kiwiproject_dropwizard-service-utilities,kiwiproject/dropwizard-service-utilities,SystemExecutionerTest.shouldExitBeforeGivenWaitTime_WhenWaitingThreadInterrupted,src/test/java/org/kiwiproject/dropwizard/util/startup/SystemExecutionerTest.java,1ab34b008e2ca8748960a0a73ba304328ab374a8,Change timing assertion in SystemExecutionerTest (#184),time,True,244.0,267,283,20,False,0.0706713780918728,False,cue_neutral,0,0,{},{},"@Test
    void shouldExitBeforeGivenWaitTime_WhenWaitingThreadInterrupted() {
        var executorService = Executors.newFixedThreadPool(2);

        var executionStrategy = new ExecutionStrategies.ExitFlaggingExecutionStrategy();
        var executioner = new SystemExecutioner(executionStrategy);
        var startTime = new AtomicLong();
        var executionFuture = executorService.submit(() -> {
            LOG.info(""Calling executioner with 5 second wait"");
            startTime.set(System.nanoTime());
            executioner.exit(5, TimeUnit.SECONDS);
        });

        var killerSleepTimeMillis = 100;
        var killerFuture = executorService.submit(() -> {
            LOG.info(""Sleeping for {} milliseconds..."", killerSleepTimeMillis);
            new DefaultEnvironment().sleepQuietly(killerSleepTimeMillis, TimeUnit.MILLISECONDS);
            LOG.info(""I'm awake and will now interrupt executionThread"");
            var canceled = executionFuture.cancel(true);
            LOG.info(""executionFuture was canceled? {}"", canceled);
        });

        await().atMost(ONE_SECOND).until(() -> executionFuture.isDone() && killerFuture.isDone());

        long elapsedNanos = System.nanoTime() - startTime.get();

        assertThat(executionStrategy.didExit())
                .describedAs(""Execution strategy exit() should have been called"")
                .isTrue();

        assertThat(TimeUnit.NANOSECONDS.toMillis(elapsedNanos))
                .describedAs(""Elapsed millis must be greater than %d"", killerSleepTimeMillis)
                .isGreaterThan(killerSleepTimeMillis);

        executorService.shutdown();
        await().atMost(ONE_SECOND).until(executorService::isShutdown);
    }","@Test
    void shouldExitBeforeGivenWaitTime_WhenWaitingThreadInterrupted() {
        var executorService = Executors.newFixedThreadPool(2);

        var executionStrategy = new ExecutionStrategies.ExitFlaggingExecutionStrategy();
        var executioner = new SystemExecutioner(executionStrategy);
        var startTime = new AtomicLong();
        var executionFuture = executorService.submit(() -> {
            LOG.info(""Calling executioner with 5 second wait"");
            startTime.set(System.nanoTime());
            executioner.exit(5, TimeUnit.SECONDS);
        });

        var killerSleepTimeMillis = 100;
        var killerFuture = executorService.submit(() -> {
            LOG.info(""Sleeping for {} milliseconds..."", killerSleepTimeMillis);
            new DefaultEnvironment().sleepQuietly(killerSleepTimeMillis, TimeUnit.MILLISECONDS);
            LOG.info(""I'm awake and will now interrupt executionThread"");
            var canceled = executionFuture.cancel(true);
            LOG.info(""executionFuture was canceled? {}"", canceled);
        });

        await().atMost(ONE_SECOND).until(() -> executionFuture.isDone() && killerFuture.isDone());

        long elapsedNanos = System.nanoTime() - startTime.get();

        assertThat(executionStrategy.didExit())
                .describedAs(""Execution strategy exit() should have been called"")
                .isTrue();

        var elapsedMillis = TimeUnit.NANOSECONDS.toMillis(elapsedNanos);
        LOG.info(""Actual elapsed time: {} nanoseconds ; {} milliseconds"", elapsedNanos, elapsedMillis);
        assertThat(elapsedMillis)
                .describedAs(""Elapsed millis must be at least %d"", killerSleepTimeMillis)
                .isGreaterThanOrEqualTo(killerSleepTimeMillis);

        executorService.shutdown();
        await().atMost(ONE_SECOND).until(executorService::isShutdown);
    }","--- pre
+++ post
@@ -29,7 +29,9 @@
                 .isTrue();
 
-        assertThat(TimeUnit.NANOSECONDS.toMillis(elapsedNanos))
-                .describedAs(""Elapsed millis must be greater than %d"", killerSleepTimeMillis)
-                .isGreaterThan(killerSleepTimeMillis);
+        var elapsedMillis = TimeUnit.NANOSECONDS.toMillis(elapsedNanos);
+        LOG.info(""Actual elapsed time: {} nanoseconds ; {} milliseconds"", elapsedNanos, elapsedMillis);
+        assertThat(elapsedMillis)
+                .describedAs(""Elapsed millis must be at least %d"", killerSleepTimeMillis)
+                .isGreaterThanOrEqualTo(killerSleepTimeMillis);
 
         executorService.shutdown();"
line_armeria,line/armeria,ServiceRequestCancellationTest.shouldCompleteLogWhenCancelledByClient,core/src/test/java/com/linecorp/armeria/server/ServiceRequestCancellationTest.java,134069c5dafaa5c17f9c5719bba1d93c611c71ce,Fix flaky `ServiceRequestCancellationTest` (#3573),test order dependency,True,362.0,221,228,7,False,0.03070175438596491,False,cue_neutral,0,0,{},{},"@EnumSource(value = SessionProtocol.class, names = {""H1C"", ""H2C""})
    @ParameterizedTest
    void shouldCompleteLogWhenCancelledByClient(SessionProtocol protocol) {
        final ClientFactory factory = ClientFactory.builder().build();
        final WebClient client = WebClient.builder(server.uri(protocol))
                                          .factory(factory)
                                          .build();

        final CompletableFuture<AggregatedHttpResponse> responseFuture = client.get(""/reset"").aggregate();
        await().untilAtomic(ctxRef, Matchers.notNullValue());
        factory.close();
        final RequestLog log = ctxRef.get().log().whenComplete().join();

        if (protocol.isMultiplex()) {
            assertThat(log.responseCause())
                    .isInstanceOf(ClosedStreamException.class)
                    .hasMessageContaining(""received a RST_STREAM frame: CANCEL"");

            assertThatThrownBy(responseFuture::join)
                    .isInstanceOf(CompletionException.class)
                    .hasCauseInstanceOf(ClosedStreamException.class);
        } else {
            assertThat(log.responseCause())
                    .isInstanceOf(ClosedSessionException.class);

            assertThatThrownBy(responseFuture::join)
                    .isInstanceOf(CompletionException.class)
                    .hasCauseInstanceOf(ClosedSessionException.class);
        }
    }","@EnumSource(value = SessionProtocol.class, names = {""H1C"", ""H2C""})
    @ParameterizedTest
    void shouldCompleteLogWhenCancelledByClient(SessionProtocol protocol) {
        final ClientFactory factory = ClientFactory.builder().build();
        final WebClient client = WebClient.builder(server.uri(protocol))
                                          .factory(factory)
                                          .build();

        final CompletableFuture<AggregatedHttpResponse> responseFuture = client.get(""/reset"").aggregate();
        await().untilAtomic(ctxRef, Matchers.notNullValue());
        factory.close();
        final RequestLog log = ctxRef.get().log().whenComplete().join();

        if (protocol.isMultiplex()) {
            assertThat(log.responseCause())
                    .isInstanceOf(ClosedStreamException.class)
                    .hasMessageContaining(""received a RST_STREAM frame: CANCEL"");

            assertThatThrownBy(responseFuture::join)
                    .isInstanceOf(CompletionException.class)
                    .hasCauseInstanceOf(ClosedStreamException.class);
        } else {
            assertThat(log.responseCause())
                    .isInstanceOf(ClosedSessionException.class);

            assertThatThrownBy(responseFuture::join)
                    .isInstanceOf(CompletionException.class)
                    .hasCauseInstanceOf(ClosedSessionException.class);
        }

        ctxRef.set(null);
    }","--- pre
+++ post
@@ -28,3 +28,5 @@
                     .hasCauseInstanceOf(ClosedSessionException.class);
         }
+
+        ctxRef.set(null);
     }"
microsoft_botbuilder-java,microsoft/botbuilder-java,AdditionalPropertiesSerializerTests.canSerializeAdditionalProperties,libraries/bot-connector/src/test/java/com/microsoft/bot/restclient/AdditionalPropertiesSerializerTests.java,6367769151a712e553b0d83a2baab9b81fe7574e,fix flaky json test (#1367),unordered collections,True,259.0,175,178,7,False,0.03932584269662921,False,cue_neutral,0,0,{},{},"@Test
    public void canSerializeAdditionalProperties() throws Exception {
        Foo foo = new Foo();
        foo.bar = ""hello.world"";
        foo.baz = new ArrayList<>();
        foo.baz.add(""hello"");
        foo.baz.add(""hello.world"");
        foo.qux = new HashMap<>();
        foo.qux.put(""hello"", ""world"");
        foo.qux.put(""a.b"", ""c.d"");
        foo.qux.put(""bar.a"", ""ttyy"");
        foo.qux.put(""bar.b"", ""uuzz"");
        foo.additionalProperties = new HashMap<>();
        foo.additionalProperties.put(""bar"", ""baz"");
        foo.additionalProperties.put(""a.b"", ""c.d"");
        foo.additionalProperties.put(""properties.bar"", ""barbar"");

        String serialized = new JacksonAdapter().serialize(foo);
        Assert.assertEquals(""{\""$type\"":\""foo\"",\""properties\"":{\""bar\"":\""hello.world\"",\""props\"":{\""baz\"":[\""hello\"",\""hello.world\""],\""q\"":{\""qux\"":{\""hello\"":\""world\"",\""a.b\"":\""c.d\"",\""bar.b\"":\""uuzz\"",\""bar.a\"":\""ttyy\""}}}},\""bar\"":\""baz\"",\""a.b\"":\""c.d\"",\""properties.bar\"":\""barbar\""}"", serialized);
    }","@Test
    public void canSerializeAdditionalProperties() throws Exception {
        Foo foo = new Foo();
        foo.bar = ""hello.world"";
        foo.baz = new ArrayList<>();
        foo.baz.add(""hello"");
        foo.baz.add(""hello.world"");
        foo.qux = new HashMap<>();
        foo.qux.put(""hello"", ""world"");
        foo.qux.put(""a.b"", ""c.d"");
        foo.qux.put(""bar.a"", ""ttyy"");
        foo.qux.put(""bar.b"", ""uuzz"");
        foo.additionalProperties = new HashMap<>();
        foo.additionalProperties.put(""bar"", ""baz"");
        foo.additionalProperties.put(""a.b"", ""c.d"");
        foo.additionalProperties.put(""properties.bar"", ""barbar"");

        String serialized = new JacksonAdapter().serialize(foo);
        String expected = ""{\""$type\"":\""foo\"",\""properties\"":{\""bar\"":\""hello.world\"",\""props\"":{\""baz\"":[\""hello\"",\""hello.world\""],\""q\"":{\""qux\"":{\""hello\"":\""world\"",\""a.b\"":\""c.d\"",\""bar.b\"":\""uuzz\"",\""bar.a\"":\""ttyy\""}}}},\""bar\"":\""baz\"",\""a.b\"":\""c.d\"",\""properties.bar\"":\""barbar\""}"";
        assertJsonEqualsNonStrict(expected, serialized);
    }","--- pre
+++ post
@@ -17,4 +17,5 @@
 
         String serialized = new JacksonAdapter().serialize(foo);
-        Assert.assertEquals(""{\""$type\"":\""foo\"",\""properties\"":{\""bar\"":\""hello.world\"",\""props\"":{\""baz\"":[\""hello\"",\""hello.world\""],\""q\"":{\""qux\"":{\""hello\"":\""world\"",\""a.b\"":\""c.d\"",\""bar.b\"":\""uuzz\"",\""bar.a\"":\""ttyy\""}}}},\""bar\"":\""baz\"",\""a.b\"":\""c.d\"",\""properties.bar\"":\""barbar\""}"", serialized);
+        String expected = ""{\""$type\"":\""foo\"",\""properties\"":{\""bar\"":\""hello.world\"",\""props\"":{\""baz\"":[\""hello\"",\""hello.world\""],\""q\"":{\""qux\"":{\""hello\"":\""world\"",\""a.b\"":\""c.d\"",\""bar.b\"":\""uuzz\"",\""bar.a\"":\""ttyy\""}}}},\""bar\"":\""baz\"",\""a.b\"":\""c.d\"",\""properties.bar\"":\""barbar\""}"";
+        assertJsonEqualsNonStrict(expected, serialized);
     }"
microsoft_botbuilder-java,microsoft/botbuilder-java,AdditionalPropertiesSerializerTests.canSerializeAdditionalPropertiesThroughInheritance,libraries/bot-connector/src/test/java/com/microsoft/bot/restclient/AdditionalPropertiesSerializerTests.java,6367769151a712e553b0d83a2baab9b81fe7574e,fix flaky json test (#1367),unknown,False,,175,178,7,False,0.03932584269662921,False,cue_neutral,0,0,{},{},"@Test
    public void canSerializeAdditionalPropertiesThroughInheritance() throws Exception {
        Foo foo = new FooChild();
        foo.bar = ""hello.world"";
        foo.baz = new ArrayList<>();
        foo.baz.add(""hello"");
        foo.baz.add(""hello.world"");
        foo.qux = new HashMap<>();
        foo.qux.put(""hello"", ""world"");
        foo.qux.put(""a.b"", ""c.d"");
        foo.qux.put(""bar.a"", ""ttyy"");
        foo.qux.put(""bar.b"", ""uuzz"");
        foo.additionalProperties = new HashMap<>();
        foo.additionalProperties.put(""bar"", ""baz"");
        foo.additionalProperties.put(""a.b"", ""c.d"");
        foo.additionalProperties.put(""properties.bar"", ""barbar"");

        String serialized = new JacksonAdapter().serialize(foo);
        Assert.assertEquals(""{\""$type\"":\""foochild\"",\""properties\"":{\""bar\"":\""hello.world\"",\""props\"":{\""baz\"":[\""hello\"",\""hello.world\""],\""q\"":{\""qux\"":{\""hello\"":\""world\"",\""a.b\"":\""c.d\"",\""bar.b\"":\""uuzz\"",\""bar.a\"":\""ttyy\""}}}},\""bar\"":\""baz\"",\""a.b\"":\""c.d\"",\""properties.bar\"":\""barbar\""}"", serialized);
    }","@Test
    public void canSerializeAdditionalPropertiesThroughInheritance() throws Exception {
        Foo foo = new FooChild();
        foo.bar = ""hello.world"";
        foo.baz = new ArrayList<>();
        foo.baz.add(""hello"");
        foo.baz.add(""hello.world"");
        foo.qux = new HashMap<>();
        foo.qux.put(""hello"", ""world"");
        foo.qux.put(""a.b"", ""c.d"");
        foo.qux.put(""bar.a"", ""ttyy"");
        foo.qux.put(""bar.b"", ""uuzz"");
        foo.additionalProperties = new HashMap<>();
        foo.additionalProperties.put(""bar"", ""baz"");
        foo.additionalProperties.put(""a.b"", ""c.d"");
        foo.additionalProperties.put(""properties.bar"", ""barbar"");

        String serialized = new JacksonAdapter().serialize(foo);
        String expected = ""{\""$type\"":\""foochild\"",\""properties\"":{\""bar\"":\""hello.world\"",\""props\"":{\""baz\"":[\""hello\"",\""hello.world\""],\""q\"":{\""qux\"":{\""hello\"":\""world\"",\""a.b\"":\""c.d\"",\""bar.b\"":\""uuzz\"",\""bar.a\"":\""ttyy\""}}}},\""bar\"":\""baz\"",\""a.b\"":\""c.d\"",\""properties.bar\"":\""barbar\""}"";
        assertJsonEqualsNonStrict(expected, serialized);
    }","--- pre
+++ post
@@ -17,4 +17,5 @@
 
         String serialized = new JacksonAdapter().serialize(foo);
-        Assert.assertEquals(""{\""$type\"":\""foochild\"",\""properties\"":{\""bar\"":\""hello.world\"",\""props\"":{\""baz\"":[\""hello\"",\""hello.world\""],\""q\"":{\""qux\"":{\""hello\"":\""world\"",\""a.b\"":\""c.d\"",\""bar.b\"":\""uuzz\"",\""bar.a\"":\""ttyy\""}}}},\""bar\"":\""baz\"",\""a.b\"":\""c.d\"",\""properties.bar\"":\""barbar\""}"", serialized);
+        String expected = ""{\""$type\"":\""foochild\"",\""properties\"":{\""bar\"":\""hello.world\"",\""props\"":{\""baz\"":[\""hello\"",\""hello.world\""],\""q\"":{\""qux\"":{\""hello\"":\""world\"",\""a.b\"":\""c.d\"",\""bar.b\"":\""uuzz\"",\""bar.a\"":\""ttyy\""}}}},\""bar\"":\""baz\"",\""a.b\"":\""c.d\"",\""properties.bar\"":\""barbar\""}"";
+        assertJsonEqualsNonStrict(expected, serialized);
     }"
microsoft_botbuilder-java,microsoft/botbuilder-java,FlatteningSerializerTests.canFlatten,libraries/bot-connector/src/test/java/com/microsoft/bot/restclient/FlatteningSerializerTests.java,6367769151a712e553b0d83a2baab9b81fe7574e,fix flaky json test (#1367),unknown,False,,257,260,7,False,0.026923076923076925,False,cue_neutral,0,0,{},{},"@Test
    public void canFlatten() throws Exception {
        Foo foo = new Foo();
        foo.bar = ""hello.world"";
        foo.baz = new ArrayList<>();
        foo.baz.add(""hello"");
        foo.baz.add(""hello.world"");
        foo.qux = new HashMap<>();
        foo.qux.put(""hello"", ""world"");
        foo.qux.put(""a.b"", ""c.d"");
        foo.qux.put(""bar.a"", ""ttyy"");
        foo.qux.put(""bar.b"", ""uuzz"");

        JacksonAdapter adapter = new JacksonAdapter();

        // serialization
        String serialized = adapter.serialize(foo);
        Assert.assertEquals(""{\""$type\"":\""foo\"",\""properties\"":{\""bar\"":\""hello.world\"",\""props\"":{\""baz\"":[\""hello\"",\""hello.world\""],\""q\"":{\""qux\"":{\""hello\"":\""world\"",\""a.b\"":\""c.d\"",\""bar.b\"":\""uuzz\"",\""bar.a\"":\""ttyy\""}}}}}"", serialized);

        // deserialization
        Foo deserialized = adapter.deserialize(serialized, Foo.class);
        Assert.assertEquals(""hello.world"", deserialized.bar);
        Assert.assertArrayEquals(new String[]{""hello"", ""hello.world""}, deserialized.baz.toArray());
        Assert.assertNotNull(deserialized.qux);
        Assert.assertEquals(""world"", deserialized.qux.get(""hello""));
        Assert.assertEquals(""c.d"", deserialized.qux.get(""a.b""));
        Assert.assertEquals(""ttyy"", deserialized.qux.get(""bar.a""));
        Assert.assertEquals(""uuzz"", deserialized.qux.get(""bar.b""));
    }","@Test
    public void canFlatten() throws Exception {
        Foo foo = new Foo();
        foo.bar = ""hello.world"";
        foo.baz = new ArrayList<>();
        foo.baz.add(""hello"");
        foo.baz.add(""hello.world"");
        foo.qux = new HashMap<>();
        foo.qux.put(""hello"", ""world"");
        foo.qux.put(""a.b"", ""c.d"");
        foo.qux.put(""bar.a"", ""ttyy"");
        foo.qux.put(""bar.b"", ""uuzz"");

        JacksonAdapter adapter = new JacksonAdapter();

        // serialization
        String serialized = adapter.serialize(foo);
        String expected = ""{\""$type\"":\""foo\"",\""properties\"":{\""bar\"":\""hello.world\"",\""props\"":{\""baz\"":[\""hello\"",\""hello.world\""],\""q\"":{\""qux\"":{\""hello\"":\""world\"",\""a.b\"":\""c.d\"",\""bar.b\"":\""uuzz\"",\""bar.a\"":\""ttyy\""}}}}}"";
        assertJsonEqualsNonStrict(expected, serialized);

        // deserialization
        Foo deserialized = adapter.deserialize(serialized, Foo.class);
        Assert.assertEquals(""hello.world"", deserialized.bar);
        Assert.assertArrayEquals(new String[]{""hello"", ""hello.world""}, deserialized.baz.toArray());
        Assert.assertNotNull(deserialized.qux);
        Assert.assertEquals(""world"", deserialized.qux.get(""hello""));
        Assert.assertEquals(""c.d"", deserialized.qux.get(""a.b""));
        Assert.assertEquals(""ttyy"", deserialized.qux.get(""bar.a""));
        Assert.assertEquals(""uuzz"", deserialized.qux.get(""bar.b""));
    }","--- pre
+++ post
@@ -16,5 +16,6 @@
         // serialization
         String serialized = adapter.serialize(foo);
-        Assert.assertEquals(""{\""$type\"":\""foo\"",\""properties\"":{\""bar\"":\""hello.world\"",\""props\"":{\""baz\"":[\""hello\"",\""hello.world\""],\""q\"":{\""qux\"":{\""hello\"":\""world\"",\""a.b\"":\""c.d\"",\""bar.b\"":\""uuzz\"",\""bar.a\"":\""ttyy\""}}}}}"", serialized);
+        String expected = ""{\""$type\"":\""foo\"",\""properties\"":{\""bar\"":\""hello.world\"",\""props\"":{\""baz\"":[\""hello\"",\""hello.world\""],\""q\"":{\""qux\"":{\""hello\"":\""world\"",\""a.b\"":\""c.d\"",\""bar.b\"":\""uuzz\"",\""bar.a\"":\""ttyy\""}}}}}"";
+        assertJsonEqualsNonStrict(expected, serialized);
 
         // deserialization"
microsoft_botbuilder-java,microsoft/botbuilder-java,FlatteningSerializerTests.canSerializeMapKeysWithDotAndSlash,libraries/bot-connector/src/test/java/com/microsoft/bot/restclient/FlatteningSerializerTests.java,6367769151a712e553b0d83a2baab9b81fe7574e,fix flaky json test (#1367),unknown,False,,35,38,7,False,0.18421052631578946,False,cue_neutral,0,0,{},{},"@Test
    public void canSerializeMapKeysWithDotAndSlash() throws Exception {
        String serialized = new JacksonAdapter().serialize(prepareSchoolModel());
        Assert.assertEquals(""{\""teacher\"":{\""students\"":{\""af.B/D\"":{},\""af.B/C\"":{}}},\""tags\"":{\""foo.aa\"":\""bar\"",\""x.y\"":\""zz\""},\""properties\"":{\""name\"":\""school1\""}}"", serialized);
    }","@Test
    public void canSerializeMapKeysWithDotAndSlash() throws Exception {
        String serialized = new JacksonAdapter().serialize(prepareSchoolModel());
        String expected = ""{\""teacher\"":{\""students\"":{\""af.B/D\"":{},\""af.B/C\"":{}}},\""tags\"":{\""foo.aa\"":\""bar\"",\""x.y\"":\""zz\""},\""properties\"":{\""name\"":\""school1\""}}"";
        assertJsonEqualsNonStrict(expected, serialized);
    }","--- pre
+++ post
@@ -2,4 +2,5 @@
     public void canSerializeMapKeysWithDotAndSlash() throws Exception {
         String serialized = new JacksonAdapter().serialize(prepareSchoolModel());
-        Assert.assertEquals(""{\""teacher\"":{\""students\"":{\""af.B/D\"":{},\""af.B/C\"":{}}},\""tags\"":{\""foo.aa\"":\""bar\"",\""x.y\"":\""zz\""},\""properties\"":{\""name\"":\""school1\""}}"", serialized);
+        String expected = ""{\""teacher\"":{\""students\"":{\""af.B/D\"":{},\""af.B/C\"":{}}},\""tags\"":{\""foo.aa\"":\""bar\"",\""x.y\"":\""zz\""},\""properties\"":{\""name\"":\""school1\""}}"";
+        assertJsonEqualsNonStrict(expected, serialized);
     }"
neo4j_neo4j,neo4j/neo4j,AbstractConstraintCreationIT.shouldNotRemoveConstraintThatGetsReAdded,enterprise/kernel/src/test/java/org/neo4j/kernel/impl/api/integrationtest/AbstractConstraintCreationIT.java,1feb500dad6e51d04fd49981842b4a3ae0a9ba3f,Avoid asynchronous schema cache invalidation which might have made this test flaky,unknown,False,,108,136,28,False,0.20588235294117646,False,cue_added,1,0,{'TimeUnit': 1},{},"@Test
    public void shouldNotRemoveConstraintThatGetsReAdded() throws Exception
    {
        // given
        Constraint constraint;
        {
            SchemaWriteOperations statement = schemaWriteOperationsInNewTransaction();
            constraint = createConstraint( statement, descriptor );
            commit();
        }
        SchemaStateCheck schemaState = new SchemaStateCheck().setUp();
        {
            SchemaWriteOperations statement = schemaWriteOperationsInNewTransaction();

            // when
            dropConstraint( statement, constraint );
            createConstraint( statement, descriptor );
            commit();
        }
        {
            ReadOperations statement = readOperationsInNewTransaction();

            // then
            assertEquals( singletonList( constraint ), asCollection( statement.constraintsGetAll() ) );
            schemaState.assertNotCleared( statement );
        }
    }","@Test
    public void shouldNotRemoveConstraintThatGetsReAdded() throws Exception
    {
        // given
        Constraint constraint;
        {
            SchemaWriteOperations statement = schemaWriteOperationsInNewTransaction();
            constraint = createConstraint( statement, descriptor );
            commit();
        }
        try ( Transaction tx = db.beginTx() )
        {
            // Make sure all schema changes are stable, to avoid any synchronous schema state invalidation
            db.schema().awaitIndexesOnline( 10, TimeUnit.SECONDS );
        }
        SchemaStateCheck schemaState = new SchemaStateCheck().setUp();
        {
            SchemaWriteOperations statement = schemaWriteOperationsInNewTransaction();

            // when
            dropConstraint( statement, constraint );
            createConstraint( statement, descriptor );
            commit();
        }
        {
            ReadOperations statement = readOperationsInNewTransaction();

            // then
            assertEquals( singletonList( constraint ), asCollection( statement.constraintsGetAll() ) );
            schemaState.assertNotCleared( statement );
        }
    }","--- pre
+++ post
@@ -8,4 +8,9 @@
             constraint = createConstraint( statement, descriptor );
             commit();
+        }
+        try ( Transaction tx = db.beginTx() )
+        {
+            // Make sure all schema changes are stable, to avoid any synchronous schema state invalidation
+            db.schema().awaitIndexesOnline( 10, TimeUnit.SECONDS );
         }
         SchemaStateCheck schemaState = new SchemaStateCheck().setUp();"
neo4j_neo4j,neo4j/neo4j,BoltCoreEdgeIT.shouldPickANewServerToWriteToOnLeaderSwitch,integrationtests/src/test/java/org/neo4j/coreedge/scenarios/BoltCoreEdgeIT.java,c77e579b40b0208720d51c5db0a07cb433249447,Fix for wrong condition in flaky BoltCoreEdgeIT,unknown,False,,288,293,17,False,0.05802047781569966,False,cue_added,1,0,{'TimeUnit': 1},{},"@Test
    public void shouldPickANewServerToWriteToOnLeaderSwitch() throws Throwable
    {
        // given
        cluster = clusterRule.withNumberOfEdgeMembers( 0 ).startCluster();

        CoreClusterMember leader = cluster.awaitLeader();

        CountDownLatch startTheLeaderSwitching = new CountDownLatch( 1 );

        Thread thread = new Thread( () ->
        {
            try
            {
                startTheLeaderSwitching.await();
                CoreClusterMember theLeader = cluster.awaitLeader();
                switchLeader( theLeader );
            }
            catch ( TimeoutException | InterruptedException e )
            {
                // ignore
            }
        } );

        thread.start();

        Config config = Config.build().withLogging( new JULogging( Level.OFF ) ).toConfig();
        try ( Driver driver = GraphDatabase
                .driver( leader.routingURI(), AuthTokens.basic( ""neo4j"", ""neo4j"" ), config ) )
        {
            boolean success = false;
            Set<BoltServerAddress> seenAddresses = new HashSet<>();

            long deadline = System.currentTimeMillis() + (30 * 1000);

            while ( !success )
            {
                if ( System.currentTimeMillis() > deadline )
                {
                    fail( ""Failed to write to the new leader in time"" );
                }

                try ( Session session = driver.session( AccessMode.WRITE ) )
                {
                    startTheLeaderSwitching.countDown();
                    BoltServerAddress boltServerAddress = ((RoutingNetworkSession) session).address();

                    seenAddresses.add( boltServerAddress );
                    session.run( ""CREATE (p:Person)"" );
                    success = seenAddresses.size() >= 2;
                }
                catch ( Exception e )
                {
                    Thread.sleep( 100 );
                }
            }
        }
        finally
        {
            thread.join();
        }
    }","@Test
    public void shouldPickANewServerToWriteToOnLeaderSwitch() throws Throwable
    {
        // given
        cluster = clusterRule.withNumberOfEdgeMembers( 0 ).startCluster();

        CoreClusterMember leader = cluster.awaitLeader();

        CountDownLatch startTheLeaderSwitching = new CountDownLatch( 1 );

        Thread thread = new Thread( () ->
        {
            try
            {
                startTheLeaderSwitching.await( DEFAULT_TIMEOUT_MS, TimeUnit.MILLISECONDS );
                CoreClusterMember theLeader = cluster.awaitLeader();
                switchLeader( theLeader );
            }
            catch ( TimeoutException | InterruptedException e )
            {
                // ignore
            }
        } );

        thread.start();

        Config config = Config.build().withLogging( new JULogging( Level.OFF ) ).toConfig();
        try ( Driver driver = GraphDatabase
                .driver( leader.routingURI(), AuthTokens.basic( ""neo4j"", ""neo4j"" ), config ) )
        {
            boolean success = false;
            Set<BoltServerAddress> seenAddresses = new HashSet<>();

            long deadline = System.currentTimeMillis() + (30 * 1000);

            while ( !success )
            {
                if ( System.currentTimeMillis() > deadline )
                {
                    fail( ""Failed to write to the new leader in time"" );
                }

                try ( Session session = driver.session( AccessMode.WRITE ) )
                {
                    BoltServerAddress boltServerAddress = ((RoutingNetworkSession) session).address();

                    seenAddresses.add( boltServerAddress );
                    session.run( ""CREATE (p:Person)"" );
                    success = seenAddresses.size() >= 2;
                }
                catch ( Exception e )
                {
                    Thread.sleep( 100 );
                }

                /*
                 * Having the latch release here ensures that we've done at least one pass through the loop, which means
                 * we've completed a connection before the forced master switch.
                 */
                startTheLeaderSwitching.countDown();
            }
        }
        finally
        {
            thread.join();
        }
    }","--- pre
+++ post
@@ -13,5 +13,5 @@
             try
             {
-                startTheLeaderSwitching.await();
+                startTheLeaderSwitching.await( DEFAULT_TIMEOUT_MS, TimeUnit.MILLISECONDS );
                 CoreClusterMember theLeader = cluster.awaitLeader();
                 switchLeader( theLeader );
@@ -43,5 +43,4 @@
                 try ( Session session = driver.session( AccessMode.WRITE ) )
                 {
-                    startTheLeaderSwitching.countDown();
                     BoltServerAddress boltServerAddress = ((RoutingNetworkSession) session).address();
 
@@ -54,4 +53,10 @@
                     Thread.sleep( 100 );
                 }
+
+                /*
+                 * Having the latch release here ensures that we've done at least one pass through the loop, which means
+                 * we've completed a connection before the forced master switch.
+                 */
+                startTheLeaderSwitching.countDown();
             }
         }"
neo4j_neo4j,neo4j/neo4j,ExecutorBoltSchedulerTest.createdWorkerThreadsShouldContainConnectorName,community/bolt/src/test/java/org/neo4j/bolt/runtime/ExecutorBoltSchedulerTest.java,bfaea9cd21515129b627bbdc6b0b886f826854d6,Fix flaky test in `ExecutorBoltSchedulerTest` Fixed the flaky test in `ExecutorBoltSchedulerTest#createdWorkerThreadsShouldContainConnectorName` due to thread race condition. The test requires `Execut,unknown,False,,248,269,35,False,0.13011152416356878,False,cue_neutral,0,0,{},{},"@Test
    public void createdWorkerThreadsShouldContainConnectorName() throws Exception
    {
        AtomicInteger processNextBatchCount = new AtomicInteger();
        AtomicReference<Thread> poolThread = new AtomicReference<>();
        AtomicReference<String> poolThreadName = new AtomicReference<>();

        String id = UUID.randomUUID().toString();
        BoltConnection connection = newConnection( id );
        when( connection.processNextBatch() ).thenAnswer( inv ->
        {
            poolThread.set( Thread.currentThread() );
            poolThreadName.set( Thread.currentThread().getName() );
            processNextBatchCount.incrementAndGet();
            return true;
        } );

        boltScheduler.start();
        boltScheduler.created( connection );
        boltScheduler.enqueued( connection, Jobs.noop() );

        Predicates.await( () -> processNextBatchCount.get() > 0, 1, MINUTES );

        assertThat( poolThread.get().getName(), not( equalTo( poolThreadName.get() ) ) );
        assertThat( poolThread.get().getName(), containsString( String.format( ""[%s]"", CONNECTOR_KEY ) ) );
        assertThat( poolThread.get().getName(), not( containsString( String.format( ""[%s]"", connection.remoteAddress() ) ) ) );
    }","@Test
    public void createdWorkerThreadsShouldContainConnectorName() throws Exception
    {
        AtomicInteger executeBatchCompletionCount = new AtomicInteger();
        AtomicReference<Thread> poolThread = new AtomicReference<>();
        AtomicReference<String> poolThreadName = new AtomicReference<>();

        String id = UUID.randomUUID().toString();
        BoltConnection connection = newConnection( id );
        when ( connection.hasPendingJobs() ).thenAnswer( inv ->
        {
            executeBatchCompletionCount.incrementAndGet();
            return false;
        });
        when( connection.processNextBatch() ).thenAnswer( inv ->
        {
            poolThread.set( Thread.currentThread() );
            poolThreadName.set( Thread.currentThread().getName() );
            return true;
        } );

        boltScheduler.start();
        boltScheduler.created( connection );
        boltScheduler.enqueued( connection, Jobs.noop() );

        Predicates.await( () -> executeBatchCompletionCount.get() > 0, 1, MINUTES );

        assertThat( poolThread.get().getName(), not( equalTo( poolThreadName.get() ) ) );
        assertThat( poolThread.get().getName(), containsString( String.format( ""[%s]"", CONNECTOR_KEY ) ) );
        assertThat( poolThread.get().getName(), not( containsString( String.format( ""[%s]"", connection.remoteAddress() ) ) ) );
    }","--- pre
+++ post
@@ -2,5 +2,5 @@
     public void createdWorkerThreadsShouldContainConnectorName() throws Exception
     {
-        AtomicInteger processNextBatchCount = new AtomicInteger();
+        AtomicInteger executeBatchCompletionCount = new AtomicInteger();
         AtomicReference<Thread> poolThread = new AtomicReference<>();
         AtomicReference<String> poolThreadName = new AtomicReference<>();
@@ -8,9 +8,13 @@
         String id = UUID.randomUUID().toString();
         BoltConnection connection = newConnection( id );
+        when ( connection.hasPendingJobs() ).thenAnswer( inv ->
+        {
+            executeBatchCompletionCount.incrementAndGet();
+            return false;
+        });
         when( connection.processNextBatch() ).thenAnswer( inv ->
         {
             poolThread.set( Thread.currentThread() );
             poolThreadName.set( Thread.currentThread().getName() );
-            processNextBatchCount.incrementAndGet();
             return true;
         } );
@@ -20,5 +24,5 @@
         boltScheduler.enqueued( connection, Jobs.noop() );
 
-        Predicates.await( () -> processNextBatchCount.get() > 0, 1, MINUTES );
+        Predicates.await( () -> executeBatchCompletionCount.get() > 0, 1, MINUTES );
 
         assertThat( poolThread.get().getName(), not( equalTo( poolThreadName.get() ) ) );"
neo4j_neo4j,neo4j/neo4j,LinkedQueuePoolTest.shouldBuildUpGracefullyUntilReachedMinPoolSize,community/primitive-collections/src/test/java/org/neo4j/collection/pool/LinkedQueuePoolTest.java,f87f40354d63a12e0ae944e26c576c11b549de97,Fixes stability of and simplifies LinkedQueuePoolTest,unknown,False,,146,118,28,False,0.1917808219178082,False,cue_removed,0,4,{},"{'ExecutorService': 1, 'Executors': 1, 'awaitTermination': 1, 'TimeUnit': 1}","@Test
    public void shouldBuildUpGracefullyUntilReachedMinPoolSize() throws InterruptedException
    {
        // GIVEN
        StatefulMonitor stateMonitor = new StatefulMonitor();
        FakeClock clock = new FakeClock();
        final LinkedQueuePool<Object> pool = getLinkedQueuePool( stateMonitor, clock, 5 );
        ExecutorService executor = Executors.newCachedThreadPool();

        // WHEN
        List<FlyweightHolder<Object>> flyweightHolders = acquireFromPool( pool, 5, executor );

        executor.shutdown();
        for ( FlyweightHolder<Object> flyweightHolder : flyweightHolders )
        {
            flyweightHolder.release();
        }
        executor.awaitTermination( 10, TimeUnit.SECONDS );

        // THEN
        // clock didn't tick, these two are not set
        assertEquals( -1, stateMonitor.currentPeakSize.get() );
        assertEquals( -1, stateMonitor.targetSize.get() );
        // no disposed happened, since the count to update is 5
        assertEquals( 0, stateMonitor.disposed.get() );
    }","@Test
    public void shouldBuildUpGracefullyUntilReachedMinPoolSize() throws InterruptedException
    {
        // GIVEN
        StatefulMonitor stateMonitor = new StatefulMonitor();
        FakeClock clock = new FakeClock();
        final LinkedQueuePool<Object> pool = getLinkedQueuePool( stateMonitor, clock, 5 );

        // WHEN
        List<FlyweightHolder<Object>> flyweightHolders = acquireFromPool( pool, 5 );
        for ( FlyweightHolder<Object> flyweightHolder : flyweightHolders )
        {
            flyweightHolder.release();
        }

        // THEN
        // clock didn't tick, these two are not set
        assertEquals( -1, stateMonitor.currentPeakSize.get() );
        assertEquals( -1, stateMonitor.targetSize.get() );
        // no disposed happened, since the count to update is 5
        assertEquals( 0, stateMonitor.disposed.get() );
    }","--- pre
+++ post
@@ -6,15 +6,11 @@
         FakeClock clock = new FakeClock();
         final LinkedQueuePool<Object> pool = getLinkedQueuePool( stateMonitor, clock, 5 );
-        ExecutorService executor = Executors.newCachedThreadPool();
 
         // WHEN
-        List<FlyweightHolder<Object>> flyweightHolders = acquireFromPool( pool, 5, executor );
-
-        executor.shutdown();
+        List<FlyweightHolder<Object>> flyweightHolders = acquireFromPool( pool, 5 );
         for ( FlyweightHolder<Object> flyweightHolder : flyweightHolders )
         {
             flyweightHolder.release();
         }
-        executor.awaitTermination( 10, TimeUnit.SECONDS );
 
         // THEN"
neo4j_neo4j,neo4j/neo4j,LinkedQueuePoolTest.shouldBuildUpGracefullyWhilePassingMinPoolSizeBeforeTimerRings,community/primitive-collections/src/test/java/org/neo4j/collection/pool/LinkedQueuePoolTest.java,f87f40354d63a12e0ae944e26c576c11b549de97,Fixes stability of and simplifies LinkedQueuePoolTest,unknown,False,,159,131,28,False,0.1761006289308176,False,cue_removed,0,4,{},"{'ExecutorService': 1, 'Executors': 1, 'awaitTermination': 1, 'TimeUnit': 1}","@Test
    public void shouldBuildUpGracefullyWhilePassingMinPoolSizeBeforeTimerRings() throws InterruptedException
    {
        // GIVEN
        StatefulMonitor stateMonitor = new StatefulMonitor();
        FakeClock clock = new FakeClock();
        final LinkedQueuePool<Object> pool = getLinkedQueuePool( stateMonitor, clock, 5 );
        ExecutorService executor = Executors.newCachedThreadPool();

        // WHEN
        List<FlyweightHolder<Object>> flyweightHolders = acquireFromPool( pool, 15, executor );

        executor.shutdown();
        for ( FlyweightHolder<Object> flyweightHolder : flyweightHolders )
        {
            flyweightHolder.release();
        }
        executor.awaitTermination( 10, TimeUnit.SECONDS );

        // THEN
        // The clock hasn't ticked, so these two should be unset
        assertEquals( -1, stateMonitor.currentPeakSize.get() );
        assertEquals( -1, stateMonitor.targetSize.get() );
        // We obviously created 15 threads
        assertEquals( 15, stateMonitor.created.get() );
        // And of those 10 are not needed and therefore disposed on release (min size is 5)
        assertEquals( 10, stateMonitor.disposed.get() );
    }","@Test
    public void shouldBuildUpGracefullyWhilePassingMinPoolSizeBeforeTimerRings() throws InterruptedException
    {
        // GIVEN
        StatefulMonitor stateMonitor = new StatefulMonitor();
        FakeClock clock = new FakeClock();
        final LinkedQueuePool<Object> pool = getLinkedQueuePool( stateMonitor, clock, 5 );

        // WHEN
        List<FlyweightHolder<Object>> flyweightHolders = acquireFromPool( pool, 15 );
        for ( FlyweightHolder<Object> flyweightHolder : flyweightHolders )
        {
            flyweightHolder.release();
        }

        // THEN
        // The clock hasn't ticked, so these two should be unset
        assertEquals( -1, stateMonitor.currentPeakSize.get() );
        assertEquals( -1, stateMonitor.targetSize.get() );
        // We obviously created 15 threads
        assertEquals( 15, stateMonitor.created.get() );
        // And of those 10 are not needed and therefore disposed on release (min size is 5)
        assertEquals( 10, stateMonitor.disposed.get() );
    }","--- pre
+++ post
@@ -6,15 +6,11 @@
         FakeClock clock = new FakeClock();
         final LinkedQueuePool<Object> pool = getLinkedQueuePool( stateMonitor, clock, 5 );
-        ExecutorService executor = Executors.newCachedThreadPool();
 
         // WHEN
-        List<FlyweightHolder<Object>> flyweightHolders = acquireFromPool( pool, 15, executor );
-
-        executor.shutdown();
+        List<FlyweightHolder<Object>> flyweightHolders = acquireFromPool( pool, 15 );
         for ( FlyweightHolder<Object> flyweightHolder : flyweightHolders )
         {
             flyweightHolder.release();
         }
-        executor.awaitTermination( 10, TimeUnit.SECONDS );
 
         // THEN"
neo4j_neo4j,neo4j/neo4j,LinkedQueuePoolTest.shouldKeepSmallPeakAndNeverDisposeIfAcquireAndReleaseContinuously,community/primitive-collections/src/test/java/org/neo4j/collection/pool/LinkedQueuePoolTest.java,f87f40354d63a12e0ae944e26c576c11b549de97,Fixes stability of and simplifies LinkedQueuePoolTest,unknown,False,,185,137,48,False,0.2594594594594595,False,cue_removed,0,7,{},"{'ExecutorService': 1, 'Executors': 1, 'CountDownLatch': 2, 'await': 1, 'awaitTermination': 1, 'TimeUnit': 1}","@Test
    public void shouldKeepSmallPeakAndNeverDisposeIfAcquireAndReleaseContinuously() throws Exception
    {
        // given
        final int MIN_SIZE = 1;

        StatefulMonitor stateMonitor = new StatefulMonitor();
        FakeClock clock = new FakeClock();
        final LinkedQueuePool<Object> pool = getLinkedQueuePool( stateMonitor, clock, MIN_SIZE );
        ExecutorService executor = Executors.newCachedThreadPool();

        // when
        for ( int i = 0; i < 200; i++ )
        {
            List<FlyweightHolder<Object>> newOnes = acquireFromPool( pool, 1, executor );
            CountDownLatch release = new CountDownLatch( newOnes.size() );
            for ( FlyweightHolder newOne : newOnes )
            {
                newOne.release( release );
            }
            release.await();
        }

        executor.shutdown();
        executor.awaitTermination( 10, TimeUnit.SECONDS );

        // then
        assertEquals( -1, stateMonitor.currentPeakSize.get() ); // no alarm has rung, -1 is the default
        assertEquals( 1, stateMonitor.created.get() );
        assertEquals( 0, stateMonitor.disposed.get() ); // we should always be below min size, so 0 dispose calls
    }","@Test
    public void shouldKeepSmallPeakAndNeverDisposeIfAcquireAndReleaseContinuously() throws Exception
    {
        // given
        final int MIN_SIZE = 1;

        StatefulMonitor stateMonitor = new StatefulMonitor();
        FakeClock clock = new FakeClock();
        final LinkedQueuePool<Object> pool = getLinkedQueuePool( stateMonitor, clock, MIN_SIZE );
        // when
        for ( int i = 0; i < 200; i++ )
        {
            List<FlyweightHolder<Object>> newOnes = acquireFromPool( pool, 1 );
            for ( FlyweightHolder newOne : newOnes )
            {
                newOne.release();
            }
        }

        // then
        assertEquals( -1, stateMonitor.currentPeakSize.get() ); // no alarm has rung, -1 is the default
        assertEquals( 1, stateMonitor.created.get() );
        assertEquals( 0, stateMonitor.disposed.get() ); // we should always be below min size, so 0 dispose calls
    }","--- pre
+++ post
@@ -8,20 +8,13 @@
         FakeClock clock = new FakeClock();
         final LinkedQueuePool<Object> pool = getLinkedQueuePool( stateMonitor, clock, MIN_SIZE );
-        ExecutorService executor = Executors.newCachedThreadPool();
-
         // when
         for ( int i = 0; i < 200; i++ )
         {
-            List<FlyweightHolder<Object>> newOnes = acquireFromPool( pool, 1, executor );
-            CountDownLatch release = new CountDownLatch( newOnes.size() );
+            List<FlyweightHolder<Object>> newOnes = acquireFromPool( pool, 1 );
             for ( FlyweightHolder newOne : newOnes )
             {
-                newOne.release( release );
+                newOne.release();
             }
-            release.await();
         }
-
-        executor.shutdown();
-        executor.awaitTermination( 10, TimeUnit.SECONDS );
 
         // then"
neo4j_neo4j,neo4j/neo4j,LinkedQueuePoolTest.shouldMaintainPoolAtHighWatermarkWhenConcurrentUsagePassesMinSize,community/primitive-collections/src/test/java/org/neo4j/collection/pool/LinkedQueuePoolTest.java,f87f40354d63a12e0ae944e26c576c11b549de97,Fixes stability of and simplifies LinkedQueuePoolTest,unknown,False,,236,225,59,False,0.25,False,cue_removed,0,7,{},"{'ExecutorService': 1, 'Executors': 1, 'TimeUnit': 1, 'CountDownLatch': 2, 'await': 1, 'awaitTermination': 1}","@Test
    public void shouldMaintainPoolAtHighWatermarkWhenConcurrentUsagePassesMinSize() throws Exception
    {
        // given
        final int MIN_SIZE = 50;
        final int MAX_SIZE = 200;
        final int MID_SIZE = 90;

        StatefulMonitor stateMonitor = new StatefulMonitor();
        FakeClock clock = new FakeClock();
        final LinkedQueuePool<Object> pool = getLinkedQueuePool( stateMonitor, clock, MIN_SIZE );
        List<FlyweightHolder<Object>> holders = new LinkedList<>();
        ExecutorService executor = Executors.newCachedThreadPool();

        buildAPeakOfAcquiredFlyweightsAndTriggerAlarmWithSideEffects( MAX_SIZE, clock, pool, holders, executor );

        // when
        // After the peak, stay at MID_SIZE concurrent usage, using up all already present Flyweights in the process
        // but also keeping the high watermark above the MIN_SIZE
        clock.forward( 110, TimeUnit.MILLISECONDS );
        // Requires some rounds to happen, since there is constant racing between releasing and acquiring which does
        // not always result in reaping of Flyweights, as there is reuse
        for ( int i = 0; i < 10; i++ )
        {
            // The latch is necessary to reduce races between batches
            CountDownLatch release = new CountDownLatch( MID_SIZE );
            for ( FlyweightHolder holder : acquireFromPool( pool, MID_SIZE, executor ) )
            {
                holder.release( release );
            }
            release.await();
            clock.forward( 110, TimeUnit.MILLISECONDS );
        }

        executor.shutdown();
        executor.awaitTermination( 10, TimeUnit.SECONDS );


        // then
        // currentPeakSize should be at MID_SIZE
        assertEquals( MID_SIZE, stateMonitor.currentPeakSize.get() );
        // target size too
        assertEquals( MID_SIZE, stateMonitor.targetSize.get() );
        // only the excess from the MAX_SIZE down to mid size must have been disposed
        // +1 for the alarm from buildAPeakOfAcquiredFlyweightsAndTriggerAlarmWithSideEffects
        assertEquals( MAX_SIZE - MID_SIZE + 1, stateMonitor.disposed.get() );
    }","@Test
    public void shouldMaintainPoolAtHighWatermarkWhenConcurrentUsagePassesMinSize() throws Exception
    {
        // given
        final int MIN_SIZE = 50;
        final int MAX_SIZE = 200;
        final int MID_SIZE = 90;

        StatefulMonitor stateMonitor = new StatefulMonitor();
        FakeClock clock = new FakeClock();
        final LinkedQueuePool<Object> pool = getLinkedQueuePool( stateMonitor, clock, MIN_SIZE );
        List<FlyweightHolder<Object>> holders = new LinkedList<>();

        // when
        buildAPeakOfAcquiredFlyweightsAndTriggerAlarmWithSideEffects( MAX_SIZE, clock, pool, holders );

        // then
        assertEquals( MAX_SIZE + 1, stateMonitor.currentPeakSize.get() ); // the peak method above does +1 on the peak

        // when
        /* After the peak, stay at MID_SIZE concurrent usage, using up all already present Flyweights in the process
         * but also keeping the high watermark above the MIN_SIZE
         * We must do this at least twice, since the counter for disposed is incremented once per release, if appropriate,
         * and only after the clock has ticked. Essentially this is one loop for reducing the watermark down to
         * mid size and one more loop to dispose of all excess resources. That does indeed mean that there is a lag
         * of one clock tick before resources are disposed. If this is a bug or not remains to be seen.
         */
        for ( int i = 0; i < 2; i++ )
        {
            clock.forward( 110, TimeUnit.MILLISECONDS );
            for ( FlyweightHolder holder : acquireFromPool( pool, MID_SIZE ) )
            {
                holder.release();
            }
            clock.forward( 110, TimeUnit.MILLISECONDS );
            for ( FlyweightHolder holder : acquireFromPool( pool, MID_SIZE ) )
            {
                holder.release();
            }
        }

        // then
        // currentPeakSize should be at MID_SIZE
        assertEquals( MID_SIZE, stateMonitor.currentPeakSize.get() );
        // target size too
        assertEquals( MID_SIZE, stateMonitor.targetSize.get() );
        // only the excess from the MAX_SIZE down to mid size must have been disposed
        // +1 for the alarm from buildAPeakOfAcquiredFlyweightsAndTriggerAlarmWithSideEffects
        assertEquals( MAX_SIZE - MID_SIZE + 1, stateMonitor.disposed.get() );
    }","--- pre
+++ post
@@ -11,29 +11,32 @@
         final LinkedQueuePool<Object> pool = getLinkedQueuePool( stateMonitor, clock, MIN_SIZE );
         List<FlyweightHolder<Object>> holders = new LinkedList<>();
-        ExecutorService executor = Executors.newCachedThreadPool();
-
-        buildAPeakOfAcquiredFlyweightsAndTriggerAlarmWithSideEffects( MAX_SIZE, clock, pool, holders, executor );
 
         // when
-        // After the peak, stay at MID_SIZE concurrent usage, using up all already present Flyweights in the process
-        // but also keeping the high watermark above the MIN_SIZE
-        clock.forward( 110, TimeUnit.MILLISECONDS );
-        // Requires some rounds to happen, since there is constant racing between releasing and acquiring which does
-        // not always result in reaping of Flyweights, as there is reuse
-        for ( int i = 0; i < 10; i++ )
+        buildAPeakOfAcquiredFlyweightsAndTriggerAlarmWithSideEffects( MAX_SIZE, clock, pool, holders );
+
+        // then
+        assertEquals( MAX_SIZE + 1, stateMonitor.currentPeakSize.get() ); // the peak method above does +1 on the peak
+
+        // when
+        /* After the peak, stay at MID_SIZE concurrent usage, using up all already present Flyweights in the process
+         * but also keeping the high watermark above the MIN_SIZE
+         * We must do this at least twice, since the counter for disposed is incremented once per release, if appropriate,
+         * and only after the clock has ticked. Essentially this is one loop for reducing the watermark down to
+         * mid size and one more loop to dispose of all excess resources. That does indeed mean that there is a lag
+         * of one clock tick before resources are disposed. If this is a bug or not remains to be seen.
+         */
+        for ( int i = 0; i < 2; i++ )
         {
-            // The latch is necessary to reduce races between batches
-            CountDownLatch release = new CountDownLatch( MID_SIZE );
-            for ( FlyweightHolder holder : acquireFromPool( pool, MID_SIZE, executor ) )
+            clock.forward( 110, TimeUnit.MILLISECONDS );
+            for ( FlyweightHolder holder : acquireFromPool( pool, MID_SIZE ) )
             {
-                holder.release( release );
+                holder.release();
             }
-            release.await();
             clock.forward( 110, TimeUnit.MILLISECONDS );
+            for ( FlyweightHolder holder : acquireFromPool( pool, MID_SIZE ) )
+            {
+                holder.release();
+            }
         }
-
-        executor.shutdown();
-        executor.awaitTermination( 10, TimeUnit.SECONDS );
-
 
         // then"
neo4j_neo4j,neo4j/neo4j,LinkedQueuePoolTest.shouldReclaimAndRecreateWhenLullBetweenSpikesOccurs,community/primitive-collections/src/test/java/org/neo4j/collection/pool/LinkedQueuePoolTest.java,f87f40354d63a12e0ae944e26c576c11b549de97,Fixes stability of and simplifies LinkedQueuePoolTest,unknown,False,,339,265,78,False,0.23008849557522124,False,cue_removed,0,11,{},"{'clock': 1, 'ExecutorService': 1, 'Executors': 2, 'TimeUnit': 2, 'CountDownLatch': 2, 'await': 1, 'awaitTermination': 2}","@Test
    public void shouldReclaimAndRecreateWhenLullBetweenSpikesOccurs() throws Exception
    {
        // given
        final int MIN_SIZE = 50;
        final int BELOW_MIN_SIZE = MIN_SIZE / 5;
        final int MAX_SIZE = 200;

        StatefulMonitor stateMonitor = new StatefulMonitor();
        FakeClock clock = new FakeClock();
        final LinkedQueuePool<Object> pool = getLinkedQueuePool( stateMonitor, clock, MIN_SIZE );
        List<FlyweightHolder<Object>> holders = new LinkedList<>();
        ExecutorService executor = Executors.newCachedThreadPool();

        buildAPeakOfAcquiredFlyweightsAndTriggerAlarmWithSideEffects( MAX_SIZE, clock, pool, holders, executor );

        // when
        // After the peak, stay well below concurrent usage, using up all already present Flyweights in the process
        clock.forward( 110, TimeUnit.MILLISECONDS );
        // Requires some rounds to happen, since there is constant racing between releasing and acquiring which does
        // not always result in reaping of Flyweights, as there is reuse
        for ( int i = 0; i < 30; i++ )
        {
            // The latch is necessary to reduce races between batches
            CountDownLatch release = new CountDownLatch( BELOW_MIN_SIZE );
            for ( FlyweightHolder holder : acquireFromPool( pool, BELOW_MIN_SIZE, executor ) )
            {
                holder.release( release );
            }
            release.await();
            clock.forward( 110, TimeUnit.MILLISECONDS );
        }

        executor.shutdown();
        executor.awaitTermination( 10, TimeUnit.SECONDS );

        // then
        // currentPeakSize should be at MIN_SIZE / 5
        assertTrue( ""Expected "" + stateMonitor.currentPeakSize.get() + "" <= "" + BELOW_MIN_SIZE,
                stateMonitor.currentPeakSize.get() <= BELOW_MIN_SIZE );
        // target size should remain at MIN_SIZE
        assertEquals( MIN_SIZE, stateMonitor.targetSize.get() );
        // only the excess from the MAX_SIZE down to min size must have been disposed
        // +1 for the alarm from buildAPeakOfAcquiredFlyweightsAndTriggerAlarmWithSideEffects
        assertEquals( MAX_SIZE - MIN_SIZE + 1, stateMonitor.disposed.get() );

        stateMonitor.created.set( 0 );
        stateMonitor.disposed.set( 0 );

        // when
        // After the lull, recreate a peak
        executor = Executors.newCachedThreadPool();
        buildAPeakOfAcquiredFlyweightsAndTriggerAlarmWithSideEffects( MAX_SIZE, clock, pool, holders, executor );

        executor.shutdown();
        executor.awaitTermination( 10, TimeUnit.SECONDS );

        // then
        assertEquals( MAX_SIZE - MIN_SIZE + 1, stateMonitor.created.get() );
        assertEquals( 0, stateMonitor.disposed.get() );

    }","@Test
    public void shouldReclaimAndRecreateWhenLullBetweenSpikesOccurs() throws Exception
    {
        // given
        final int MIN_SIZE = 50;
        final int BELOW_MIN_SIZE = MIN_SIZE / 5;
        final int MAX_SIZE = 200;

        StatefulMonitor stateMonitor = new StatefulMonitor();
        FakeClock clock = new FakeClock();
        final LinkedQueuePool<Object> pool = getLinkedQueuePool( stateMonitor, clock, MIN_SIZE );
        List<FlyweightHolder<Object>> holders = new LinkedList<>();
        buildAPeakOfAcquiredFlyweightsAndTriggerAlarmWithSideEffects( MAX_SIZE, clock, pool, holders );

        // when
        // After the peak, stay well below concurrent usage, using up all already present Flyweights in the process
        clock.forward( 110, TimeUnit.MILLISECONDS );
        // Requires some rounds to happen, since there is constant racing between releasing and acquiring which does
        // not always result in reaping of Flyweights, as there is reuse
        for ( int i = 0; i < 30; i++ )
        {
            // The latch is necessary to reduce races between batches
            for ( FlyweightHolder holder : acquireFromPool( pool, BELOW_MIN_SIZE ) )
            {
                holder.release( );
            }
            clock.forward( 110, TimeUnit.MILLISECONDS );
        }

        // then
        // currentPeakSize should be at MIN_SIZE / 5
        assertTrue( ""Expected "" + stateMonitor.currentPeakSize.get() + "" <= "" + BELOW_MIN_SIZE,
                stateMonitor.currentPeakSize.get() <= BELOW_MIN_SIZE );
        // target size should remain at MIN_SIZE
        assertEquals( MIN_SIZE, stateMonitor.targetSize.get() );
        // only the excess from the MAX_SIZE down to min size must have been disposed
        // +1 for the alarm from buildAPeakOfAcquiredFlyweightsAndTriggerAlarmWithSideEffects
        assertEquals( MAX_SIZE - MIN_SIZE + 1, stateMonitor.disposed.get() );

        stateMonitor.created.set( 0 );
        stateMonitor.disposed.set( 0 );

        // when
        // After the lull, recreate a peak
        holders.addAll( acquireFromPool( pool, MAX_SIZE ) );

        // then
        assertEquals( MAX_SIZE - MIN_SIZE , stateMonitor.created.get() );
        assertEquals( 0, stateMonitor.disposed.get() );
    }","--- pre
+++ post
@@ -11,7 +11,5 @@
         final LinkedQueuePool<Object> pool = getLinkedQueuePool( stateMonitor, clock, MIN_SIZE );
         List<FlyweightHolder<Object>> holders = new LinkedList<>();
-        ExecutorService executor = Executors.newCachedThreadPool();
-
-        buildAPeakOfAcquiredFlyweightsAndTriggerAlarmWithSideEffects( MAX_SIZE, clock, pool, holders, executor );
+        buildAPeakOfAcquiredFlyweightsAndTriggerAlarmWithSideEffects( MAX_SIZE, clock, pool, holders );
 
         // when
@@ -23,15 +21,10 @@
         {
             // The latch is necessary to reduce races between batches
-            CountDownLatch release = new CountDownLatch( BELOW_MIN_SIZE );
-            for ( FlyweightHolder holder : acquireFromPool( pool, BELOW_MIN_SIZE, executor ) )
+            for ( FlyweightHolder holder : acquireFromPool( pool, BELOW_MIN_SIZE ) )
             {
-                holder.release( release );
+                holder.release( );
             }
-            release.await();
             clock.forward( 110, TimeUnit.MILLISECONDS );
         }
-
-        executor.shutdown();
-        executor.awaitTermination( 10, TimeUnit.SECONDS );
 
         // then
@@ -50,13 +43,8 @@
         // when
         // After the lull, recreate a peak
-        executor = Executors.newCachedThreadPool();
-        buildAPeakOfAcquiredFlyweightsAndTriggerAlarmWithSideEffects( MAX_SIZE, clock, pool, holders, executor );
-
-        executor.shutdown();
-        executor.awaitTermination( 10, TimeUnit.SECONDS );
+        holders.addAll( acquireFromPool( pool, MAX_SIZE ) );
 
         // then
-        assertEquals( MAX_SIZE - MIN_SIZE + 1, stateMonitor.created.get() );
+        assertEquals( MAX_SIZE - MIN_SIZE , stateMonitor.created.get() );
         assertEquals( 0, stateMonitor.disposed.get() );
-
     }"
neo4j_neo4j,neo4j/neo4j,LinkedQueuePoolTest.shouldSlowlyReduceTheNumberOfFlyweightsInThePoolWhenFlyweightsAreReleased,community/primitive-collections/src/test/java/org/neo4j/collection/pool/LinkedQueuePoolTest.java,f87f40354d63a12e0ae944e26c576c11b549de97,Fixes stability of and simplifies LinkedQueuePoolTest,unknown,False,,199,169,30,False,0.1507537688442211,False,cue_removed,0,4,{},"{'ExecutorService': 1, 'Executors': 1, 'TimeUnit': 1, 'awaitTermination': 1}","@Test
    public void shouldSlowlyReduceTheNumberOfFlyweightsInThePoolWhenFlyweightsAreReleased() throws Exception
    {
        // given
        final int MIN_SIZE = 50;
        final int MAX_SIZE = 200;

        StatefulMonitor stateMonitor = new StatefulMonitor();
        FakeClock clock = new FakeClock();
        final LinkedQueuePool<Object> pool = getLinkedQueuePool( stateMonitor, clock, MIN_SIZE );
        List<FlyweightHolder<Object>> holders = new LinkedList<>();
        ExecutorService executor = Executors.newCachedThreadPool();

        buildAPeakOfAcquiredFlyweightsAndTriggerAlarmWithSideEffects( MAX_SIZE, clock, pool, holders, executor );

        // when
        // After the peak, stay below MIN_SIZE concurrent usage, using up all already present Flyweights.
        clock.forward( 110, TimeUnit.MILLISECONDS );
        for ( int i = 0; i < MAX_SIZE; i++ )
        {
            acquireFromPool( pool, 1, executor ).get( 0 ).release();
        }

        executor.shutdown();
        executor.awaitTermination( 10, TimeUnit.SECONDS );

        // then

        // currentPeakSize must have reset from the latest alarm to MIN_SIZE.
        assertEquals( 1, stateMonitor.currentPeakSize.get() ); // Alarm
        // targetSize must be set to MIN_SIZE since currentPeakSize was that 2 alarms ago and didn't increase
        assertEquals( MIN_SIZE, stateMonitor.targetSize.get() );
        // Only pooled Flyweights must be used, disposing what is in excess
        // +1 for the alarm from buildAPeakOfAcquiredFlyweightsAndTriggerAlarmWithSideEffects
        assertEquals( MAX_SIZE - MIN_SIZE + 1, stateMonitor.disposed.get() );
    }","@Test
    public void shouldSlowlyReduceTheNumberOfFlyweightsInThePoolWhenFlyweightsAreReleased() throws Exception
    {
        // given
        final int MIN_SIZE = 50;
        final int MAX_SIZE = 200;

        StatefulMonitor stateMonitor = new StatefulMonitor();
        FakeClock clock = new FakeClock();
        final LinkedQueuePool<Object> pool = getLinkedQueuePool( stateMonitor, clock, MIN_SIZE );
        List<FlyweightHolder<Object>> holders = new LinkedList<>();
        buildAPeakOfAcquiredFlyweightsAndTriggerAlarmWithSideEffects( MAX_SIZE, clock, pool, holders );

        // when
        // After the peak, stay below MIN_SIZE concurrent usage, using up all already present Flyweights.
        clock.forward( 110, TimeUnit.MILLISECONDS );
        for ( int i = 0; i < MAX_SIZE; i++ )
        {
            acquireFromPool( pool, 1 ).get( 0 ).release();
        }

        // then

        // currentPeakSize must have reset from the latest alarm to MIN_SIZE.
        assertEquals( 1, stateMonitor.currentPeakSize.get() ); // Alarm
        // targetSize must be set to MIN_SIZE since currentPeakSize was that 2 alarms ago and didn't increase
        assertEquals( MIN_SIZE, stateMonitor.targetSize.get() );
        // Only pooled Flyweights must be used, disposing what is in excess
        // +1 for the alarm from buildAPeakOfAcquiredFlyweightsAndTriggerAlarmWithSideEffects
        assertEquals( MAX_SIZE - MIN_SIZE + 1, stateMonitor.disposed.get() );
    }","--- pre
+++ post
@@ -10,7 +10,5 @@
         final LinkedQueuePool<Object> pool = getLinkedQueuePool( stateMonitor, clock, MIN_SIZE );
         List<FlyweightHolder<Object>> holders = new LinkedList<>();
-        ExecutorService executor = Executors.newCachedThreadPool();
-
-        buildAPeakOfAcquiredFlyweightsAndTriggerAlarmWithSideEffects( MAX_SIZE, clock, pool, holders, executor );
+        buildAPeakOfAcquiredFlyweightsAndTriggerAlarmWithSideEffects( MAX_SIZE, clock, pool, holders );
 
         // when
@@ -19,9 +17,6 @@
         for ( int i = 0; i < MAX_SIZE; i++ )
         {
-            acquireFromPool( pool, 1, executor ).get( 0 ).release();
+            acquireFromPool( pool, 1 ).get( 0 ).release();
         }
-
-        executor.shutdown();
-        executor.awaitTermination( 10, TimeUnit.SECONDS );
 
         // then"
neo4j_neo4j,neo4j/neo4j,LinkedQueuePoolTest.shouldUpdateTargetSizeWhenSpikesOccur,community/primitive-collections/src/test/java/org/neo4j/collection/pool/LinkedQueuePoolTest.java,f87f40354d63a12e0ae944e26c576c11b549de97,Fixes stability of and simplifies LinkedQueuePoolTest,unknown,False,,169,124,45,False,0.26627218934911245,False,cue_removed,0,4,{},"{'ExecutorService': 1, 'Executors': 1, 'TimeUnit': 1, 'awaitTermination': 1}","@Test
    public void shouldUpdateTargetSizeWhenSpikesOccur() throws Exception
    {
        // given
        final int MIN_SIZE = 5;
        final int MAX_SIZE = 10;

        StatefulMonitor stateMonitor = new StatefulMonitor();
        FakeClock clock = new FakeClock();
        final LinkedQueuePool<Object> pool = getLinkedQueuePool( stateMonitor, clock, MIN_SIZE );
        ExecutorService executor = Executors.newCachedThreadPool();

        // when
        List<FlyweightHolder<Object>> holders = acquireFromPool( pool, MAX_SIZE, executor );
        clock.forward( 110, TimeUnit.MILLISECONDS );
        holders.addAll( acquireFromPool( pool, 1, executor ) ); // Needed to trigger the alarm

        // then
        assertEquals( MAX_SIZE + 1, stateMonitor.currentPeakSize.get() );
        // We have not released anything, so targetSize will not be reduced
        assertEquals( MAX_SIZE + 1, stateMonitor.targetSize.get() ); // + 1 from the acquire

        for ( FlyweightHolder holder : holders )
        {
            holder.end();
        }

        executor.shutdown();
        executor.awaitTermination( 10, TimeUnit.SECONDS );

    }","@Test
    public void shouldUpdateTargetSizeWhenSpikesOccur() throws Exception
    {
        // given
        final int MIN_SIZE = 5;
        final int MAX_SIZE = 10;

        StatefulMonitor stateMonitor = new StatefulMonitor();
        FakeClock clock = new FakeClock();
        final LinkedQueuePool<Object> pool = getLinkedQueuePool( stateMonitor, clock, MIN_SIZE );
        // when
        List<FlyweightHolder<Object>> holders = acquireFromPool( pool, MAX_SIZE );
        clock.forward( 110, TimeUnit.MILLISECONDS );
        holders.addAll( acquireFromPool( pool, 1 ) ); // Needed to trigger the alarm

        // then
        assertEquals( MAX_SIZE + 1, stateMonitor.currentPeakSize.get() );
        // We have not released anything, so targetSize will not be reduced
        assertEquals( MAX_SIZE + 1, stateMonitor.targetSize.get() ); // + 1 from the acquire
    }","--- pre
+++ post
@@ -9,10 +9,8 @@
         FakeClock clock = new FakeClock();
         final LinkedQueuePool<Object> pool = getLinkedQueuePool( stateMonitor, clock, MIN_SIZE );
-        ExecutorService executor = Executors.newCachedThreadPool();
-
         // when
-        List<FlyweightHolder<Object>> holders = acquireFromPool( pool, MAX_SIZE, executor );
+        List<FlyweightHolder<Object>> holders = acquireFromPool( pool, MAX_SIZE );
         clock.forward( 110, TimeUnit.MILLISECONDS );
-        holders.addAll( acquireFromPool( pool, 1, executor ) ); // Needed to trigger the alarm
+        holders.addAll( acquireFromPool( pool, 1 ) ); // Needed to trigger the alarm
 
         // then
@@ -20,12 +18,3 @@
         // We have not released anything, so targetSize will not be reduced
         assertEquals( MAX_SIZE + 1, stateMonitor.targetSize.get() ); // + 1 from the acquire
-
-        for ( FlyweightHolder holder : holders )
-        {
-            holder.end();
-        }
-
-        executor.shutdown();
-        executor.awaitTermination( 10, TimeUnit.SECONDS );
-
     }"
neo4j_neo4j,neo4j/neo4j,NeoServerPortConflictIT.shouldComplainIfServerHTTPSPortIsAlreadyTaken,community/server/src/test/java/org/neo4j/server/NeoServerPortConflictIT.java,fa9fa29f8f5704dbfe8f84f7621cebdb55152725,Backport NeoServerPortConflictIT flaky test fixes to 3.4,unknown,False,,207,200,50,False,0.24154589371980675,False,cue_neutral,0,0,{},{},"@Test
    public void shouldComplainIfServerHTTPSPortIsAlreadyTaken() throws IOException
    {
        int serverPort = PortAuthority.allocatePort();
        int httpsPort = PortAuthority.allocatePort();
        ListenSocketAddress unContestedAddress = new ListenSocketAddress( ""localhost"", serverPort );
        ListenSocketAddress contestedAddress = new ListenSocketAddress( ""localhost"", httpsPort );
        try ( ServerSocket ignored = new ServerSocket(
                contestedAddress.getPort(), 0, InetAddress.getByName( contestedAddress.getHostname() ) ) )
        {
            AssertableLogProvider logProvider = new AssertableLogProvider();
            CommunityNeoServer server = CommunityServerBuilder.server( logProvider )
                    .onAddress( unContestedAddress )
                    .onHttpsAddress( contestedAddress )
                    .withHttpsEnabled()
                    .usingDataDir( folder.directory( name.getMethodName() ).getAbsolutePath() )
                    .build();
            try
            {
                server.start();

                fail( ""Should have reported failure to start"" );
            }
            catch ( ServerStartupException e )
            {
                assertThat( e.getMessage(), containsString( ""Starting Neo4j failed"" ) );
            }

            logProvider.assertAtLeastOnce(
                    AssertableLogProvider.inLog( containsString( ""CommunityNeoServer"" ) ).error(
                            ""Failed to start Neo4j on %s: %s"",
                            unContestedAddress,
                            format( ""At least one of the addresses %s or %s is already in use, cannot bind to it."",
                                    unContestedAddress, contestedAddress )
                    )
            );
            server.stop();
        }
    }","@Test
    public void shouldComplainIfServerHTTPSPortIsAlreadyTaken() throws IOException
    {
        try ( ServerSocket httpsSocket = new ServerSocket( 0, 0, InetAddress.getLocalHost() ) )
        {
            ListenSocketAddress unContestedAddress = new ListenSocketAddress( httpsSocket.getInetAddress().getHostName(), 0 );
            ListenSocketAddress httpsAddress = new ListenSocketAddress( httpsSocket.getInetAddress().getHostName(), httpsSocket.getLocalPort() );
            AssertableLogProvider logProvider = new AssertableLogProvider();
            CommunityNeoServer server = CommunityServerBuilder.server( logProvider )
                    .onAddress( unContestedAddress )
                    .onHttpsAddress( httpsAddress )
                    .withHttpsEnabled()
                    .usingDataDir( folder.directory( name.getMethodName() ).getAbsolutePath() )
                    .build();
            try
            {
                server.start();

                fail( ""Should have reported failure to start"" );
            }
            catch ( ServerStartupException e )
            {
                assertThat( e.getMessage(), containsString( ""Starting Neo4j failed"" ) );
            }

            logProvider.assertAtLeastOnce(
                    AssertableLogProvider.inLog( containsString( ""CommunityNeoServer"" ) ).error(
                            ""Failed to start Neo4j on %s: %s"",
                            unContestedAddress,
                            format( ""At least one of the addresses %s or %s is already in use, cannot bind to it."",
                                    unContestedAddress, httpsAddress )
                    )
            );
            server.stop();
        }
    }","--- pre
+++ post
@@ -2,15 +2,12 @@
     public void shouldComplainIfServerHTTPSPortIsAlreadyTaken() throws IOException
     {
-        int serverPort = PortAuthority.allocatePort();
-        int httpsPort = PortAuthority.allocatePort();
-        ListenSocketAddress unContestedAddress = new ListenSocketAddress( ""localhost"", serverPort );
-        ListenSocketAddress contestedAddress = new ListenSocketAddress( ""localhost"", httpsPort );
-        try ( ServerSocket ignored = new ServerSocket(
-                contestedAddress.getPort(), 0, InetAddress.getByName( contestedAddress.getHostname() ) ) )
+        try ( ServerSocket httpsSocket = new ServerSocket( 0, 0, InetAddress.getLocalHost() ) )
         {
+            ListenSocketAddress unContestedAddress = new ListenSocketAddress( httpsSocket.getInetAddress().getHostName(), 0 );
+            ListenSocketAddress httpsAddress = new ListenSocketAddress( httpsSocket.getInetAddress().getHostName(), httpsSocket.getLocalPort() );
             AssertableLogProvider logProvider = new AssertableLogProvider();
             CommunityNeoServer server = CommunityServerBuilder.server( logProvider )
                     .onAddress( unContestedAddress )
-                    .onHttpsAddress( contestedAddress )
+                    .onHttpsAddress( httpsAddress )
                     .withHttpsEnabled()
                     .usingDataDir( folder.directory( name.getMethodName() ).getAbsolutePath() )
@@ -32,5 +29,5 @@
                             unContestedAddress,
                             format( ""At least one of the addresses %s or %s is already in use, cannot bind to it."",
-                                    unContestedAddress, contestedAddress )
+                                    unContestedAddress, httpsAddress )
                     )
             );"
neo4j_neo4j,neo4j/neo4j,NeoServerPortConflictIT.shouldComplainIfServerPortIsAlreadyTaken,community/server/src/test/java/org/neo4j/server/NeoServerPortConflictIT.java,fa9fa29f8f5704dbfe8f84f7621cebdb55152725,Backport NeoServerPortConflictIT flaky test fixes to 3.4,unknown,False,,176,170,37,False,0.21022727272727273,False,cue_neutral,0,0,{},{},"@Test
    public void shouldComplainIfServerPortIsAlreadyTaken() throws IOException
    {
        int serverPort = PortAuthority.allocatePort();
        ListenSocketAddress contestedAddress = new ListenSocketAddress( ""localhost"", serverPort );
        try ( ServerSocket ignored = new ServerSocket(
                contestedAddress.getPort(), 0, InetAddress.getByName( contestedAddress.getHostname() ) ) )
        {
            AssertableLogProvider logProvider = new AssertableLogProvider();
            CommunityNeoServer server = CommunityServerBuilder.server( logProvider )
                    .onAddress( contestedAddress )
                    .usingDataDir( folder.directory( name.getMethodName() ).getAbsolutePath() )
                    .build();
            try
            {
                server.start();

                fail( ""Should have reported failure to start"" );
            }
            catch ( ServerStartupException e )
            {
                assertThat( e.getMessage(), containsString( ""Starting Neo4j failed"" ) );
            }

            logProvider.assertAtLeastOnce(
                    AssertableLogProvider.inLog( containsString( ""CommunityNeoServer"" ) ).error(
                            ""Failed to start Neo4j on %s: %s"",
                            contestedAddress,
                            format( ""Address %s is already in use, cannot bind to it."", contestedAddress )
                    )
            );
            server.stop();
        }
    }","@Test
    public void shouldComplainIfServerPortIsAlreadyTaken() throws IOException
    {
        try ( ServerSocket socket = new ServerSocket( 0, 0, InetAddress.getLocalHost() ) )
        {
            ListenSocketAddress contestedAddress = new ListenSocketAddress( socket.getInetAddress().getHostName(), socket.getLocalPort() );
            AssertableLogProvider logProvider = new AssertableLogProvider();
            CommunityNeoServer server = CommunityServerBuilder.server( logProvider )
                    .onAddress( contestedAddress )
                    .usingDataDir( folder.directory( name.getMethodName() ).getAbsolutePath() )
                    .build();
            try
            {
                server.start();

                fail( ""Should have reported failure to start"" );
            }
            catch ( ServerStartupException e )
            {
                assertThat( e.getMessage(), containsString( ""Starting Neo4j failed"" ) );
            }

            logProvider.assertAtLeastOnce(
                    AssertableLogProvider.inLog( containsString( ""CommunityNeoServer"" ) ).error(
                            ""Failed to start Neo4j on %s: %s"",
                            contestedAddress,
                            format( ""Address %s is already in use, cannot bind to it."", contestedAddress )
                    )
            );
            server.stop();
        }
    }","--- pre
+++ post
@@ -2,9 +2,7 @@
     public void shouldComplainIfServerPortIsAlreadyTaken() throws IOException
     {
-        int serverPort = PortAuthority.allocatePort();
-        ListenSocketAddress contestedAddress = new ListenSocketAddress( ""localhost"", serverPort );
-        try ( ServerSocket ignored = new ServerSocket(
-                contestedAddress.getPort(), 0, InetAddress.getByName( contestedAddress.getHostname() ) ) )
+        try ( ServerSocket socket = new ServerSocket( 0, 0, InetAddress.getLocalHost() ) )
         {
+            ListenSocketAddress contestedAddress = new ListenSocketAddress( socket.getInetAddress().getHostName(), socket.getLocalPort() );
             AssertableLogProvider logProvider = new AssertableLogProvider();
             CommunityNeoServer server = CommunityServerBuilder.server( logProvider )"
neo4j_neo4j,neo4j/neo4j,TransactionIT.executing_single_statement_in_new_transaction_and_failing_to_read_the_output_should_interrupt,community/server/src/test/java/org/neo4j/server/rest/transactional/integration/TransactionIT.java,a14dca2c3e3724d463cc48336c4137fc5675683e,Fix flaky test in TransactionIT closing socket to terminate transaction.,unknown,False,,237,284,49,False,0.17253521126760563,False,cue_added,6,0,"{'System': 2, 'currentTimeMillis': 2, 'Thread': 1, 'sleep': 1}",{},"@Test
    public void executing_single_statement_in_new_transaction_and_failing_to_read_the_output_should_interrupt()
            throws Exception
    {
        // given
        cleanDatabase();
        TransactionCounters txMonitor = ((GraphDatabaseAPI) graphdb()).getDependencyResolver().resolveDependency(
                TransactionCounters.class );
        long initialTerminations = txMonitor.getNumberOfTerminatedTransactions();

        // when sending a request and aborting in the middle of receiving the result
        Socket socket = new Socket( ""localhost"", 7474 );
        PrintStream out = new PrintStream( socket.getOutputStream() );

        String output = quotedJson(
                ""{ 'statements': [ { 'statement': 'WITH * UNWIND range(0, 9999) AS i CREATE (n {i: i}) RETURN n' } ] "" +
                        ""}"" ).get();
        out.print( ""POST /db/data/transaction/commit HTTP/1.1\r\n"" );
        out.print( ""Host: localhost:7474\r\n"" );
        out.print( ""Content-type: application/json; charset=utf-8\r\n"" );
        out.print( ""Content-length: "" + output.getBytes().length + ""\r\n"" );
        out.print( ""\r\n"" );
        out.print( output );
        out.print( ""\r\n"" );

        InputStream inputStream = socket.getInputStream();
        Reader reader = new InputStreamReader( inputStream );

        int numRead = 0;
        while ( numRead < 300 )
        {
            numRead += reader.read( new char[300] );
        }
        socket.close();

        // then
        try ( Transaction ignored = graphdb().beginTx() )
        {
            assertEquals( 0, countNodes() );
        }

        long numTerminations = txMonitor.getNumberOfTerminatedTransactions() - initialTerminations;
        assertEquals( 1, numTerminations );
    }","@Test
    public void executing_single_statement_in_new_transaction_and_failing_to_read_the_output_should_interrupt()
            throws Exception
    {
        // given
        cleanDatabase();
        TransactionCounters txMonitor = ((GraphDatabaseAPI) graphdb()).getDependencyResolver().resolveDependency(
                TransactionCounters.class );
        long initialTerminations = txMonitor.getNumberOfTerminatedTransactions();

        // when sending a request and aborting in the middle of receiving the result
        Socket socket = new Socket( ""localhost"", 7474 );
        PrintStream out = new PrintStream( socket.getOutputStream() );

        String output = quotedJson(
                ""{ 'statements': [ { 'statement': 'WITH * UNWIND range(0, 9999) AS i CREATE (n {i: i}) RETURN n' } ] "" +
                        ""}"" ).get();
        out.print( ""POST /db/data/transaction/commit HTTP/1.1\r\n"" );
        out.print( ""Host: localhost:7474\r\n"" );
        out.print( ""Content-type: application/json; charset=utf-8\r\n"" );
        out.print( ""Content-length: "" + output.getBytes().length + ""\r\n"" );
        out.print( ""\r\n"" );
        out.print( output );
        out.print( ""\r\n"" );

        InputStream inputStream = socket.getInputStream();
        Reader reader = new InputStreamReader( inputStream );

        int numRead = 0;
        while ( numRead < 300 )
        {
            numRead += reader.read( new char[300] );
        }
        socket.close();

        try ( Transaction ignored = graphdb().beginTx() )
        {
            assertEquals( 0, countNodes() );
        }

        // then soon the transaction should have been terminated
        long endTime = System.currentTimeMillis() + 5000;
        long additionalTerminations = 0;

        while ( true )
        {
            additionalTerminations = txMonitor.getNumberOfTerminatedTransactions() - initialTerminations;

            if ( additionalTerminations > 0 || System.currentTimeMillis() > endTime )
            {
                break;
            }

            Thread.sleep( 100 );
        }

        assertEquals( 1, additionalTerminations );
    }","--- pre
+++ post
@@ -34,5 +34,4 @@
         socket.close();
 
-        // then
         try ( Transaction ignored = graphdb().beginTx() )
         {
@@ -40,5 +39,20 @@
         }
 
-        long numTerminations = txMonitor.getNumberOfTerminatedTransactions() - initialTerminations;
-        assertEquals( 1, numTerminations );
+        // then soon the transaction should have been terminated
+        long endTime = System.currentTimeMillis() + 5000;
+        long additionalTerminations = 0;
+
+        while ( true )
+        {
+            additionalTerminations = txMonitor.getNumberOfTerminatedTransactions() - initialTerminations;
+
+            if ( additionalTerminations > 0 || System.currentTimeMillis() > endTime )
+            {
+                break;
+            }
+
+            Thread.sleep( 100 );
+        }
+
+        assertEquals( 1, additionalTerminations );
     }"
netty_netty,netty/netty,GlobalEventExecutorTest.testAutomaticStartStop,common/src/test/java/io/netty/util/concurrent/GlobalEventExecutorTest.java,b5a27745028c9e23e1cdab30bc8c2c029bb03378,Fix flaky GlobalEventExecutorTest.* (#9074),unknown,False,,175,150,37,False,0.21142857142857144,False,cue_removed,3,4,"{'timeout': 1, 'join': 2}","{'Thread': 2, 'sleep': 2}","@Test
    public void testAutomaticStartStop() throws Exception {
        final TestRunnable task = new TestRunnable(500);
        e.execute(task);

        // Ensure the new thread has started.
        Thread thread = e.thread;
        assertThat(thread, is(not(nullValue())));
        assertThat(thread.isAlive(), is(true));

        Thread.sleep(1500);

        // Ensure the thread stopped itself after running the task.
        assertThat(thread.isAlive(), is(false));
        assertThat(task.ran.get(), is(true));

        // Ensure another new thread starts again.
        task.ran.set(false);
        e.execute(task);
        assertThat(e.thread, not(sameInstance(thread)));
        thread = e.thread;

        Thread.sleep(1500);

        // Ensure the thread stopped itself after running the task.
        assertThat(thread.isAlive(), is(false));
        assertThat(task.ran.get(), is(true));
    }","@Test(timeout = 5000)
    public void testAutomaticStartStop() throws Exception {
        final TestRunnable task = new TestRunnable(500);
        e.execute(task);

        // Ensure the new thread has started.
        Thread thread = e.thread;
        assertThat(thread, is(not(nullValue())));
        assertThat(thread.isAlive(), is(true));

        thread.join();
        assertThat(task.ran.get(), is(true));

        // Ensure another new thread starts again.
        task.ran.set(false);
        e.execute(task);
        assertThat(e.thread, not(sameInstance(thread)));
        thread = e.thread;

        thread.join();

        assertThat(task.ran.get(), is(true));
    }","--- pre
+++ post
@@ -1,3 +1,3 @@
-@Test
+@Test(timeout = 5000)
     public void testAutomaticStartStop() throws Exception {
         final TestRunnable task = new TestRunnable(500);
@@ -9,8 +9,5 @@
         assertThat(thread.isAlive(), is(true));
 
-        Thread.sleep(1500);
-
-        // Ensure the thread stopped itself after running the task.
-        assertThat(thread.isAlive(), is(false));
+        thread.join();
         assertThat(task.ran.get(), is(true));
 
@@ -21,8 +18,6 @@
         thread = e.thread;
 
-        Thread.sleep(1500);
+        thread.join();
 
-        // Ensure the thread stopped itself after running the task.
-        assertThat(thread.isAlive(), is(false));
         assertThat(task.ran.get(), is(true));
     }"
netty_netty,netty/netty,GlobalEventExecutorTest.testScheduledTasks,common/src/test/java/io/netty/util/concurrent/GlobalEventExecutorTest.java,b5a27745028c9e23e1cdab30bc8c2c029bb03378,Fix flaky GlobalEventExecutorTest.* (#9074),unknown,False,,118,108,21,False,0.17796610169491525,False,cue_neutral,2,2,"{'timeout': 1, 'join': 1}","{'Thread': 1, 'sleep': 1}","@Test
    public void testScheduledTasks() throws Exception {
        TestRunnable task = new TestRunnable(0);
        ScheduledFuture<?> f = e.schedule(task, 1500, TimeUnit.MILLISECONDS);
        f.sync();
        assertThat(task.ran.get(), is(true));

        // Ensure the thread is still running.
        Thread thread = e.thread;
        assertThat(thread, is(not(nullValue())));
        assertThat(thread.isAlive(), is(true));

        Thread.sleep(1500);

        // Now it should be stopped.
        assertThat(thread.isAlive(), is(false));
    }","@Test(timeout = 5000)
    public void testScheduledTasks() throws Exception {
        TestRunnable task = new TestRunnable(0);
        ScheduledFuture<?> f = e.schedule(task, 1500, TimeUnit.MILLISECONDS);
        f.sync();
        assertThat(task.ran.get(), is(true));

        // Ensure the thread is still running.
        Thread thread = e.thread;
        assertThat(thread, is(not(nullValue())));
        assertThat(thread.isAlive(), is(true));

        thread.join();
    }","--- pre
+++ post
@@ -1,3 +1,3 @@
-@Test
+@Test(timeout = 5000)
     public void testScheduledTasks() throws Exception {
         TestRunnable task = new TestRunnable(0);
@@ -11,7 +11,4 @@
         assertThat(thread.isAlive(), is(true));
 
-        Thread.sleep(1500);
-
-        // Now it should be stopped.
-        assertThat(thread.isAlive(), is(false));
+        thread.join();
     }"
netty_netty,netty/netty,PcapWriteHandlerTest.udpV4,handler/src/test/java/io/netty/handler/pcap/PcapWriteHandlerTest.java,16f2a5e49f7bc018d3a0c3d3a8f090749229f301,Don't use Fixed ports for UDP test (#10961),unknown,False,,744,781,50,False,0.06402048655569782,False,cue_neutral,0,0,{},{},"@Test
    public void udpV4() throws InterruptedException {

        ByteBuf byteBuf = Unpooled.buffer();

        InetSocketAddress srvAddr = new InetSocketAddress(""127.0.0.1"", 62001);
        InetSocketAddress cltAddr = new InetSocketAddress(""127.0.0.1"", 62002);

        NioEventLoopGroup eventLoopGroup = new NioEventLoopGroup(2);

        // We'll bootstrap a UDP Server to avoid ""Network Unreachable errors"" when sending UDP Packet.
        Bootstrap server = new Bootstrap()
                .group(eventLoopGroup)
                .channel(NioDatagramChannel.class)
                .handler(new SimpleChannelInboundHandler<DatagramPacket>() {
                    @Override
                    protected void channelRead0(ChannelHandlerContext ctx, DatagramPacket msg) {
                        // Discard
                    }
                });

        ChannelFuture channelFutureServer = server.bind(srvAddr).sync();
        assertTrue(channelFutureServer.isSuccess());

        // We'll bootstrap a UDP Client for sending UDP Packets to UDP Server.
        Bootstrap client = new Bootstrap()
                .group(eventLoopGroup)
                .channel(NioDatagramChannel.class)
                .handler(new PcapWriteHandler(new ByteBufOutputStream(byteBuf)));

        ChannelFuture channelFutureClient = client.connect(srvAddr, cltAddr).sync();
        assertTrue(channelFutureClient.isSuccess());
        assertTrue(channelFutureClient.channel().writeAndFlush(Unpooled.wrappedBuffer(""Meow"".getBytes()))
                .sync().isSuccess());
        assertTrue(eventLoopGroup.shutdownGracefully().sync().isSuccess());

        // Verify Pcap Global Headers
        assertEquals(0xa1b2c3d4, byteBuf.readInt()); // magic_number
        assertEquals(2, byteBuf.readShort());        // version_major
        assertEquals(4, byteBuf.readShort());        // version_minor
        assertEquals(0, byteBuf.readInt());          // thiszone
        assertEquals(0, byteBuf.readInt());          // sigfigs
        assertEquals(0xffff, byteBuf.readInt());     // snaplen
        assertEquals(1, byteBuf.readInt());          // network

        // Verify Pcap Packet Header
        byteBuf.readInt(); // Just read, we don't care about timestamps for now
        byteBuf.readInt(); // Just read, we don't care about timestamps for now
        assertEquals(46, byteBuf.readInt()); // Length of Packet Saved In Pcap
        assertEquals(46, byteBuf.readInt()); // Actual Length of Packet

        // -------------------------------------------- Verify Packet --------------------------------------------
        // Verify Ethernet Packet
        ByteBuf ethernetPacket = byteBuf.readBytes(46);
        ByteBuf dstMac = ethernetPacket.readBytes(6);
        ByteBuf srcMac = ethernetPacket.readBytes(6);
        assertArrayEquals(new byte[]{0, 0, 94, 0, 83, -1}, ByteBufUtil.getBytes(dstMac));
        assertArrayEquals(new byte[]{0, 0, 94, 0, 83, 0}, ByteBufUtil.getBytes(srcMac));
        assertEquals(0x0800, ethernetPacket.readShort());

        // Verify IPv4 Packet
        ByteBuf ipv4Packet = ethernetPacket.readBytes(32);
        assertEquals(0x45, ipv4Packet.readByte());    // Version + IHL
        assertEquals(0x00, ipv4Packet.readByte());    // DSCP
        assertEquals(32, ipv4Packet.readShort());     // Length
        assertEquals(0x0000, ipv4Packet.readShort()); // Identification
        assertEquals(0x0000, ipv4Packet.readShort()); // Fragment
        assertEquals((byte) 0xff, ipv4Packet.readByte());      // TTL
        assertEquals((byte) 17, ipv4Packet.readByte());        // Protocol
        assertEquals(0, ipv4Packet.readShort());      // Checksum
        // Source IPv4 Address
        assertEquals(NetUtil.ipv4AddressToInt((Inet4Address) srvAddr.getAddress()), ipv4Packet.readInt());
        // Destination IPv4 Address
        assertEquals(NetUtil.ipv4AddressToInt((Inet4Address) cltAddr.getAddress()), ipv4Packet.readInt());

        // Verify UDP Packet
        ByteBuf udpPacket = ipv4Packet.readBytes(12);
        assertEquals(cltAddr.getPort() & 0xffff, udpPacket.readUnsignedShort()); // Source Port
        assertEquals(srvAddr.getPort() & 0xffff, udpPacket.readUnsignedShort()); // Destination Port
        assertEquals(12, udpPacket.readShort());     // Length
        assertEquals(0x0001, udpPacket.readShort()); // Checksum

        // Verify Payload
        ByteBuf payload = udpPacket.readBytes(4);
        assertArrayEquals(""Meow"".getBytes(CharsetUtil.UTF_8), ByteBufUtil.getBytes(payload)); // Payload

        // Release all ByteBuf
        assertTrue(dstMac.release());
        assertTrue(srcMac.release());
        assertTrue(payload.release());
        assertTrue(byteBuf.release());
        assertTrue(ethernetPacket.release());
        assertTrue(ipv4Packet.release());
        assertTrue(udpPacket.release());
    }","@Test
    public void udpV4() throws InterruptedException {

        ByteBuf byteBuf = Unpooled.buffer();

        InetSocketAddress srvReqAddr = new InetSocketAddress(""127.0.0.1"", 0);
        InetSocketAddress cltReqAddr = new InetSocketAddress(""127.0.0.1"", 0);

        NioEventLoopGroup eventLoopGroup = new NioEventLoopGroup(2);

        // We'll bootstrap a UDP Server to avoid ""Network Unreachable errors"" when sending UDP Packet.
        Bootstrap server = new Bootstrap()
                .group(eventLoopGroup)
                .channel(NioDatagramChannel.class)
                .handler(new SimpleChannelInboundHandler<DatagramPacket>() {
                    @Override
                    protected void channelRead0(ChannelHandlerContext ctx, DatagramPacket msg) {
                        // Discard
                    }
                });

        ChannelFuture channelFutureServer = server.bind(srvReqAddr).sync();
        assertTrue(channelFutureServer.isSuccess());

        // We'll bootstrap a UDP Client for sending UDP Packets to UDP Server.
        Bootstrap client = new Bootstrap()
                .group(eventLoopGroup)
                .channel(NioDatagramChannel.class)
                .handler(new PcapWriteHandler(new ByteBufOutputStream(byteBuf)));

        ChannelFuture channelFutureClient =
                client.connect(channelFutureServer.channel().localAddress(), cltReqAddr).sync();
        assertTrue(channelFutureClient.isSuccess());
        Channel clientChannel = channelFutureClient.channel();
        assertTrue(clientChannel.writeAndFlush(Unpooled.wrappedBuffer(""Meow"".getBytes())).sync().isSuccess());
        assertTrue(eventLoopGroup.shutdownGracefully().sync().isSuccess());

        // Verify Pcap Global Headers
        assertEquals(0xa1b2c3d4, byteBuf.readInt()); // magic_number
        assertEquals(2, byteBuf.readShort());        // version_major
        assertEquals(4, byteBuf.readShort());        // version_minor
        assertEquals(0, byteBuf.readInt());          // thiszone
        assertEquals(0, byteBuf.readInt());          // sigfigs
        assertEquals(0xffff, byteBuf.readInt());     // snaplen
        assertEquals(1, byteBuf.readInt());          // network

        // Verify Pcap Packet Header
        byteBuf.readInt(); // Just read, we don't care about timestamps for now
        byteBuf.readInt(); // Just read, we don't care about timestamps for now
        assertEquals(46, byteBuf.readInt()); // Length of Packet Saved In Pcap
        assertEquals(46, byteBuf.readInt()); // Actual Length of Packet

        // -------------------------------------------- Verify Packet --------------------------------------------
        // Verify Ethernet Packet
        ByteBuf ethernetPacket = byteBuf.readBytes(46);
        ByteBuf dstMac = ethernetPacket.readBytes(6);
        ByteBuf srcMac = ethernetPacket.readBytes(6);
        assertArrayEquals(new byte[]{0, 0, 94, 0, 83, -1}, ByteBufUtil.getBytes(dstMac));
        assertArrayEquals(new byte[]{0, 0, 94, 0, 83, 0}, ByteBufUtil.getBytes(srcMac));
        assertEquals(0x0800, ethernetPacket.readShort());

        // Verify IPv4 Packet
        ByteBuf ipv4Packet = ethernetPacket.readBytes(32);
        assertEquals(0x45, ipv4Packet.readByte());    // Version + IHL
        assertEquals(0x00, ipv4Packet.readByte());    // DSCP
        assertEquals(32, ipv4Packet.readShort());     // Length
        assertEquals(0x0000, ipv4Packet.readShort()); // Identification
        assertEquals(0x0000, ipv4Packet.readShort()); // Fragment
        assertEquals((byte) 0xff, ipv4Packet.readByte());      // TTL
        assertEquals((byte) 17, ipv4Packet.readByte());        // Protocol
        assertEquals(0, ipv4Packet.readShort());      // Checksum
        InetSocketAddress localAddr = (InetSocketAddress) clientChannel.remoteAddress();
        // Source IPv4 Address
        assertEquals(NetUtil.ipv4AddressToInt((Inet4Address) localAddr.getAddress()), ipv4Packet.readInt());
        InetSocketAddress remoteAddr = (InetSocketAddress) clientChannel.localAddress();
        // Destination IPv4 Address
        assertEquals(NetUtil.ipv4AddressToInt((Inet4Address) remoteAddr.getAddress()), ipv4Packet.readInt());

        // Verify UDP Packet
        ByteBuf udpPacket = ipv4Packet.readBytes(12);
        assertEquals(remoteAddr.getPort() & 0xffff, udpPacket.readUnsignedShort()); // Source Port
        assertEquals(localAddr.getPort() & 0xffff, udpPacket.readUnsignedShort()); // Destination Port
        assertEquals(12, udpPacket.readShort());     // Length
        assertEquals(0x0001, udpPacket.readShort()); // Checksum

        // Verify Payload
        ByteBuf payload = udpPacket.readBytes(4);
        assertArrayEquals(""Meow"".getBytes(CharsetUtil.UTF_8), ByteBufUtil.getBytes(payload)); // Payload

        // Release all ByteBuf
        assertTrue(dstMac.release());
        assertTrue(srcMac.release());
        assertTrue(payload.release());
        assertTrue(byteBuf.release());
        assertTrue(ethernetPacket.release());
        assertTrue(ipv4Packet.release());
        assertTrue(udpPacket.release());
    }","--- pre
+++ post
@@ -4,6 +4,6 @@
         ByteBuf byteBuf = Unpooled.buffer();
 
-        InetSocketAddress srvAddr = new InetSocketAddress(""127.0.0.1"", 62001);
-        InetSocketAddress cltAddr = new InetSocketAddress(""127.0.0.1"", 62002);
+        InetSocketAddress srvReqAddr = new InetSocketAddress(""127.0.0.1"", 0);
+        InetSocketAddress cltReqAddr = new InetSocketAddress(""127.0.0.1"", 0);
 
         NioEventLoopGroup eventLoopGroup = new NioEventLoopGroup(2);
@@ -20,5 +20,5 @@
                 });
 
-        ChannelFuture channelFutureServer = server.bind(srvAddr).sync();
+        ChannelFuture channelFutureServer = server.bind(srvReqAddr).sync();
         assertTrue(channelFutureServer.isSuccess());
 
@@ -29,8 +29,9 @@
                 .handler(new PcapWriteHandler(new ByteBufOutputStream(byteBuf)));
 
-        ChannelFuture channelFutureClient = client.connect(srvAddr, cltAddr).sync();
+        ChannelFuture channelFutureClient =
+                client.connect(channelFutureServer.channel().localAddress(), cltReqAddr).sync();
         assertTrue(channelFutureClient.isSuccess());
-        assertTrue(channelFutureClient.channel().writeAndFlush(Unpooled.wrappedBuffer(""Meow"".getBytes()))
-                .sync().isSuccess());
+        Channel clientChannel = channelFutureClient.channel();
+        assertTrue(clientChannel.writeAndFlush(Unpooled.wrappedBuffer(""Meow"".getBytes())).sync().isSuccess());
         assertTrue(eventLoopGroup.shutdownGracefully().sync().isSuccess());
 
@@ -69,13 +70,15 @@
         assertEquals((byte) 17, ipv4Packet.readByte());        // Protocol
         assertEquals(0, ipv4Packet.readShort());      // Checksum
+        InetSocketAddress localAddr = (InetSocketAddress) clientChannel.remoteAddress();
         // Source IPv4 Address
-        assertEquals(NetUtil.ipv4AddressToInt((Inet4Address) srvAddr.getAddress()), ipv4Packet.readInt());
+        assertEquals(NetUtil.ipv4AddressToInt((Inet4Address) localAddr.getAddress()), ipv4Packet.readInt());
+        InetSocketAddress remoteAddr = (InetSocketAddress) clientChannel.localAddress();
         // Destination IPv4 Address
-        assertEquals(NetUtil.ipv4AddressToInt((Inet4Address) cltAddr.getAddress()), ipv4Packet.readInt());
+        assertEquals(NetUtil.ipv4AddressToInt((Inet4Address) remoteAddr.getAddress()), ipv4Packet.readInt());
 
         // Verify UDP Packet
         ByteBuf udpPacket = ipv4Packet.readBytes(12);
-        assertEquals(cltAddr.getPort() & 0xffff, udpPacket.readUnsignedShort()); // Source Port
-        assertEquals(srvAddr.getPort() & 0xffff, udpPacket.readUnsignedShort()); // Destination Port
+        assertEquals(remoteAddr.getPort() & 0xffff, udpPacket.readUnsignedShort()); // Source Port
+        assertEquals(localAddr.getPort() & 0xffff, udpPacket.readUnsignedShort()); // Destination Port
         assertEquals(12, udpPacket.readShort());     // Length
         assertEquals(0x0001, udpPacket.readShort()); // Checksum"
networknt_json-schema-validator,networknt/json-schema-validator,CollectorContextTest.testCollectorContextWithKeyword,src/test/java/com/networknt/schema/CollectorContextTest.java,4ac0fbd881d41252e43a321d0ea7ad5ead20ffa1,Fix flakiness in `CollectorContextTest` (#489),unordered collections,True,46.0,122,129,7,False,0.05426356589147287,False,cue_neutral,0,0,{},{},"@SuppressWarnings(""unchecked"")
    @Test
    public void testCollectorContextWithKeyword() throws Exception {
        ValidationResult validationResult = validate(""{\""test-property1\"":\""sample1\"",\""test-property2\"":\""sample2\""}"");
        Assertions.assertEquals(0, validationResult.getValidationMessages().size());
        List<String> contextValues = (List<String>) validationResult.getCollectorContext().get(SAMPLE_COLLECTOR);
        Assertions.assertEquals(0, validationResult.getValidationMessages().size());
        Assertions.assertEquals(2, contextValues.size());
        Assertions.assertEquals(contextValues.get(0), ""actual_value_added_to_context1"");
        Assertions.assertEquals(contextValues.get(1), ""actual_value_added_to_context2"");
    }","@SuppressWarnings(""unchecked"")
    @Test
    public void testCollectorContextWithKeyword() throws Exception {
        ValidationResult validationResult = validate(""{\""test-property1\"":\""sample1\"",\""test-property2\"":\""sample2\""}"");
        Assertions.assertEquals(0, validationResult.getValidationMessages().size());
        List<String> contextValues = (List<String>) validationResult.getCollectorContext().get(SAMPLE_COLLECTOR);
        contextValues.sort(null);
        Assertions.assertEquals(0, validationResult.getValidationMessages().size());
        Assertions.assertEquals(2, contextValues.size());
        Assertions.assertEquals(contextValues.get(0), ""actual_value_added_to_context1"");
        Assertions.assertEquals(contextValues.get(1), ""actual_value_added_to_context2"");
    }","--- pre
+++ post
@@ -5,4 +5,5 @@
         Assertions.assertEquals(0, validationResult.getValidationMessages().size());
         List<String> contextValues = (List<String>) validationResult.getCollectorContext().get(SAMPLE_COLLECTOR);
+        contextValues.sort(null);
         Assertions.assertEquals(0, validationResult.getValidationMessages().size());
         Assertions.assertEquals(2, contextValues.size());"
open-telemetry_opentelemetry-java-instrumentation,open-telemetry/opentelemetry-java-instrumentation,OpenTelemetryAppenderConfigTest.logWithExtras,instrumentation/log4j/log4j-2.16/library/src/test/java/io/opentelemetry/instrumentation/log4j/v2_16/OpenTelemetryAppenderConfigTest.java,1d5b03d3b538d1d5e20d81e742f54129ab129d10,Fix flaky log4j test (#4931),time,True,341.0,181,204,27,False,0.1323529411764706,False,cue_added,4,0,"{'Instant': 2, 'now': 1, 'TimeUnit': 1}",{},"@Test
  void logWithExtras() {
    logger.info(""log message 1"", new IllegalStateException(""Error!""));

    List<LogData> logDataList = logExporter.getFinishedLogItems();
    assertThat(logDataList).hasSize(1);
    LogData logData = logDataList.get(0);
    assertThat(logData.getResource()).isEqualTo(resource);
    assertThat(logData.getInstrumentationLibraryInfo()).isEqualTo(instrumentationLibraryInfo);
    assertThat(logData.getBody().asString()).isEqualTo(""log message 1"");
    assertThat(logData.getEpochNanos())
        .isGreaterThan(TimeUnit.MILLISECONDS.toNanos(Instant.now().toEpochMilli() - 1000));
    assertThat(logData.getSeverity()).isEqualTo(Severity.INFO);
    assertThat(logData.getSeverityText()).isEqualTo(""INFO"");
    assertThat(logData.getAttributes()).isEqualTo(Attributes.of(ATTR_THROWABLE_MESSAGE, ""Error!""));
  }","@Test
  void logWithExtras() {
    Instant start = Instant.now();
    logger.info(""log message 1"", new IllegalStateException(""Error!""));

    List<LogData> logDataList = logExporter.getFinishedLogItems();
    assertThat(logDataList).hasSize(1);
    LogData logData = logDataList.get(0);
    assertThat(logData.getResource()).isEqualTo(resource);
    assertThat(logData.getInstrumentationLibraryInfo()).isEqualTo(instrumentationLibraryInfo);
    assertThat(logData.getBody().asString()).isEqualTo(""log message 1"");
    assertThat(logData.getEpochNanos())
        .isGreaterThan(TimeUnit.MILLISECONDS.toNanos(start.toEpochMilli()))
        .isLessThan(TimeUnit.MILLISECONDS.toNanos(Instant.now().toEpochMilli()));
    assertThat(logData.getSeverity()).isEqualTo(Severity.INFO);
    assertThat(logData.getSeverityText()).isEqualTo(""INFO"");
    assertThat(logData.getAttributes()).isEqualTo(Attributes.of(ATTR_THROWABLE_MESSAGE, ""Error!""));
  }","--- pre
+++ post
@@ -1,4 +1,5 @@
 @Test
   void logWithExtras() {
+    Instant start = Instant.now();
     logger.info(""log message 1"", new IllegalStateException(""Error!""));
 
@@ -10,5 +11,6 @@
     assertThat(logData.getBody().asString()).isEqualTo(""log message 1"");
     assertThat(logData.getEpochNanos())
-        .isGreaterThan(TimeUnit.MILLISECONDS.toNanos(Instant.now().toEpochMilli() - 1000));
+        .isGreaterThan(TimeUnit.MILLISECONDS.toNanos(start.toEpochMilli()))
+        .isLessThan(TimeUnit.MILLISECONDS.toNanos(Instant.now().toEpochMilli()));
     assertThat(logData.getSeverity()).isEqualTo(Severity.INFO);
     assertThat(logData.getSeverityText()).isEqualTo(""INFO"");"
opensearch-project_OpenSearch,opensearch-project/OpenSearch,ShardIndexingPressureConcurrentExecutionTests.testReplicaThreadedThroughputDegradationAndRejection,server/src/test/java/org/opensearch/index/ShardIndexingPressureConcurrentExecutionTests.java,24fd89a1fd435441e9a5591bb535c495d47ab57b,Minor fix for the flaky test to reduce concurrency (#1361) (#1364),unknown,False,,316,316,2,False,0.006329113924050633,False,cue_neutral,0,0,{},{},"public void testReplicaThreadedThroughputDegradationAndRejection() throws Exception {
        Settings settings = Settings.builder().put(IndexingPressure.MAX_INDEXING_BYTES.getKey(), ""10KB"")
            .put(ShardIndexingPressureSettings.SHARD_INDEXING_PRESSURE_ENABLED.getKey(), true)
            .put(ShardIndexingPressureSettings.SHARD_INDEXING_PRESSURE_ENFORCED.getKey(), true)
            .put(ShardIndexingPressureMemoryManager.THROUGHPUT_DEGRADATION_LIMITS.getKey(), 1)
            .put(ShardIndexingPressureSettings.REQUEST_SIZE_WINDOW.getKey(), 100)
            .build();
        final int NUM_THREADS = scaledRandomIntBetween(100, 120);
        ShardIndexingPressure shardIndexingPressure = new ShardIndexingPressure(settings, clusterService);
        Index index = new Index(""IndexName"", ""UUID"");
        ShardId shardId1 = new ShardId(index, 0);

        //Generating a load to have a fair throughput
        fireConcurrentAndParallelRequestsForUniformThroughPut(NUM_THREADS, shardIndexingPressure, shardId1, 100, 100,
            OperationType.REPLICA);

        //Generating a load to such that the requests in the window shows degradation in throughput.
        fireAllThenCompleteConcurrentRequestsWithUniformDelay(ShardIndexingPressureSettings.REQUEST_SIZE_WINDOW.get(settings),
            shardIndexingPressure, shardId1, 100, 200, OperationType.REPLICA);

        //Generate a load which breaches both primary parameter
        expectThrows(OpenSearchRejectedExecutionException.class,
            () -> shardIndexingPressure.markReplicaOperationStarted(shardId1, 11 * 1024, false));

        assertEquals(0, shardIndexingPressure.coldStats().getIndexingPressureShardStats(shardId1).getCurrentReplicaBytes());
        assertEquals(15, shardIndexingPressure.coldStats().getIndexingPressureShardStats(shardId1).getCurrentReplicaLimits());
        assertEquals(1, shardIndexingPressure.coldStats().getIndexingPressureShardStats(shardId1).getReplicaRejections());
        assertEquals(1, shardIndexingPressure.coldStats().getIndexingPressureShardStats(shardId1)
            .getReplicaThroughputDegradationLimitsBreachedRejections());
        assertEquals(0, shardIndexingPressure.coldStats().getIndexingPressureShardStats(shardId1)
            .getReplicaNodeLimitsBreachedRejections());
        assertEquals(0, shardIndexingPressure.coldStats().getIndexingPressureShardStats(shardId1)
            .getReplicaLastSuccessfulRequestLimitsBreachedRejections());
    }","public void testReplicaThreadedThroughputDegradationAndRejection() throws Exception {
        Settings settings = Settings.builder().put(IndexingPressure.MAX_INDEXING_BYTES.getKey(), ""10KB"")
            .put(ShardIndexingPressureSettings.SHARD_INDEXING_PRESSURE_ENABLED.getKey(), true)
            .put(ShardIndexingPressureSettings.SHARD_INDEXING_PRESSURE_ENFORCED.getKey(), true)
            .put(ShardIndexingPressureMemoryManager.THROUGHPUT_DEGRADATION_LIMITS.getKey(), 1)
            .put(ShardIndexingPressureSettings.REQUEST_SIZE_WINDOW.getKey(), 100)
            .build();
        final int NUM_THREADS = scaledRandomIntBetween(80, 100);
        ShardIndexingPressure shardIndexingPressure = new ShardIndexingPressure(settings, clusterService);
        Index index = new Index(""IndexName"", ""UUID"");
        ShardId shardId1 = new ShardId(index, 0);

        //Generating a load to have a fair throughput
        fireConcurrentAndParallelRequestsForUniformThroughPut(NUM_THREADS, shardIndexingPressure, shardId1, 100, 100,
            OperationType.REPLICA);

        //Generating a load to such that the requests in the window shows degradation in throughput.
        fireAllThenCompleteConcurrentRequestsWithUniformDelay(ShardIndexingPressureSettings.REQUEST_SIZE_WINDOW.get(settings),
            shardIndexingPressure, shardId1, 100, 200, OperationType.REPLICA);

        //Generate a load which breaches both primary parameter
        expectThrows(OpenSearchRejectedExecutionException.class,
            () -> shardIndexingPressure.markReplicaOperationStarted(shardId1, 11 * 1024, false));

        assertEquals(0, shardIndexingPressure.coldStats().getIndexingPressureShardStats(shardId1).getCurrentReplicaBytes());
        assertEquals(15, shardIndexingPressure.coldStats().getIndexingPressureShardStats(shardId1).getCurrentReplicaLimits());
        assertEquals(1, shardIndexingPressure.coldStats().getIndexingPressureShardStats(shardId1).getReplicaRejections());
        assertEquals(1, shardIndexingPressure.coldStats().getIndexingPressureShardStats(shardId1)
            .getReplicaThroughputDegradationLimitsBreachedRejections());
        assertEquals(0, shardIndexingPressure.coldStats().getIndexingPressureShardStats(shardId1)
            .getReplicaNodeLimitsBreachedRejections());
        assertEquals(0, shardIndexingPressure.coldStats().getIndexingPressureShardStats(shardId1)
            .getReplicaLastSuccessfulRequestLimitsBreachedRejections());
    }","--- pre
+++ post
@@ -6,5 +6,5 @@
             .put(ShardIndexingPressureSettings.REQUEST_SIZE_WINDOW.getKey(), 100)
             .build();
-        final int NUM_THREADS = scaledRandomIntBetween(100, 120);
+        final int NUM_THREADS = scaledRandomIntBetween(80, 100);
         ShardIndexingPressure shardIndexingPressure = new ShardIndexingPressure(settings, clusterService);
         Index index = new Index(""IndexName"", ""UUID"");"
opensearch-project_OpenSearch,opensearch-project/OpenSearch,TransportClientNodesServiceTests.testListenerFailures,core/src/test/java/org/elasticsearch/client/transport/TransportClientNodesServiceTests.java,82f52b17e13159e094bc46be53ee332f847ad583,Remove timed latch await in listeners test,unknown,False,,580,567,13,False,0.022413793103448276,False,cue_removed,0,1,{},{'TimeUnit': 1},"public void testListenerFailures() throws InterruptedException {
        int iters = iterations(10, 100);
        for (int i = 0; i <iters; i++) {
            try(TestIteration iteration = new TestIteration()) {
                iteration.transport.endConnectMode(); // stop transport from responding early
                final CountDownLatch latch = new CountDownLatch(1);
                final AtomicInteger finalFailures = new AtomicInteger();
                final AtomicReference<Throwable> finalFailure = new AtomicReference<>();
                final AtomicReference<TestResponse> response = new AtomicReference<>();
                ActionListener<TestResponse> actionListener = new ActionListener<TestResponse>() {
                    @Override
                    public void onResponse(TestResponse testResponse) {
                        response.set(testResponse);
                        latch.countDown();
                    }

                    @Override
                    public void onFailure(Exception e) {
                        finalFailures.incrementAndGet();
                        finalFailure.set(e);
                        latch.countDown();
                    }
                };

                final AtomicInteger preSendFailures = new AtomicInteger();

                iteration.transportClientNodesService.execute((node, retryListener) -> {
                    if (rarely()) {
                        preSendFailures.incrementAndGet();
                        //throw whatever exception that is not a subclass of ConnectTransportException
                        throw new IllegalArgumentException();
                    }

                    iteration.transportService.sendRequest(node, ""action"", new TestRequest(),
                            TransportRequestOptions.EMPTY, new TransportResponseHandler<TestResponse>() {
                        @Override
                        public TestResponse newInstance() {
                            return new TestResponse();
                        }

                        @Override
                        public void handleResponse(TestResponse response1) {
                            retryListener.onResponse(response1);
                        }

                        @Override
                        public void handleException(TransportException exp) {
                            retryListener.onFailure(exp);
                        }

                        @Override
                        public String executor() {
                            return randomBoolean() ? ThreadPool.Names.SAME : ThreadPool.Names.GENERIC;
                        }
                    });
                }, actionListener);

                assertThat(latch.await(1, TimeUnit.SECONDS), equalTo(true));

                //there can be only either one failure that causes the request to fail straightaway or success
                assertThat(preSendFailures.get() + iteration.transport.failures() + iteration.transport.successes(), lessThanOrEqualTo(1));

                if (iteration.transport.successes() == 1) {
                    assertThat(finalFailures.get(), equalTo(0));
                    assertThat(finalFailure.get(), nullValue());
                    assertThat(response.get(), notNullValue());
                } else {
                    assertThat(finalFailures.get(), equalTo(1));
                    assertThat(finalFailure.get(), notNullValue());
                    assertThat(response.get(), nullValue());
                    if (preSendFailures.get() == 0 && iteration.transport.failures() == 0) {
                        assertThat(finalFailure.get(), instanceOf(NoNodeAvailableException.class));
                    }
                }

                assertThat(iteration.transport.triedNodes().size(), lessThanOrEqualTo(iteration.listNodesCount));
                assertThat(iteration.transport.triedNodes().size(), equalTo(iteration.transport.connectTransportExceptions() +
                        iteration.transport.failures() + iteration.transport.successes()));
            }
        }
    }","public void testListenerFailures() throws InterruptedException {
        int iters = iterations(10, 100);
        for (int i = 0; i <iters; i++) {
            try(TestIteration iteration = new TestIteration()) {
                iteration.transport.endConnectMode(); // stop transport from responding early
                final CountDownLatch latch = new CountDownLatch(1);
                final AtomicInteger finalFailures = new AtomicInteger();
                final AtomicReference<Throwable> finalFailure = new AtomicReference<>();
                final AtomicReference<TestResponse> response = new AtomicReference<>();
                ActionListener<TestResponse> actionListener = new ActionListener<TestResponse>() {
                    @Override
                    public void onResponse(TestResponse testResponse) {
                        response.set(testResponse);
                        latch.countDown();
                    }

                    @Override
                    public void onFailure(Exception e) {
                        finalFailures.incrementAndGet();
                        finalFailure.set(e);
                        latch.countDown();
                    }
                };

                final AtomicInteger preSendFailures = new AtomicInteger();

                iteration.transportClientNodesService.execute((node, retryListener) -> {
                    if (rarely()) {
                        preSendFailures.incrementAndGet();
                        //throw whatever exception that is not a subclass of ConnectTransportException
                        throw new IllegalArgumentException();
                    }

                    iteration.transportService.sendRequest(node, ""action"", new TestRequest(),
                            TransportRequestOptions.EMPTY, new TransportResponseHandler<TestResponse>() {
                        @Override
                        public TestResponse newInstance() {
                            return new TestResponse();
                        }

                        @Override
                        public void handleResponse(TestResponse response1) {
                            retryListener.onResponse(response1);
                        }

                        @Override
                        public void handleException(TransportException exp) {
                            retryListener.onFailure(exp);
                        }

                        @Override
                        public String executor() {
                            return randomBoolean() ? ThreadPool.Names.SAME : ThreadPool.Names.GENERIC;
                        }
                    });
                }, actionListener);

                latch.await();

                //there can be only either one failure that causes the request to fail straightaway or success
                assertThat(preSendFailures.get() + iteration.transport.failures() + iteration.transport.successes(), lessThanOrEqualTo(1));

                if (iteration.transport.successes() == 1) {
                    assertThat(finalFailures.get(), equalTo(0));
                    assertThat(finalFailure.get(), nullValue());
                    assertThat(response.get(), notNullValue());
                } else {
                    assertThat(finalFailures.get(), equalTo(1));
                    assertThat(finalFailure.get(), notNullValue());
                    assertThat(response.get(), nullValue());
                    if (preSendFailures.get() == 0 && iteration.transport.failures() == 0) {
                        assertThat(finalFailure.get(), instanceOf(NoNodeAvailableException.class));
                    }
                }

                assertThat(iteration.transport.triedNodes().size(), lessThanOrEqualTo(iteration.listNodesCount));
                assertThat(iteration.transport.triedNodes().size(), equalTo(iteration.transport.connectTransportExceptions() +
                        iteration.transport.failures() + iteration.transport.successes()));
            }
        }
    }","--- pre
+++ post
@@ -56,5 +56,5 @@
                 }, actionListener);
 
-                assertThat(latch.await(1, TimeUnit.SECONDS), equalTo(true));
+                latch.await();
 
                 //there can be only either one failure that causes the request to fail straightaway or success"
palantir_atlasdb,palantir/atlasdb,PersistentTimestampServiceTest.incrementUpperLimitIfOneMinuteElapsedSinceLastUpdate,timestamp-impl/src/test/java/com/palantir/timestamp/PersistentTimestampServiceTest.java,84d3fc832eba04ba102fbbd5461a8e1a9f1c7f0d,Fix flaky test by not relying on tight timing,unknown,False,,107,140,44,False,0.3142857142857143,False,cue_removed,2,4,"{'Awaitility': 1, 'await': 1}","{'Thread': 2, 'sleep': 2}","@Test
    public void incrementUpperLimitIfOneMinuteElapsedSinceLastUpdate() throws InterruptedException {
        Clock clock = mock(Clock.class);
        when(clock.getTimeMillis()).thenReturn(0L, TWO_MINUTES_IN_MILLIS, 2 * TWO_MINUTES_IN_MILLIS, 3 * TWO_MINUTES_IN_MILLIS);
        TimestampBoundStore timestampBoundStore = initialTimestampBoundStore();
        PersistentTimestampService persistentTimestampService = PersistentTimestampService.create(timestampBoundStore, clock);

        persistentTimestampService.getFreshTimestamp();
        Thread.sleep(10);
        persistentTimestampService.getFreshTimestamp();
        Thread.sleep(10);
        verify(timestampBoundStore, atLeast(2)).storeUpperLimit(anyLong());
    }","@Test
    public void incrementUpperLimitIfOneMinuteElapsedSinceLastUpdate() throws InterruptedException {
        Clock clock = mock(Clock.class);
        when(clock.getTimeMillis()).thenReturn(0L, TWO_MINUTES_IN_MILLIS, 2 * TWO_MINUTES_IN_MILLIS, 3 * TWO_MINUTES_IN_MILLIS);
        TimestampBoundStore timestampBoundStore = initialTimestampBoundStore();
        PersistentTimestampService persistentTimestampService = PersistentTimestampService.create(timestampBoundStore, clock);

        persistentTimestampService.getFreshTimestamp();
        persistentTimestampService.getFreshTimestamp();
        Awaitility
                .await()
                .ignoreExceptionsMatching(e -> e.getCause() instanceof TooLittleActualInvocations)
                .until(() -> {
                    try {
                        verify(timestampBoundStore, atLeast(2)).storeUpperLimit(anyLong());
                    } catch (TooLittleActualInvocations e) {
                        throw new RuntimeException(e);
                    }
                });
    }","--- pre
+++ post
@@ -7,7 +7,14 @@
 
         persistentTimestampService.getFreshTimestamp();
-        Thread.sleep(10);
         persistentTimestampService.getFreshTimestamp();
-        Thread.sleep(10);
-        verify(timestampBoundStore, atLeast(2)).storeUpperLimit(anyLong());
+        Awaitility
+                .await()
+                .ignoreExceptionsMatching(e -> e.getCause() instanceof TooLittleActualInvocations)
+                .until(() -> {
+                    try {
+                        verify(timestampBoundStore, atLeast(2)).storeUpperLimit(anyLong());
+                    } catch (TooLittleActualInvocations e) {
+                        throw new RuntimeException(e);
+                    }
+                });
     }"
palantir_atlasdb,palantir/atlasdb,TargetedSweeperTest.extraSweepersGiveUpAfterFailingToAcquireEnoughTimes,atlasdb-impl-shared/src/test/java/com/palantir/atlasdb/sweep/queue/TargetedSweeperTest.java,f61dde689afb75281b97299751359f973f3ed259,Fix flaky test (#3318),unknown,False,,249,231,19,False,0.07630522088353414,False,cue_neutral,0,0,{},{},"@Test
    public void extraSweepersGiveUpAfterFailingToAcquireEnoughTimes() throws InterruptedException {
        int shards = 16;
        int sweepers = 4;
        int threads = shards / (sweepers / 2);
        TimelockService stickyLockService = createStickyLockService();
        createAndInitializeSweepersAndWaitForOneBackgroundIteration(sweepers, shards, threads, stickyLockService);

        ArgumentCaptor<LockRequest> captor = ArgumentCaptor.forClass(LockRequest.class);
        // minimum: as in the example above, but we have extra threads
        // threads + ... + threads * (shards / threads) + shards * (threads * sweepers - shards)
        verify(stickyLockService, atLeast(shards * (shards / threads + 1) / 2 + shards * (threads * sweepers - shards)))
                .lock(any(LockRequest.class));
        // maximum: as in the example above, but we have extra threads
        // shards + shards - 1 + ... + shards - (sweepers - 1) + shards * (threads * sweepers - shards)
        verify(stickyLockService, atMost(shards * ((threads + 1) * sweepers - shards) - sweepers * (sweepers - 1) / 2))
                .lock(captor.capture());

        Set<String> requestedLockIds = captor.getAllValues().stream()
                .map(LockRequest::getLockDescriptors)
                .map(Iterables::getOnlyElement)
                .map(LockDescriptor::getLockIdAsString)
                .collect(Collectors.toSet());

        Set<String> expectedLockIds = IntStream.range(0, shards).boxed()
                .map(ShardAndStrategy::conservative)
                .map(ShardAndStrategy::toText)
                .collect(Collectors.toSet());

        assertThat(requestedLockIds).hasSameElementsAs(expectedLockIds);
    }","@Test
    public void extraSweepersGiveUpAfterFailingToAcquireEnoughTimes() throws InterruptedException {
        int shards = 16;
        int sweepers = 4;
        int threads = shards / (sweepers / 2);
        TimelockService stickyLockService = createStickyLockService();
        createAndInitializeSweepersAndWaitForOneBackgroundIteration(sweepers, shards, threads, stickyLockService);

        ArgumentCaptor<LockRequest> captor = ArgumentCaptor.forClass(LockRequest.class);
        // minimum: as in the example above, but we have extra threads
        // threads + ... + threads * (shards / threads) + shards * (threads * sweepers - shards)
        verify(stickyLockService, atLeast(shards * (shards / threads + 1) / 2 + shards * (threads * sweepers - shards)))
                .lock(any(LockRequest.class));
        // maximum: one would think that it is
        // shards + shards - 1 + ... + shards - (sweepers - 1) + shards * (threads * sweepers - shards)
        // but actually the logic is much more complicated since threads from the same sweeper can loop back and hit a
        // race condition with each other, so we go with the more conservative upper bound
        verify(stickyLockService, atMost(threads * sweepers * shards)).lock(captor.capture());

        Set<String> requestedLockIds = captor.getAllValues().stream()
                .map(LockRequest::getLockDescriptors)
                .map(Iterables::getOnlyElement)
                .map(LockDescriptor::getLockIdAsString)
                .collect(Collectors.toSet());

        Set<String> expectedLockIds = IntStream.range(0, shards).boxed()
                .map(ShardAndStrategy::conservative)
                .map(ShardAndStrategy::toText)
                .collect(Collectors.toSet());

        assertThat(requestedLockIds).hasSameElementsAs(expectedLockIds);
    }","--- pre
+++ post
@@ -12,8 +12,9 @@
         verify(stickyLockService, atLeast(shards * (shards / threads + 1) / 2 + shards * (threads * sweepers - shards)))
                 .lock(any(LockRequest.class));
-        // maximum: as in the example above, but we have extra threads
+        // maximum: one would think that it is
         // shards + shards - 1 + ... + shards - (sweepers - 1) + shards * (threads * sweepers - shards)
-        verify(stickyLockService, atMost(shards * ((threads + 1) * sweepers - shards) - sweepers * (sweepers - 1) / 2))
-                .lock(captor.capture());
+        // but actually the logic is much more complicated since threads from the same sweeper can loop back and hit a
+        // race condition with each other, so we go with the more conservative upper bound
+        verify(stickyLockService, atMost(threads * sweepers * shards)).lock(captor.capture());
 
         Set<String> requestedLockIds = captor.getAllValues().stream()"
pushtorefresh_storio,pushtorefresh/storio,NotifyAboutChangesTest.shouldReceiveOneNotificationWithAllAffectedTablesInTransactionWithMultipleThreads,storio-sqlite/src/test/java/com/pushtorefresh/storio2/sqlite/integration/NotifyAboutChangesTest.java,9e53b4590370112fbac55a13533d17f788c59ca3,Fix incorrect test parallelWritesWithoutTransaction. (#829),unknown,False,,278,289,13,False,0.04498269896193772,False,cue_neutral,0,0,{},{},"@Test
    public void shouldReceiveOneNotificationWithAllAffectedTablesInTransactionWithMultipleThreads() throws InterruptedException {
        final String table1 = ""test_table1"";
        final String table2 = ""test_table2"";

        final int numberOfThreads = 100;

        final TestSubscriber<Changes> testSubscriber = new TestSubscriber<Changes>();

        storIOSQLite
                .observeChanges()
                .subscribe(testSubscriber);

        final StorIOSQLite.LowLevel lowLevel = storIOSQLite.lowLevel();

        lowLevel.beginTransaction();

        final CountDownLatch startAllThreadsLock = new CountDownLatch(1);
        final CountDownLatch allThreadsFinishedLock = new CountDownLatch(numberOfThreads);

        for (int i = 0; i < numberOfThreads; i++) {
            new Thread(new Runnable() {
                @Override
                public void run() {
                    try {
                        // All threads should start ""simultaneously"".
                        startAllThreadsLock.await();
                    } catch (InterruptedException e) {
                        throw new RuntimeException(e);
                    }

                    lowLevel.notifyAboutChanges(Changes.newInstance(table1));
                    lowLevel.notifyAboutChanges(Changes.newInstance(table2));

                    allThreadsFinishedLock.countDown();
                }
            }).start();
        }

        // Ready!
        // Steady!
        startAllThreadsLock.countDown(); // Go!

        assertThat(allThreadsFinishedLock.await(20, SECONDS)).isTrue();

        // While we in transaction, no changes should be sent.
        assertThat(testSubscriber.getOnNextEvents()).hasSize(0);

        lowLevel.endTransaction();

        testSubscriber.assertNoErrors();
        List<Changes> actualChanges = testSubscriber.getOnNextEvents();
        assertThat(actualChanges).hasSize(1);
        assertThat(actualChanges.get(0).affectedTables()).containsOnly(""test_table1"", ""test_table2"");
    }","@Test
    @Repeat(times = 20)
    public void shouldReceiveOneNotificationWithAllAffectedTablesInTransactionWithMultipleThreads() throws InterruptedException {
        final String table1 = ""test_table1"";
        final String table2 = ""test_table2"";

        final int numberOfThreads = ConcurrencyTesting.optimalTestThreadsCount();

        final TestSubscriber<Changes> testSubscriber = new TestSubscriber<Changes>();

        storIOSQLite
                .observeChanges()
                .subscribe(testSubscriber);

        final StorIOSQLite.LowLevel lowLevel = storIOSQLite.lowLevel();

        lowLevel.beginTransaction();

        final CountDownLatch startAllThreadsLock = new CountDownLatch(1);
        final CountDownLatch allThreadsFinishedLock = new CountDownLatch(numberOfThreads);

        for (int i = 0; i < numberOfThreads; i++) {
            new Thread(new Runnable() {
                @Override
                public void run() {
                    try {
                        // All threads should start ""simultaneously"".
                        startAllThreadsLock.await();
                    } catch (InterruptedException e) {
                        throw new RuntimeException(e);
                    }

                    lowLevel.notifyAboutChanges(Changes.newInstance(table1));
                    lowLevel.notifyAboutChanges(Changes.newInstance(table2));

                    allThreadsFinishedLock.countDown();
                }
            }).start();
        }

        // Ready!
        // Steady!
        startAllThreadsLock.countDown(); // Go!

        assertThat(allThreadsFinishedLock.await(25, SECONDS)).isTrue();

        // While we in transaction, no changes should be sent.
        assertThat(testSubscriber.getOnNextEvents()).hasSize(0);

        lowLevel.endTransaction();

        testSubscriber.assertNoErrors();

        List<Changes> actualChanges = testSubscriber.getOnNextEvents();
        assertThat(actualChanges).hasSize(1);
        assertThat(actualChanges.get(0).affectedTables()).containsOnly(""test_table1"", ""test_table2"");
    }","--- pre
+++ post
@@ -1,8 +1,9 @@
 @Test
+    @Repeat(times = 20)
     public void shouldReceiveOneNotificationWithAllAffectedTablesInTransactionWithMultipleThreads() throws InterruptedException {
         final String table1 = ""test_table1"";
         final String table2 = ""test_table2"";
 
-        final int numberOfThreads = 100;
+        final int numberOfThreads = ConcurrencyTesting.optimalTestThreadsCount();
 
         final TestSubscriber<Changes> testSubscriber = new TestSubscriber<Changes>();
@@ -42,5 +43,5 @@
         startAllThreadsLock.countDown(); // Go!
 
-        assertThat(allThreadsFinishedLock.await(20, SECONDS)).isTrue();
+        assertThat(allThreadsFinishedLock.await(25, SECONDS)).isTrue();
 
         // While we in transaction, no changes should be sent.
@@ -50,4 +51,5 @@
 
         testSubscriber.assertNoErrors();
+
         List<Changes> actualChanges = testSubscriber.getOnNextEvents();
         assertThat(actualChanges).hasSize(1);"
realm_realm-java,realm/realm-java,RealmAsyncQueryTests.executeTransactionAsync_callbacksShouldBeClearedBeforeCalling,realm/realm-library/src/androidTest/java/io/realm/RealmAsyncQueryTests.java,f4b8bfbaf177b2af98ab17c0fba3fb8c304cddcc,    Wait for async tasks finish to solve flaky test (#4603),unknown,False,,233,252,59,False,0.23412698412698413,False,cue_neutral,0,0,{},{},"@Test
    @RunTestInLooperThread
    public void executeTransactionAsync_callbacksShouldBeClearedBeforeCalling() {
        final AtomicInteger callbackCounter = new AtomicInteger(0);
        final Realm foregroundRealm = looperThread.getRealm();

        // To reproduce the issue, the posted callback needs to arrived before the Object Store did_change called.
        // We just disable the auto refresh here then the did_change won't be called.
        foregroundRealm.setAutoRefresh(false);
        foregroundRealm.executeTransactionAsync(new Realm.Transaction() {
            @Override
            public void execute(Realm realm) {
                realm.createObject(AllTypes.class);
            }
        }, new Realm.Transaction.OnSuccess() {
            @Override
            public void onSuccess() {
                // This will be called first and only once
                assertEquals(0, callbackCounter.getAndIncrement());

                // This transaction should never trigger the onSuccess.
                foregroundRealm.beginTransaction();
                foregroundRealm.createObject(AllTypes.class);
                foregroundRealm.commitTransaction();
            }
        });

        foregroundRealm.executeTransactionAsync(new Realm.Transaction() {
            @Override
            public void execute(Realm realm) {
                realm.createObject(AllTypes.class);
                // Delay to post this to ensure the async transaction posted callback will arrive first.
                looperThread.postRunnableDelayed(new Runnable() {
                    @Override
                    public void run() {
                        // Manually call refresh, so the did_change will be triggered.
                        foregroundRealm.sharedRealm.refresh();
                        foregroundRealm.setAutoRefresh(true);
                    }
                }, 50);
            }
        }, new Realm.Transaction.OnSuccess() {
            @Override
            public void onSuccess() {
                // This will be called 2nd and only once
                assertEquals(1, callbackCounter.getAndIncrement());
                looperThread.testComplete();
            }
        });
    }","@Test
    @RunTestInLooperThread
    public void executeTransactionAsync_callbacksShouldBeClearedBeforeCalling()
            throws NoSuchFieldException, IllegalAccessException {
        final AtomicInteger callbackCounter = new AtomicInteger(0);
        final Realm foregroundRealm = looperThread.getRealm();

        // Use single thread executor
        TestHelper.replaceRealmThreadExecutor(RealmThreadPoolExecutor.newSingleThreadExecutor());

        // To reproduce the issue, the posted callback needs to arrived before the Object Store did_change called.
        // We just disable the auto refresh here then the did_change won't be called.
        foregroundRealm.setAutoRefresh(false);
        foregroundRealm.executeTransactionAsync(new Realm.Transaction() {
            @Override
            public void execute(Realm realm) {
                realm.createObject(AllTypes.class);
            }
        }, new Realm.Transaction.OnSuccess() {
            @Override
            public void onSuccess() {
                // This will be called first and only once
                assertEquals(0, callbackCounter.getAndIncrement());

                // This transaction should never trigger the onSuccess.
                foregroundRealm.beginTransaction();
                foregroundRealm.createObject(AllTypes.class);
                foregroundRealm.commitTransaction();
            }
        });

        foregroundRealm.executeTransactionAsync(new Realm.Transaction() {
            @Override
            public void execute(Realm realm) {
                realm.createObject(AllTypes.class);
            }
        }, new Realm.Transaction.OnSuccess() {
            @Override
            public void onSuccess() {
                // This will be called 2nd and only once
                assertEquals(1, callbackCounter.getAndIncrement());
                looperThread.testComplete();
            }
        });

        // Wait for all async tasks finish to ensure the async transaction posted callback will arrive first.
        TestHelper.resetRealmThreadExecutor();
        looperThread.postRunnable(new Runnable() {
            @Override
            public void run() {
                // Manually call refresh, so the did_change will be triggered.
                foregroundRealm.sharedRealm.refresh();
                foregroundRealm.setAutoRefresh(true);
            }
        });
    }","--- pre
+++ post
@@ -1,7 +1,11 @@
 @Test
     @RunTestInLooperThread
-    public void executeTransactionAsync_callbacksShouldBeClearedBeforeCalling() {
+    public void executeTransactionAsync_callbacksShouldBeClearedBeforeCalling()
+            throws NoSuchFieldException, IllegalAccessException {
         final AtomicInteger callbackCounter = new AtomicInteger(0);
         final Realm foregroundRealm = looperThread.getRealm();
+
+        // Use single thread executor
+        TestHelper.replaceRealmThreadExecutor(RealmThreadPoolExecutor.newSingleThreadExecutor());
 
         // To reproduce the issue, the posted callback needs to arrived before the Object Store did_change called.
@@ -30,13 +34,4 @@
             public void execute(Realm realm) {
                 realm.createObject(AllTypes.class);
-                // Delay to post this to ensure the async transaction posted callback will arrive first.
-                looperThread.postRunnableDelayed(new Runnable() {
-                    @Override
-                    public void run() {
-                        // Manually call refresh, so the did_change will be triggered.
-                        foregroundRealm.sharedRealm.refresh();
-                        foregroundRealm.setAutoRefresh(true);
-                    }
-                }, 50);
             }
         }, new Realm.Transaction.OnSuccess() {
@@ -48,3 +43,14 @@
             }
         });
+
+        // Wait for all async tasks finish to ensure the async transaction posted callback will arrive first.
+        TestHelper.resetRealmThreadExecutor();
+        looperThread.postRunnable(new Runnable() {
+            @Override
+            public void run() {
+                // Manually call refresh, so the did_change will be triggered.
+                foregroundRealm.sharedRealm.refresh();
+                foregroundRealm.setAutoRefresh(true);
+            }
+        });
     }"
salesforce_reactive-grpc,salesforce/reactive-grpc,ChainedCallIntegrationTest.servicesCanCallOtherServices,reactor/reactor-grpc-test/src/test/java/com/salesforce/reactorgrpc/ChainedCallIntegrationTest.java,c25d41b045484860e02377d232d922bf78125dde,Temporarially disable reactor ChainedCallIntegrationTest until flakyness identified,concurrency,True,178.0,195,200,5,False,0.025,True,cue_neutral,0,0,{},{},"@Test
    public void servicesCanCallOtherServices() throws InterruptedException {
        ReactorGreeterGrpc.ReactorGreeterStub stub = ReactorGreeterGrpc.newReactorStub(channel);

        Mono<String> chain = Mono.just(request(""X""))
                // one -> one
                .compose(stub::sayHello)
                .map(ChainedCallIntegrationTest::bridge)
                .doOnSuccess(System.out::println)
                // one -> many
                .as(stub::sayHelloRespStream)
                .map(ChainedCallIntegrationTest::bridge)
                .doOnNext(System.out::println)
                // many -> many
                .compose(stub::sayHelloBothStream)
                .map(ChainedCallIntegrationTest::bridge)
                .doOnNext(System.out::println)
                // many -> one
                .as(stub::sayHelloReqStream)
                .map(ChainedCallIntegrationTest::bridge)
                .doOnSuccess(System.out::println)
                // one -> one
                .compose(stub::sayHello)
                .map(HelloResponse::getMessage)
                .doOnSuccess(System.out::println);


        StepVerifier.create(chain)
                .expectNext(""[<{[X]}> :: </[X]/> :: <\\[X]\\> :: <([X])>]"")
                .expectComplete()
                .verify(Duration.ofSeconds(2));
    }","@Test
    @Ignore(""Flaky test: https://github.com/salesforce/reactive-grpc/issues/107"")
    public void servicesCanCallOtherServices() throws InterruptedException {
        ReactorGreeterGrpc.ReactorGreeterStub stub = ReactorGreeterGrpc.newReactorStub(channel);

        Mono<String> chain = Mono.just(request(""X""))
                // one -> one
                .compose(stub::sayHello)
                .map(ChainedCallIntegrationTest::bridge)
                .doOnSuccess(System.out::println)
                // one -> many
                .as(stub::sayHelloRespStream)
                .map(ChainedCallIntegrationTest::bridge)
                .doOnNext(System.out::println)
                // many -> many
                .compose(stub::sayHelloBothStream)
                .map(ChainedCallIntegrationTest::bridge)
                .doOnNext(System.out::println)
                // many -> one
                .as(stub::sayHelloReqStream)
                .map(ChainedCallIntegrationTest::bridge)
                .doOnSuccess(System.out::println)
                // one -> one
                .compose(stub::sayHello)
                .map(HelloResponse::getMessage)
                .doOnSuccess(System.out::println);


        StepVerifier.create(chain)
                .expectNext(""[<{[X]}> :: </[X]/> :: <\\[X]\\> :: <([X])>]"")
                .expectComplete()
                .verify(Duration.ofSeconds(2));
    }","--- pre
+++ post
@@ -1,3 +1,4 @@
 @Test
+    @Ignore(""Flaky test: https://github.com/salesforce/reactive-grpc/issues/107"")
     public void servicesCanCallOtherServices() throws InterruptedException {
         ReactorGreeterGrpc.ReactorGreeterStub stub = ReactorGreeterGrpc.newReactorStub(channel);"
soot-oss_soot,soot-oss/soot,TestDominance.TestAcyclicCFG,src/test/java/soot/toolkits/graph/TestDominance.java,41c5e68261aea47c61736b78079075e4ffe92639,fixed flaky tests,unknown,False,,706,706,4,False,0.0056657223796034,False,cue_neutral,0,0,{},{},"@Test
    public void TestAcyclicCFG() {
        Node n1 = new Node(1);
        Node n2 = new Node(2);
        Node n3 = new Node(3);
        Node n4 = new Node(4);
        Node n5 = new Node(5);
        Node n6 = new Node(6);
        Node n7 = new Node(7);
        Node n8 = new Node(8);
        Node n9 = new Node(9);
        Node n10 = new Node(10);
        Node n11 = new Node(11);
        n1.addkid(n2).addkid(n3);
        n2.addkid(n9);
        n3.addkid(n4).addkid(n5);
        n4.addkid(n9);
        n5.addkid(n6).addkid(n10);
        n6.addkid(n7).addkid(n8);
        n7.addkid(n10);
        n8.addkid(n10);
        n9.addkid(n11);
        n10.addkid(n11);
        Graph g = new Graph(n1);

        MHGDominatorsFinder<Node> finder = new MHGDominatorsFinder<Node>(g);
        DominatorTree<Node> tree = new DominatorTree<Node>(finder);
        assertThat(tree.getHeads().size(), is(1));

        DominatorNode<Node> n = tree.getHeads().get(0);
        assertThat(n.getGode().id, is(1));
        Set<Integer> kids = kid_ids(n);
        assertThat(kids.size(), is(4));
        assertThat(kids, contains(2, 3, 9, 11));

        Map<Integer, DominatorNode<Node>> KM = kid_map(n);
        DominatorNode<Node> m = KM.get(2);
        kids = kid_ids(m);
        assertThat(kids.size(), is(0));

        m = KM.get(9);
        kids = kid_ids(m);
        assertThat(kids.size(), is(0));

        m = KM.get(11);
        kids = kid_ids(m);
        assertThat(kids.size(), is(0));

        n = KM.get(3);
        kids = kid_ids(n);
        assertThat(kids.size(), is(2));
        assertThat(kids, contains(4, 5));

        KM = kid_map(n);
        m = KM.get(4);
        kids = kid_ids(m);
        assertThat(kids.size(), is(0));

        n = KM.get(5);
        kids = kid_ids(n);
        assertThat(kids.size(), is(2));
        assertThat(kids, contains(6, 10));

        KM = kid_map(n);
        m = KM.get(10);
        kids = kid_ids(m);
        assertThat(kids.size(), is(0));

        n = KM.get(6);
        kids = kid_ids(n);
        assertThat(kids.size(), is(2));
        assertThat(kids, contains(7, 8));

        KM = kid_map(n);
        m = KM.get(7);
        kids = kid_ids(m);
        assertThat(kids.size(), is(0));

        m = KM.get(8);
        kids = kid_ids(m);
        assertThat(kids.size(), is(0));
    }","@Test
    public void TestAcyclicCFG() {
        Node n1 = new Node(1);
        Node n2 = new Node(2);
        Node n3 = new Node(3);
        Node n4 = new Node(4);
        Node n5 = new Node(5);
        Node n6 = new Node(6);
        Node n7 = new Node(7);
        Node n8 = new Node(8);
        Node n9 = new Node(9);
        Node n10 = new Node(10);
        Node n11 = new Node(11);
        n1.addkid(n2).addkid(n3);
        n2.addkid(n9);
        n3.addkid(n4).addkid(n5);
        n4.addkid(n9);
        n5.addkid(n6).addkid(n10);
        n6.addkid(n7).addkid(n8);
        n7.addkid(n10);
        n8.addkid(n10);
        n9.addkid(n11);
        n10.addkid(n11);
        Graph g = new Graph(n1);

        MHGDominatorsFinder<Node> finder = new MHGDominatorsFinder<Node>(g);
        DominatorTree<Node> tree = new DominatorTree<Node>(finder);
        assertThat(tree.getHeads().size(), is(1));

        DominatorNode<Node> n = tree.getHeads().get(0);
        assertThat(n.getGode().id, is(1));
        Set<Integer> kids = kid_ids(n);
        assertThat(kids.size(), is(4));
        assertThat(kids, containsInAnyOrder(2, 3, 9, 11));

        Map<Integer, DominatorNode<Node>> KM = kid_map(n);
        DominatorNode<Node> m = KM.get(2);
        kids = kid_ids(m);
        assertThat(kids.size(), is(0));

        m = KM.get(9);
        kids = kid_ids(m);
        assertThat(kids.size(), is(0));

        m = KM.get(11);
        kids = kid_ids(m);
        assertThat(kids.size(), is(0));

        n = KM.get(3);
        kids = kid_ids(n);
        assertThat(kids.size(), is(2));
        assertThat(kids, containsInAnyOrder(4, 5));

        KM = kid_map(n);
        m = KM.get(4);
        kids = kid_ids(m);
        assertThat(kids.size(), is(0));

        n = KM.get(5);
        kids = kid_ids(n);
        assertThat(kids.size(), is(2));
        assertThat(kids, containsInAnyOrder(6, 10));

        KM = kid_map(n);
        m = KM.get(10);
        kids = kid_ids(m);
        assertThat(kids.size(), is(0));

        n = KM.get(6);
        kids = kid_ids(n);
        assertThat(kids.size(), is(2));
        assertThat(kids, containsInAnyOrder(7, 8));

        KM = kid_map(n);
        m = KM.get(7);
        kids = kid_ids(m);
        assertThat(kids.size(), is(0));

        m = KM.get(8);
        kids = kid_ids(m);
        assertThat(kids.size(), is(0));
    }","--- pre
+++ post
@@ -32,5 +32,5 @@
         Set<Integer> kids = kid_ids(n);
         assertThat(kids.size(), is(4));
-        assertThat(kids, contains(2, 3, 9, 11));
+        assertThat(kids, containsInAnyOrder(2, 3, 9, 11));
 
         Map<Integer, DominatorNode<Node>> KM = kid_map(n);
@@ -50,5 +50,5 @@
         kids = kid_ids(n);
         assertThat(kids.size(), is(2));
-        assertThat(kids, contains(4, 5));
+        assertThat(kids, containsInAnyOrder(4, 5));
 
         KM = kid_map(n);
@@ -60,5 +60,5 @@
         kids = kid_ids(n);
         assertThat(kids.size(), is(2));
-        assertThat(kids, contains(6, 10));
+        assertThat(kids, containsInAnyOrder(6, 10));
 
         KM = kid_map(n);
@@ -70,5 +70,5 @@
         kids = kid_ids(n);
         assertThat(kids.size(), is(2));
-        assertThat(kids, contains(7, 8));
+        assertThat(kids, containsInAnyOrder(7, 8));
 
         KM = kid_map(n);"
soot-oss_soot,soot-oss/soot,TestDominance.TestMultiTailedPostDom,src/test/java/soot/toolkits/graph/TestDominance.java,41c5e68261aea47c61736b78079075e4ffe92639,fixed flaky tests,unknown,False,,746,746,4,False,0.005361930294906166,False,cue_neutral,0,0,{},{},"@Test
    public void TestMultiTailedPostDom() {
        Node n1 = new Node(1);
        Node n2 = new Node(2);
        Node n3 = new Node(3);
        Node n4 = new Node(4);
        Node n5 = new Node(5);
        Node n6 = new Node(6);
        n1.addkid(n2).addkid(n3);
        n3.addkid(n4).addkid(n5);
        n4.addkid(n6);
        n5.addkid(n6);
        Graph g = new Graph(n1);

        MHGDominatorsFinder<Node> finder = new MHGDominatorsFinder<Node>(g);
        MHGDominatorTree<Node> tree = new MHGDominatorTree<Node>(finder);
        assertThat(tree.getHeads().size(), is(1));

        DominatorNode<Node> n = tree.getHeads().get(0);
        assertThat(n.getGode().id, is(1));
        Set<Integer> kids = kid_ids(n);
        assertThat(kids.size(), is(2));
        assertThat(kids, contains(2, 3));

        Map<Integer, DominatorNode<Node>> KM = kid_map(n);
        DominatorNode<Node> m = KM.get(2);
        kids = kid_ids(m);
        assertThat(kids.size(), is(0));

        n = KM.get(3);
        kids = kid_ids(n);
        assertThat(kids.size(), is(3));
        assertThat(kids, contains(4, 5, 6));

        KM = kid_map(n);
        m = KM.get(4);
        kids = kid_ids(m);
        assertThat(kids.size(), is(0));

        m = KM.get(5);
        kids = kid_ids(m);
        assertThat(kids.size(), is(0));

        m = KM.get(6);
        kids = kid_ids(m);
        assertThat(kids.size(), is(0));

        // ---------- now post-dom --------------

        MHGPostDominatorsFinder<Node> pfinder = new MHGPostDominatorsFinder<Node>(g);
        tree = new MHGDominatorTree<Node>(pfinder);

        Map<Integer,DominatorNode<Node>> heads = new HashMap<Integer,DominatorNode<Node>>();
        for (DominatorNode<Node> dhead : tree.getHeads()) {
            Node head = dhead.getGode();
            heads.put(head.id, dhead);
        }

        Set<Integer> head_ids = heads.keySet();
        assertThat(head_ids.size(), is(3));
        assertThat(head_ids, contains(1, 2, 6));

        m = heads.get(1);
        kids = kid_ids(m);
        assertThat(kids.size(), is(0));

        m = heads.get(2);
        kids = kid_ids(m);
        assertThat(kids.size(), is(0));

        n = heads.get(6);
        kids = kid_ids(n);
        assertThat(kids.size(), is(3));
        assertThat(kids, contains(3, 4, 5));

        KM = kid_map(n);
        m = KM.get(3);
        kids = kid_ids(m);
        assertThat(kids.size(), is(0));

        m = KM.get(4);
        kids = kid_ids(m);
        assertThat(kids.size(), is(0));

        m = KM.get(5);
        kids = kid_ids(m);
        assertThat(kids.size(), is(0));
    }","@Test
    public void TestMultiTailedPostDom() {
        Node n1 = new Node(1);
        Node n2 = new Node(2);
        Node n3 = new Node(3);
        Node n4 = new Node(4);
        Node n5 = new Node(5);
        Node n6 = new Node(6);
        n1.addkid(n2).addkid(n3);
        n3.addkid(n4).addkid(n5);
        n4.addkid(n6);
        n5.addkid(n6);
        Graph g = new Graph(n1);

        MHGDominatorsFinder<Node> finder = new MHGDominatorsFinder<Node>(g);
        MHGDominatorTree<Node> tree = new MHGDominatorTree<Node>(finder);
        assertThat(tree.getHeads().size(), is(1));

        DominatorNode<Node> n = tree.getHeads().get(0);
        assertThat(n.getGode().id, is(1));
        Set<Integer> kids = kid_ids(n);
        assertThat(kids.size(), is(2));
        assertThat(kids, containsInAnyOrder(2, 3));

        Map<Integer, DominatorNode<Node>> KM = kid_map(n);
        DominatorNode<Node> m = KM.get(2);
        kids = kid_ids(m);
        assertThat(kids.size(), is(0));

        n = KM.get(3);
        kids = kid_ids(n);
        assertThat(kids.size(), is(3));
        assertThat(kids, containsInAnyOrder(4, 5, 6));

        KM = kid_map(n);
        m = KM.get(4);
        kids = kid_ids(m);
        assertThat(kids.size(), is(0));

        m = KM.get(5);
        kids = kid_ids(m);
        assertThat(kids.size(), is(0));

        m = KM.get(6);
        kids = kid_ids(m);
        assertThat(kids.size(), is(0));

        // ---------- now post-dom --------------

        MHGPostDominatorsFinder<Node> pfinder = new MHGPostDominatorsFinder<Node>(g);
        tree = new MHGDominatorTree<Node>(pfinder);

        Map<Integer,DominatorNode<Node>> heads = new HashMap<Integer,DominatorNode<Node>>();
        for (DominatorNode<Node> dhead : tree.getHeads()) {
            Node head = dhead.getGode();
            heads.put(head.id, dhead);
        }

        Set<Integer> head_ids = heads.keySet();
        assertThat(head_ids.size(), is(3));
        assertThat(head_ids, containsInAnyOrder(1, 2, 6));

        m = heads.get(1);
        kids = kid_ids(m);
        assertThat(kids.size(), is(0));

        m = heads.get(2);
        kids = kid_ids(m);
        assertThat(kids.size(), is(0));

        n = heads.get(6);
        kids = kid_ids(n);
        assertThat(kids.size(), is(3));
        assertThat(kids, containsInAnyOrder(3, 4, 5));

        KM = kid_map(n);
        m = KM.get(3);
        kids = kid_ids(m);
        assertThat(kids.size(), is(0));

        m = KM.get(4);
        kids = kid_ids(m);
        assertThat(kids.size(), is(0));

        m = KM.get(5);
        kids = kid_ids(m);
        assertThat(kids.size(), is(0));
    }","--- pre
+++ post
@@ -21,5 +21,5 @@
         Set<Integer> kids = kid_ids(n);
         assertThat(kids.size(), is(2));
-        assertThat(kids, contains(2, 3));
+        assertThat(kids, containsInAnyOrder(2, 3));
 
         Map<Integer, DominatorNode<Node>> KM = kid_map(n);
@@ -31,5 +31,5 @@
         kids = kid_ids(n);
         assertThat(kids.size(), is(3));
-        assertThat(kids, contains(4, 5, 6));
+        assertThat(kids, containsInAnyOrder(4, 5, 6));
 
         KM = kid_map(n);
@@ -59,5 +59,5 @@
         Set<Integer> head_ids = heads.keySet();
         assertThat(head_ids.size(), is(3));
-        assertThat(head_ids, contains(1, 2, 6));
+        assertThat(head_ids, containsInAnyOrder(1, 2, 6));
 
         m = heads.get(1);
@@ -72,5 +72,5 @@
         kids = kid_ids(n);
         assertThat(kids.size(), is(3));
-        assertThat(kids, contains(3, 4, 5));
+        assertThat(kids, containsInAnyOrder(3, 4, 5));
 
         KM = kid_map(n);"
soot-oss_soot,soot-oss/soot,TestDominance.TestSimpleDiamond,src/test/java/soot/toolkits/graph/TestDominance.java,41c5e68261aea47c61736b78079075e4ffe92639,fixed flaky tests,unordered collections,True,281.0,188,188,1,False,0.005319148936170213,False,cue_neutral,0,0,{},{},"@Test
    public void TestSimpleDiamond() {
        Node x = new Node(4);
        Node n = new Node(1).addkid((new Node(2)).addkid(x)).addkid((new Node(3)).addkid(x));
        Graph g = new Graph(n);
        MHGDominatorsFinder<Node> finder = new MHGDominatorsFinder<Node>(g);
        DominatorTree<Node> tree = new DominatorTree<Node>(finder);
        assertThat(tree.getHeads().size(), is(1));

        DominatorNode<Node> head = tree.getHeads().get(0);
        assertThat(head.getGode().id, is(1));

        Set<Integer> kids = kid_ids(head);
        assertThat(kids.size(), is(3));
        assertThat(kids, contains(2, 3, 4));
    }","@Test
    public void TestSimpleDiamond() {
        Node x = new Node(4);
        Node n = new Node(1).addkid((new Node(2)).addkid(x)).addkid((new Node(3)).addkid(x));
        Graph g = new Graph(n);
        MHGDominatorsFinder<Node> finder = new MHGDominatorsFinder<Node>(g);
        DominatorTree<Node> tree = new DominatorTree<Node>(finder);
        assertThat(tree.getHeads().size(), is(1));

        DominatorNode<Node> head = tree.getHeads().get(0);
        assertThat(head.getGode().id, is(1));

        Set<Integer> kids = kid_ids(head);
        assertThat(kids.size(), is(3));
        assertThat(kids, containsInAnyOrder(2, 3, 4));
    }","--- pre
+++ post
@@ -13,4 +13,4 @@
         Set<Integer> kids = kid_ids(head);
         assertThat(kids.size(), is(3));
-        assertThat(kids, contains(2, 3, 4));
+        assertThat(kids, containsInAnyOrder(2, 3, 4));
     }"
spotify_docker-client,spotify/docker-client,DefaultDockerClientTest.testListTaskWithCriteria,src/test/java/com/spotify/docker/client/DefaultDockerClientTest.java,1644ce9eaf11de126076317933aeb6fc6f29e5b4,Fix testListTaskWithCriteria,async wait,True,124.0,272,314,43,False,0.13694267515923567,False,cue_added,1,0,{'await': 1},{},"@Test
  public void testListTaskWithCriteria() throws Exception {
    requireDockerApiVersionAtLeast(""1.24"", ""swarm support"");

    final ServiceSpec spec = createServiceSpec(randomName());
    assertThat(sut.listTasks().size(), is(0));
    sut.createService(spec);
    await().until(numberOfTasks(sut), is(greaterThan(0)));

    final Task task = sut.listTasks().get(1);

    final List<Task> tasksWithId = sut.listTasks(Task.find().taskId(task.id()).build());
    assertThat(tasksWithId.size(), is(1));
    assertThat(tasksWithId.get(0), equalTo(task));

    final List<Task> tasksWithServiceName =
            sut.listTasks(Task.find().serviceName(spec.name()).build());
    assertThat(tasksWithServiceName.size(), is(greaterThanOrEqualTo(1)));
    final Set<String> taskIds = Sets.newHashSet(
            Lists.transform(tasksWithServiceName, new Function<Task, String>() {
              @Nullable
              @Override
              public String apply(@Nullable final Task task) {
                return task == null ? null : task.id();
              }
            }));
    assertThat(task.id(), isIn(taskIds));
  }","@Test
  public void testListTaskWithCriteria() throws Exception {
    requireDockerApiVersionAtLeast(""1.24"", ""swarm support"");

    final ServiceSpec spec = createServiceSpec(randomName());
    assertThat(sut.listTasks().size(), is(0));
    sut.createService(spec);
    await().until(numberOfTasks(sut), is(greaterThan(0)));

    final Task transientTask = sut.listTasks().get(1);
    await().until(taskState(transientTask.id(), sut), is(transientTask.desiredState()));
    final Task task = sut.inspectTask(transientTask.id());

    final List<Task> tasksWithId = sut.listTasks(Task.find().taskId(task.id()).build());
    assertThat(tasksWithId.size(), is(1));
    assertThat(tasksWithId.get(0), equalTo(task));

    final List<Task> tasksWithServiceName =
            sut.listTasks(Task.find().serviceName(spec.name()).build());
    assertThat(tasksWithServiceName.size(), is(greaterThanOrEqualTo(1)));
    final Set<String> taskIds = Sets.newHashSet(
            Lists.transform(tasksWithServiceName, new Function<Task, String>() {
              @Nullable
              @Override
              public String apply(@Nullable final Task task) {
                return task == null ? null : task.id();
              }
            }));
    assertThat(task.id(), isIn(taskIds));
  }","--- pre
+++ post
@@ -8,5 +8,7 @@
     await().until(numberOfTasks(sut), is(greaterThan(0)));
 
-    final Task task = sut.listTasks().get(1);
+    final Task transientTask = sut.listTasks().get(1);
+    await().until(taskState(transientTask.id(), sut), is(transientTask.desiredState()));
+    final Task task = sut.inspectTask(transientTask.id());
 
     final List<Task> tasksWithId = sut.listTasks(Task.find().taskId(task.id()).build());"
spring-projects_spring-data-couchbase,spring-projects/spring-data-couchbase,MappingCouchbaseConverterTests.writesAndReadsClassContainingCustomConvertedObjects,src/test/java/org/springframework/data/couchbase/core/mapping/MappingCouchbaseConverterTests.java,b99dc7794ad95a328f42920d8de88aa77c586c2f,fix flaky for writesAndReadsClassContainingCustomConvertedObjects,unordered collections,True,328.0,432,478,51,False,0.10669456066945607,False,cue_neutral,0,0,{},{},"@Test
    void writesAndReadsClassContainingCustomConvertedObjects() {
        List<Object> converters = new ArrayList<>();
        converters.add(BigDecimalToStringConverter.INSTANCE);
        converters.add(StringToBigDecimalConverter.INSTANCE);
        CustomConversions customConversions = new CouchbaseCustomConversions(converters);
        converter.setCustomConversions(customConversions);
        converter.afterPropertiesSet();
        ((CouchbaseMappingContext) converter.getMappingContext())
                .setSimpleTypeHolder(customConversions.getSimpleTypeHolder());

        CouchbaseDocument converted = new CouchbaseDocument();

        final String weightStr = ""12.34"";
        final BigDecimal weight = new BigDecimal(weightStr);
        final CustomObject addy = new CustomObject(weight);
        List<CustomObject> listOfObjects = new ArrayList<>();
        listOfObjects.add(addy);
        Map<String, CustomObject> mapOfObjects = new HashMap<>();
        mapOfObjects.put(""obj0"", addy);
        mapOfObjects.put(""obj1"", addy);

        CustomObjectEntity entity = new CustomObjectEntity(addy, listOfObjects, mapOfObjects);
        converter.write(entity, converted);

        CouchbaseDocument source = new CouchbaseDocument();
        source.put(""_class"", CustomObjectEntity.class.getName());
        CouchbaseDocument objectDoc = new CouchbaseDocument();
        objectDoc.put(""weight"", weightStr);
        source.put(""object"", objectDoc);
        CouchbaseList listOfObjectsDoc = new CouchbaseList();
        listOfObjectsDoc.put(objectDoc);
        source.put(""listOfObjects"", listOfObjectsDoc);
        CouchbaseDocument mapOfObjectsDoc = new CouchbaseDocument();
        mapOfObjectsDoc.put(""obj0"", objectDoc);
        mapOfObjectsDoc.put(""obj1"", objectDoc);
        source.put(""mapOfObjects"", mapOfObjectsDoc);
        assertThat(converted.export().toString()).isEqualTo(source.export().toString());

        CustomObjectEntity readConverted = converter.read(CustomObjectEntity.class, source);
        assertThat(readConverted.object.weight).isEqualTo(addy.weight);
        assertThat(readConverted.listOfObjects.get(0).weight).isEqualTo(listOfObjects.get(0).weight);
        assertThat(readConverted.mapOfObjects.get(""obj0"").weight).isEqualTo(mapOfObjects.get(""obj0"").weight);
        assertThat(readConverted.mapOfObjects.get(""obj1"").weight).isEqualTo(mapOfObjects.get(""obj1"").weight);
    }","@Test
    void writesAndReadsClassContainingCustomConvertedObjects() {
        List<Object> converters = new ArrayList<>();
        converters.add(BigDecimalToStringConverter.INSTANCE);
        converters.add(StringToBigDecimalConverter.INSTANCE);
        CustomConversions customConversions = new CouchbaseCustomConversions(converters);
        converter.setCustomConversions(customConversions);
        converter.afterPropertiesSet();
        ((CouchbaseMappingContext) converter.getMappingContext())
                .setSimpleTypeHolder(customConversions.getSimpleTypeHolder());

        CouchbaseDocument converted = new CouchbaseDocument();

        final String weightStr = ""12.34"";
        final BigDecimal weight = new BigDecimal(weightStr);
        final CustomObject addy = new CustomObject(weight);
        List<CustomObject> listOfObjects = new ArrayList<>();
        listOfObjects.add(addy);
        Map<String, CustomObject> mapOfObjects = new HashMap<>();
        mapOfObjects.put(""obj0"", addy);
        mapOfObjects.put(""obj1"", addy);

        CustomObjectEntity entity = new CustomObjectEntity(addy, listOfObjects, mapOfObjects);
        converter.write(entity, converted);

        CouchbaseDocument source = new CouchbaseDocument();
        source.put(""_class"", CustomObjectEntity.class.getName());
        CouchbaseDocument objectDoc = new CouchbaseDocument();
        objectDoc.put(""weight"", weightStr);
        source.put(""object"", objectDoc);
        CouchbaseList listOfObjectsDoc = new CouchbaseList();
        listOfObjectsDoc.put(objectDoc);
        source.put(""listOfObjects"", listOfObjectsDoc);
        CouchbaseDocument mapOfObjectsDoc = new CouchbaseDocument();
        mapOfObjectsDoc.put(""obj0"", objectDoc);
        mapOfObjectsDoc.put(""obj1"", objectDoc);
        source.put(""mapOfObjects"", mapOfObjectsDoc);

        char[] covertedString = converted.export().toString().toCharArray();
                char[] sourceString = source.export().toString().toCharArray();
                Arrays.sort(covertedString);
                Arrays.sort(sourceString);
        assertThat(String.valueOf(sourceString)).isEqualTo(String.valueOf(covertedString));

        CustomObjectEntity readConverted = converter.read(CustomObjectEntity.class, source);
        assertThat(readConverted.object.weight).isEqualTo(addy.weight);
        assertThat(readConverted.listOfObjects.get(0).weight).isEqualTo(listOfObjects.get(0).weight);
        assertThat(readConverted.mapOfObjects.get(""obj0"").weight).isEqualTo(mapOfObjects.get(""obj0"").weight);
        assertThat(readConverted.mapOfObjects.get(""obj1"").weight).isEqualTo(mapOfObjects.get(""obj1"").weight);
    }","--- pre
+++ post
@@ -36,5 +36,10 @@
         mapOfObjectsDoc.put(""obj1"", objectDoc);
         source.put(""mapOfObjects"", mapOfObjectsDoc);
-        assertThat(converted.export().toString()).isEqualTo(source.export().toString());
+
+        char[] covertedString = converted.export().toString().toCharArray();
+                char[] sourceString = source.export().toString().toCharArray();
+                Arrays.sort(covertedString);
+                Arrays.sort(sourceString);
+        assertThat(String.valueOf(sourceString)).isEqualTo(String.valueOf(covertedString));
 
         CustomObjectEntity readConverted = converter.read(CustomObjectEntity.class, source);"
spring-projects_spring-data-couchbase,spring-projects/spring-data-couchbase,MappingCouchbaseConverterTests.writesAndReadsCustomConvertedClass,src/test/java/org/springframework/data/couchbase/core/mapping/MappingCouchbaseConverterTests.java,d8d249502d4f6f2a515ca7f35c4de572278a2b81,fix flaky test writesAndReadsCustomFieldsConvertedClass (#1264),unknown,False,,499,499,1,False,0.002004008016032064,False,cue_removed,0,1,{},{'HashMap': 1},"@Test
    void writesAndReadsCustomConvertedClass() {
        List<Object> converters = new ArrayList<>();
        converters.add(BigDecimalToStringConverter.INSTANCE);
        converters.add(StringToBigDecimalConverter.INSTANCE);
        CustomConversions customConversions = new CouchbaseCustomConversions(converters);
        converter.setCustomConversions(customConversions);
        converter.afterPropertiesSet();
        ((CouchbaseMappingContext) converter.getMappingContext())
                .setSimpleTypeHolder(customConversions.getSimpleTypeHolder());

        CouchbaseDocument converted = new CouchbaseDocument();

        final String valueStr = ""12.345"";
        final BigDecimal value = new BigDecimal(valueStr);
        final String value2Str = ""0.6789"";
        final BigDecimal value2 = new BigDecimal(value2Str);
        List<BigDecimal> listOfValues = new ArrayList<>();
        listOfValues.add(value);
        listOfValues.add(value2);
        Map<String, BigDecimal> mapOfValues = new HashMap<>();
        mapOfValues.put(""val1"", value);
        mapOfValues.put(""val2"", value2);

        CustomEntity entity = new CustomEntity(value, listOfValues, mapOfValues);
        converter.write(entity, converted);

        CouchbaseDocument source = new CouchbaseDocument();
        source.put(""_class"", CustomEntity.class.getName());
        source.put(""value"", valueStr);
        CouchbaseList listOfValuesDoc = new CouchbaseList();
        listOfValuesDoc.put(valueStr);
        listOfValuesDoc.put(value2Str);
        source.put(""listOfValues"", listOfValuesDoc);
        CouchbaseDocument mapOfValuesDoc = new CouchbaseDocument();
        mapOfValuesDoc.put(""val1"", valueStr);
        mapOfValuesDoc.put(""val2"", value2Str);
        source.put(""mapOfValues"", mapOfValuesDoc);

        assertThat(valueStr).isEqualTo(((CouchbaseList) converted.getContent().get(""listOfValues"")).get(0));
        assertThat(value2Str).isEqualTo(((CouchbaseList) converted.getContent().get(""listOfValues"")).get(1));
        assertThat(converted.export().toString()).isEqualTo(source.export().toString());

        CustomEntity readConverted = converter.read(CustomEntity.class, source);
        assertThat(readConverted.value).isEqualTo(value);
        assertThat(readConverted.listOfValues.get(0)).isEqualTo(listOfValues.get(0));
        assertThat(readConverted.listOfValues.get(1)).isEqualTo(listOfValues.get(1));
        assertThat(readConverted.mapOfValues.get(""val1"")).isEqualTo(mapOfValues.get(""val1""));
        assertThat(readConverted.mapOfValues.get(""val2"")).isEqualTo(mapOfValues.get(""val2""));
    }","@Test
    void writesAndReadsCustomConvertedClass() {
        List<Object> converters = new ArrayList<>();
        converters.add(BigDecimalToStringConverter.INSTANCE);
        converters.add(StringToBigDecimalConverter.INSTANCE);
        CustomConversions customConversions = new CouchbaseCustomConversions(converters);
        converter.setCustomConversions(customConversions);
        converter.afterPropertiesSet();
        ((CouchbaseMappingContext) converter.getMappingContext())
                .setSimpleTypeHolder(customConversions.getSimpleTypeHolder());

        CouchbaseDocument converted = new CouchbaseDocument();

        final String valueStr = ""12.345"";
        final BigDecimal value = new BigDecimal(valueStr);
        final String value2Str = ""0.6789"";
        final BigDecimal value2 = new BigDecimal(value2Str);
        List<BigDecimal> listOfValues = new ArrayList<>();
        listOfValues.add(value);
        listOfValues.add(value2);
        Map<String, BigDecimal> mapOfValues = new TreeMap<>();
        mapOfValues.put(""val1"", value);
        mapOfValues.put(""val2"", value2);

        CustomEntity entity = new CustomEntity(value, listOfValues, mapOfValues);
        converter.write(entity, converted);

        CouchbaseDocument source = new CouchbaseDocument();
        source.put(""_class"", CustomEntity.class.getName());
        source.put(""value"", valueStr);
        CouchbaseList listOfValuesDoc = new CouchbaseList();
        listOfValuesDoc.put(valueStr);
        listOfValuesDoc.put(value2Str);
        source.put(""listOfValues"", listOfValuesDoc);
        CouchbaseDocument mapOfValuesDoc = new CouchbaseDocument();
        mapOfValuesDoc.put(""val1"", valueStr);
        mapOfValuesDoc.put(""val2"", value2Str);
        source.put(""mapOfValues"", mapOfValuesDoc);

        assertThat(valueStr).isEqualTo(((CouchbaseList) converted.getContent().get(""listOfValues"")).get(0));
        assertThat(value2Str).isEqualTo(((CouchbaseList) converted.getContent().get(""listOfValues"")).get(1));
        assertThat(converted.export().toString()).isEqualTo(source.export().toString());

        CustomEntity readConverted = converter.read(CustomEntity.class, source);
        assertThat(readConverted.value).isEqualTo(value);
        assertThat(readConverted.listOfValues.get(0)).isEqualTo(listOfValues.get(0));
        assertThat(readConverted.listOfValues.get(1)).isEqualTo(listOfValues.get(1));
        assertThat(readConverted.mapOfValues.get(""val1"")).isEqualTo(mapOfValues.get(""val1""));
        assertThat(readConverted.mapOfValues.get(""val2"")).isEqualTo(mapOfValues.get(""val2""));
    }","--- pre
+++ post
@@ -19,5 +19,5 @@
         listOfValues.add(value);
         listOfValues.add(value2);
-        Map<String, BigDecimal> mapOfValues = new HashMap<>();
+        Map<String, BigDecimal> mapOfValues = new TreeMap<>();
         mapOfValues.put(""val1"", value);
         mapOfValues.put(""val2"", value2);"
spring-projects_spring-data-envers,spring-projects/spring-data-envers,RepositoryIntegrationTests.considersRevisionNumberSortOrder,src/test/java/org/springframework/data/envers/repository/support/RepositoryIntegrationTests.java,5637994be37747e82b2d6d5b34555e2bee791fe6,#146 - Polishing.,unknown,False,,130,130,0,False,0.0,True,cue_neutral,0,0,{},{},"@Test
    public void considersRevisionNumberSortOrder() {

        Country de = new Country();
        de.code = ""de"";
        de.name = ""Deutschland"";

        countryRepository.save(de);

        de.name = ""Germany"";

        countryRepository.save(de);

        Page<Revision<Integer, Country>> page = countryRepository.findRevisions(de.id,
                PageRequest.of(0, 10, RevisionSort.desc()));

        assertThat(page).hasSize(2);
        assertThat(page.getContent().get(0).getRequiredRevisionNumber())
                .isGreaterThan(page.getContent().get(1).getRequiredRevisionNumber());
    }","@Test // #55
    public void considersRevisionNumberSortOrder() {

        Country de = new Country();
        de.code = ""de"";
        de.name = ""Deutschland"";

        countryRepository.save(de);

        de.name = ""Germany"";

        countryRepository.save(de);

        Page<Revision<Integer, Country>> page = countryRepository.findRevisions(de.id,
                PageRequest.of(0, 10, RevisionSort.desc()));

        assertThat(page).hasSize(2);
        assertThat(page.getContent().get(0).getRequiredRevisionNumber())
                .isGreaterThan(page.getContent().get(1).getRequiredRevisionNumber());
    }","--- pre
+++ post
@@ -1,3 +1,3 @@
-@Test
+@Test // #55
     public void considersRevisionNumberSortOrder() {
 "
spring-projects_spring-data-envers,spring-projects/spring-data-envers,RepositoryIntegrationTests.findsDeletedRevisions,src/test/java/org/springframework/data/envers/repository/support/RepositoryIntegrationTests.java,5637994be37747e82b2d6d5b34555e2bee791fe6,#146 - Polishing.,unknown,False,,111,111,0,False,0.0,True,cue_neutral,0,0,{},{},"@Test
    public void findsDeletedRevisions() {

        Country de = new Country();
        de.code = ""de"";
        de.name = ""Deutschland"";

        countryRepository.save(de);

        countryRepository.delete(de);

        Revisions<Integer, Country> revisions = countryRepository.findRevisions(de.id);

        assertThat(revisions).hasSize(2);
        assertThat(revisions.getLatestRevision().getEntity()) //
                .isNotNull() //
                .extracting(c -> c.name, c -> c.code) //
                .containsExactly(null, null);
    }","@Test // #21
    public void findsDeletedRevisions() {

        Country de = new Country();
        de.code = ""de"";
        de.name = ""Deutschland"";

        countryRepository.save(de);

        countryRepository.delete(de);

        Revisions<Integer, Country> revisions = countryRepository.findRevisions(de.id);

        assertThat(revisions).hasSize(2);
        assertThat(revisions.getLatestRevision().getEntity()) //
                .isNotNull() //
                .extracting(c -> c.name, c -> c.code) //
                .containsExactly(null, null);
    }","--- pre
+++ post
@@ -1,3 +1,3 @@
-@Test
+@Test // #21
     public void findsDeletedRevisions() {
 "
spring-projects_spring-data-envers,spring-projects/spring-data-envers,RepositoryIntegrationTests.returnsEmptyRevisionsForUnrevisionedEntity,src/test/java/org/springframework/data/envers/repository/support/RepositoryIntegrationTests.java,5637994be37747e82b2d6d5b34555e2bee791fe6,#146 - Polishing.,unknown,False,,23,23,0,False,0.0,True,cue_neutral,0,0,{},{},"@Test
    public void returnsEmptyRevisionsForUnrevisionedEntity() {
        assertThat(countryRepository.findRevisions(100L)).isEmpty();
    }","@Test // #1
    public void returnsEmptyRevisionsForUnrevisionedEntity() {
        assertThat(countryRepository.findRevisions(100L)).isEmpty();
    }","--- pre
+++ post
@@ -1,3 +1,3 @@
-@Test
+@Test // #1
     public void returnsEmptyRevisionsForUnrevisionedEntity() {
         assertThat(countryRepository.findRevisions(100L)).isEmpty();"
spring-projects_spring-data-envers,spring-projects/spring-data-envers,RepositoryIntegrationTests.returnsParticularRevisionForAnEntity,src/test/java/org/springframework/data/envers/repository/support/RepositoryIntegrationTests.java,5637994be37747e82b2d6d5b34555e2bee791fe6,#146 - Polishing.,unknown,False,,207,207,0,False,0.0,True,cue_neutral,0,0,{},{},"@Test
    public void returnsParticularRevisionForAnEntity() {

        Country de = new Country();
        de.code = ""de"";
        de.name = ""Deutschland"";

        countryRepository.save(de);

        de.name = ""Germany"";

        countryRepository.save(de);

        Revisions<Integer, Country> revisions = countryRepository.findRevisions(de.id);

        assertThat(revisions).hasSize(2);

        Iterator<Revision<Integer, Country>> iterator = revisions.iterator();
        Revision<Integer, Country> first = iterator.next();
        Revision<Integer, Country> second = iterator.next();

        assertThat(countryRepository.findRevision(de.id, first.getRequiredRevisionNumber())).hasValueSatisfying(it -> {
            assertThat(it.getEntity().name).isEqualTo(""Deutschland"");
        });

        assertThat(countryRepository.findRevision(de.id, second.getRequiredRevisionNumber())).hasValueSatisfying(it -> {
            assertThat(it.getEntity().name).isEqualTo(""Germany"");
        });
    }","@Test // #31
    public void returnsParticularRevisionForAnEntity() {

        Country de = new Country();
        de.code = ""de"";
        de.name = ""Deutschland"";

        countryRepository.save(de);

        de.name = ""Germany"";

        countryRepository.save(de);

        Revisions<Integer, Country> revisions = countryRepository.findRevisions(de.id);

        assertThat(revisions).hasSize(2);

        Iterator<Revision<Integer, Country>> iterator = revisions.iterator();
        Revision<Integer, Country> first = iterator.next();
        Revision<Integer, Country> second = iterator.next();

        assertThat(countryRepository.findRevision(de.id, first.getRequiredRevisionNumber())).hasValueSatisfying(it -> {
            assertThat(it.getEntity().name).isEqualTo(""Deutschland"");
        });

        assertThat(countryRepository.findRevision(de.id, second.getRequiredRevisionNumber())).hasValueSatisfying(it -> {
            assertThat(it.getEntity().name).isEqualTo(""Germany"");
        });
    }","--- pre
+++ post
@@ -1,3 +1,3 @@
-@Test
+@Test // #31
     public void returnsParticularRevisionForAnEntity() {
 "
spring-projects_spring-framework,spring-projects/spring-framework,StopWatchTests.validUsage,spring-core/src/test/java/org/springframework/util/StopWatchTests.java,bf373c5065fc5b561b385365cb01a9eb27621e9e,Skip all flaky StopWatch time assertions,unknown,False,,327,229,98,False,0.2996941896024465,False,cue_neutral,0,0,{},{},"@Test
    void validUsage() throws Exception {
        assertThat(stopWatch.isRunning()).isFalse();

        stopWatch.start(name1);
        Thread.sleep(duration1);
        assertThat(stopWatch.isRunning()).isTrue();
        assertThat(stopWatch.currentTaskName()).isEqualTo(name1);
        stopWatch.stop();
        assertThat(stopWatch.isRunning()).isFalse();
        assertThat(stopWatch.getLastTaskTimeNanos())
            .as(""last task time in nanoseconds for task #1"")
            .isGreaterThanOrEqualTo(millisToNanos(duration1 - fudgeFactor))
            .isLessThanOrEqualTo(millisToNanos(duration1 + fudgeFactor));
        assertThat(stopWatch.getTotalTimeMillis())
            .as(""total time in milliseconds for task #1"")
            .isGreaterThanOrEqualTo(duration1 - fudgeFactor)
            .isLessThanOrEqualTo(duration1 + fudgeFactor);
        assertThat(stopWatch.getTotalTimeSeconds())
            .as(""total time in seconds for task #1"")
            .isGreaterThanOrEqualTo((duration1 - fudgeFactor) / 1000.0)
            .isLessThanOrEqualTo((duration1 + fudgeFactor) / 1000.0);

        stopWatch.start(name2);
        Thread.sleep(duration2);
        assertThat(stopWatch.isRunning()).isTrue();
        assertThat(stopWatch.currentTaskName()).isEqualTo(name2);
        stopWatch.stop();
        assertThat(stopWatch.isRunning()).isFalse();

        /* Flaky StopWatch time assertions...
        assertThat(stopWatch.getLastTaskTimeNanos())
            .as(""last task time in nanoseconds for task #2"")
            .isGreaterThanOrEqualTo(millisToNanos(duration2))
            .isLessThanOrEqualTo(millisToNanos(duration2 + fudgeFactor));
        assertThat(stopWatch.getTotalTimeMillis())
            .as(""total time in milliseconds for tasks #1 and #2"")
            .isGreaterThanOrEqualTo(duration1 + duration2 - fudgeFactor)
            .isLessThanOrEqualTo(duration1 + duration2 + fudgeFactor);
        assertThat(stopWatch.getTotalTimeSeconds())
            .as(""total time in seconds for task #2"")
            .isGreaterThanOrEqualTo((duration1 + duration2 - fudgeFactor) / 1000.0)
            .isLessThanOrEqualTo((duration1 + duration2 + fudgeFactor) / 1000.0);
        */

        assertThat(stopWatch.getTaskCount()).isEqualTo(2);
        assertThat(stopWatch.prettyPrint()).contains(name1, name2);
        assertThat(stopWatch.getTaskInfo()).extracting(TaskInfo::getTaskName).containsExactly(name1, name2);
        assertThat(stopWatch.toString()).contains(ID, name1, name2);
        assertThat(stopWatch.getId()).isEqualTo(ID);
    }","@Test
    void validUsage() throws Exception {
        assertThat(stopWatch.isRunning()).isFalse();

        stopWatch.start(name1);
        Thread.sleep(duration1);
        assertThat(stopWatch.isRunning()).isTrue();
        assertThat(stopWatch.currentTaskName()).isEqualTo(name1);
        stopWatch.stop();
        assertThat(stopWatch.isRunning()).isFalse();

        /* Flaky StopWatch time assertions...
        assertThat(stopWatch.getLastTaskTimeNanos())
                .as(""last task time in nanoseconds for task #1"")
                .isGreaterThanOrEqualTo(TimeUnit.MILLISECONDS.toNanos(duration1 - fudgeFactor))
                .isLessThanOrEqualTo(TimeUnit.MILLISECONDS.toNanos(duration1 + fudgeFactor));
        assertThat(stopWatch.getTotalTimeMillis())
                .as(""total time in milliseconds for task #1"")
                .isGreaterThanOrEqualTo(duration1 - fudgeFactor)
                .isLessThanOrEqualTo(duration1 + fudgeFactor);
        assertThat(stopWatch.getTotalTimeSeconds())
                .as(""total time in seconds for task #1"")
                .isGreaterThanOrEqualTo((duration1 - fudgeFactor) / 1000.0)
                .isLessThanOrEqualTo((duration1 + fudgeFactor) / 1000.0);
        */

        stopWatch.start(name2);
        Thread.sleep(duration2);
        assertThat(stopWatch.isRunning()).isTrue();
        assertThat(stopWatch.currentTaskName()).isEqualTo(name2);
        stopWatch.stop();
        assertThat(stopWatch.isRunning()).isFalse();

        /* Flaky StopWatch time assertions...
        assertThat(stopWatch.getLastTaskTimeNanos())
                .as(""last task time in nanoseconds for task #2"")
                .isGreaterThanOrEqualTo(TimeUnit.MILLISECONDS.toNanos(duration2))
                .isLessThanOrEqualTo(TimeUnit.MILLISECONDS.toNanos(duration2 + fudgeFactor));
        assertThat(stopWatch.getTotalTimeMillis())
                .as(""total time in milliseconds for tasks #1 and #2"")
                .isGreaterThanOrEqualTo(duration1 + duration2 - fudgeFactor)
                .isLessThanOrEqualTo(duration1 + duration2 + fudgeFactor);
        assertThat(stopWatch.getTotalTimeSeconds())
                .as(""total time in seconds for task #2"")
                .isGreaterThanOrEqualTo((duration1 + duration2 - fudgeFactor) / 1000.0)
                .isLessThanOrEqualTo((duration1 + duration2 + fudgeFactor) / 1000.0);
        */

        assertThat(stopWatch.getTaskCount()).isEqualTo(2);
        assertThat(stopWatch.prettyPrint()).contains(name1, name2);
        assertThat(stopWatch.getTaskInfo()).extracting(TaskInfo::getTaskName).containsExactly(name1, name2);
        assertThat(stopWatch.toString()).contains(ID, name1, name2);
        assertThat(stopWatch.getId()).isEqualTo(ID);
    }","--- pre
+++ post
@@ -9,16 +9,19 @@
         stopWatch.stop();
         assertThat(stopWatch.isRunning()).isFalse();
+
+        /* Flaky StopWatch time assertions...
         assertThat(stopWatch.getLastTaskTimeNanos())
-            .as(""last task time in nanoseconds for task #1"")
-            .isGreaterThanOrEqualTo(millisToNanos(duration1 - fudgeFactor))
-            .isLessThanOrEqualTo(millisToNanos(duration1 + fudgeFactor));
+                .as(""last task time in nanoseconds for task #1"")
+                .isGreaterThanOrEqualTo(TimeUnit.MILLISECONDS.toNanos(duration1 - fudgeFactor))
+                .isLessThanOrEqualTo(TimeUnit.MILLISECONDS.toNanos(duration1 + fudgeFactor));
         assertThat(stopWatch.getTotalTimeMillis())
-            .as(""total time in milliseconds for task #1"")
-            .isGreaterThanOrEqualTo(duration1 - fudgeFactor)
-            .isLessThanOrEqualTo(duration1 + fudgeFactor);
+                .as(""total time in milliseconds for task #1"")
+                .isGreaterThanOrEqualTo(duration1 - fudgeFactor)
+                .isLessThanOrEqualTo(duration1 + fudgeFactor);
         assertThat(stopWatch.getTotalTimeSeconds())
-            .as(""total time in seconds for task #1"")
-            .isGreaterThanOrEqualTo((duration1 - fudgeFactor) / 1000.0)
-            .isLessThanOrEqualTo((duration1 + fudgeFactor) / 1000.0);
+                .as(""total time in seconds for task #1"")
+                .isGreaterThanOrEqualTo((duration1 - fudgeFactor) / 1000.0)
+                .isLessThanOrEqualTo((duration1 + fudgeFactor) / 1000.0);
+        */
 
         stopWatch.start(name2);
@@ -31,15 +34,15 @@
         /* Flaky StopWatch time assertions...
         assertThat(stopWatch.getLastTaskTimeNanos())
-            .as(""last task time in nanoseconds for task #2"")
-            .isGreaterThanOrEqualTo(millisToNanos(duration2))
-            .isLessThanOrEqualTo(millisToNanos(duration2 + fudgeFactor));
+                .as(""last task time in nanoseconds for task #2"")
+                .isGreaterThanOrEqualTo(TimeUnit.MILLISECONDS.toNanos(duration2))
+                .isLessThanOrEqualTo(TimeUnit.MILLISECONDS.toNanos(duration2 + fudgeFactor));
         assertThat(stopWatch.getTotalTimeMillis())
-            .as(""total time in milliseconds for tasks #1 and #2"")
-            .isGreaterThanOrEqualTo(duration1 + duration2 - fudgeFactor)
-            .isLessThanOrEqualTo(duration1 + duration2 + fudgeFactor);
+                .as(""total time in milliseconds for tasks #1 and #2"")
+                .isGreaterThanOrEqualTo(duration1 + duration2 - fudgeFactor)
+                .isLessThanOrEqualTo(duration1 + duration2 + fudgeFactor);
         assertThat(stopWatch.getTotalTimeSeconds())
-            .as(""total time in seconds for task #2"")
-            .isGreaterThanOrEqualTo((duration1 + duration2 - fudgeFactor) / 1000.0)
-            .isLessThanOrEqualTo((duration1 + duration2 + fudgeFactor) / 1000.0);
+                .as(""total time in seconds for task #2"")
+                .isGreaterThanOrEqualTo((duration1 + duration2 - fudgeFactor) / 1000.0)
+                .isLessThanOrEqualTo((duration1 + duration2 + fudgeFactor) / 1000.0);
         */
 "
spring-projects_spring-framework,spring-projects/spring-framework,StopWatchTests.validUsageDoesNotKeepTaskList,spring-core/src/test/java/org/springframework/util/StopWatchTests.java,bf373c5065fc5b561b385365cb01a9eb27621e9e,Skip all flaky StopWatch time assertions,unknown,False,,149,149,0,False,0.0,False,cue_neutral,0,0,{},{},"@Test
    void validUsageDoesNotKeepTaskList() throws Exception {
        stopWatch.setKeepTaskList(false);

        stopWatch.start(name1);
        Thread.sleep(duration1);
        assertThat(stopWatch.currentTaskName()).isEqualTo(name1);
        stopWatch.stop();

        stopWatch.start(name2);
        Thread.sleep(duration2);
        assertThat(stopWatch.currentTaskName()).isEqualTo(name2);
        stopWatch.stop();

        assertThat(stopWatch.getTaskCount()).isEqualTo(2);
        assertThat(stopWatch.prettyPrint()).contains(""No task info kept"");
        assertThat(stopWatch.toString()).doesNotContain(name1, name2);
        assertThatExceptionOfType(UnsupportedOperationException.class)
            .isThrownBy(stopWatch::getTaskInfo)
            .withMessage(""Task info is not being kept!"");
    }","@Test
    void validUsageDoesNotKeepTaskList() throws Exception {
        stopWatch.setKeepTaskList(false);

        stopWatch.start(name1);
        Thread.sleep(duration1);
        assertThat(stopWatch.currentTaskName()).isEqualTo(name1);
        stopWatch.stop();

        stopWatch.start(name2);
        Thread.sleep(duration2);
        assertThat(stopWatch.currentTaskName()).isEqualTo(name2);
        stopWatch.stop();

        assertThat(stopWatch.getTaskCount()).isEqualTo(2);
        assertThat(stopWatch.prettyPrint()).contains(""No task info kept"");
        assertThat(stopWatch.toString()).doesNotContain(name1, name2);
        assertThatExceptionOfType(UnsupportedOperationException.class)
                .isThrownBy(stopWatch::getTaskInfo)
                .withMessage(""Task info is not being kept!"");
    }","--- pre
+++ post
@@ -17,5 +17,5 @@
         assertThat(stopWatch.toString()).doesNotContain(name1, name2);
         assertThatExceptionOfType(UnsupportedOperationException.class)
-            .isThrownBy(stopWatch::getTaskInfo)
-            .withMessage(""Task info is not being kept!"");
+                .isThrownBy(stopWatch::getTaskInfo)
+                .withMessage(""Task info is not being kept!"");
     }"
square_okhttp,square/okhttp,CallTest.legalToExecuteTwiceCloning_Async,okhttp-tests/src/test/java/okhttp3/CallTest.java,5f26982c393177b6807537e499eee3e4e7a9d94e,fix flaky test CallTest.legalToExecuteTwiceCloning_Async,async wait,True,83.0,130,189,63,False,0.3333333333333333,False,cue_added,1,0,{'LinkedHashSet': 1},{},"@Test public void legalToExecuteTwiceCloning_Async() throws Exception {
    server.enqueue(new MockResponse().setBody(""abc""));
    server.enqueue(new MockResponse().setBody(""def""));

    Request request = new Request.Builder()
        .url(server.url(""/""))
        .build();

    Call call = client.newCall(request);
    call.enqueue(callback);

    Call cloned = call.clone();
    cloned.enqueue(callback);

    callback.await(request.url()).assertBody(""abc"");
    callback.await(request.url()).assertBody(""def"");
  }","@Test public void legalToExecuteTwiceCloning_Async() throws Exception {
    server.enqueue(new MockResponse().setBody(""abc""));
    server.enqueue(new MockResponse().setBody(""def""));

    Request request = new Request.Builder()
        .url(server.url(""/""))
        .build();

    Call call = client.newCall(request);
    call.enqueue(callback);

    Call cloned = call.clone();
    cloned.enqueue(callback);

    RecordedResponse firstResponse = callback.await(request.url()).assertSuccessful();
    RecordedResponse secondResponse = callback.await(request.url()).assertSuccessful();

    Set<String> bodies = new LinkedHashSet<>();
    bodies.add(firstResponse.getBody());
    bodies.add(secondResponse.getBody());

    assertTrue(bodies.contains(""abc""));
    assertTrue(bodies.contains(""def""));
  }","--- pre
+++ post
@@ -13,5 +13,12 @@
     cloned.enqueue(callback);
 
-    callback.await(request.url()).assertBody(""abc"");
-    callback.await(request.url()).assertBody(""def"");
+    RecordedResponse firstResponse = callback.await(request.url()).assertSuccessful();
+    RecordedResponse secondResponse = callback.await(request.url()).assertSuccessful();
+
+    Set<String> bodies = new LinkedHashSet<>();
+    bodies.add(firstResponse.getBody());
+    bodies.add(secondResponse.getBody());
+
+    assertTrue(bodies.contains(""abc""));
+    assertTrue(bodies.contains(""def""));
   }"
square_okhttp,square/okhttp,DuplexTest.duplexWithRedirect,okhttp-tests/src/test/java/okhttp3/DuplexTest.java,87bfe81744b407ddba3b6fc154949204af546ea5,Fix flaky DuplexTest.duplexWithRedirect,async wait,True,315.0,284,366,82,False,0.22404371584699453,False,cue_added,4,0,"{'CountDownLatch': 2, 'await': 1, 'InterruptedException': 1}",{},"@Test public void duplexWithRedirect() throws Exception {
    enableProtocol(Protocol.HTTP_2);

    MockDuplexResponseBody mockDuplexResponseBody = enqueueResponseWithBody(
        new MockResponse()
            .clearHeaders()
            .setResponseCode(HttpURLConnection.HTTP_MOVED_PERM)
            .addHeader(""Location: /b""),
        new MockDuplexResponseBody()
            .sendResponse(""/a has moved!\n"")
            .requestIOException()
            .exhaustResponse());
    server.enqueue(new MockResponse()
        .setBody(""this is /b""));

    Call call = client.newCall(new Request.Builder()
        .url(server.url(""/""))
        .post(new AsyncRequestBody())
        .build());

    try (Response response = call.execute()) {
      BufferedSource responseBody = response.body().source();
      assertThat(responseBody.readUtf8Line()).isEqualTo(""this is /b"");
    }

    BufferedSink requestBody = ((AsyncRequestBody) call.request().body()).takeSink();
    try {
      requestBody.writeUtf8(""request body\n"");
      requestBody.flush();
      fail();
    } catch (IOException expected) {
      assertThat(expected.getMessage()).isEqualTo(""stream was reset: CANCEL"");
    }

    mockDuplexResponseBody.awaitSuccess();

    assertThat(listener.recordedEventTypes()).containsExactly(
        ""CallStart"", ""DnsStart"", ""DnsEnd"", ""ConnectStart"",
        ""SecureConnectStart"", ""SecureConnectEnd"", ""ConnectEnd"", ""ConnectionAcquired"",
        ""RequestHeadersStart"", ""RequestHeadersEnd"", ""RequestBodyStart"", ""ResponseHeadersStart"",
        ""ResponseHeadersEnd"", ""ResponseBodyStart"", ""ResponseBodyEnd"", ""RequestHeadersStart"",
        ""RequestHeadersEnd"", ""ResponseHeadersStart"", ""ResponseHeadersEnd"", ""ResponseBodyStart"",
        ""ResponseBodyEnd"", ""ConnectionReleased"", ""CallEnd"", ""RequestFailed"");
  }","@Test public void duplexWithRedirect() throws Exception {
    enableProtocol(Protocol.HTTP_2);

    CountDownLatch duplexResponseSent = new CountDownLatch(1);
    listener = new RecordingEventListener() {
      @Override public void responseHeadersEnd(Call call, Response response) {
        try {
          // Wait for the server to send the duplex response before acting on the 301 response
          // and resetting the stream.
          duplexResponseSent.await();
        } catch (InterruptedException e) {
          throw new AssertionError();
        }
        super.responseHeadersEnd(call, response);
      }
    };

    client = client.newBuilder()
        .eventListener(listener)
        .build();

    MockDuplexResponseBody mockDuplexResponseBody = enqueueResponseWithBody(
        new MockResponse()
            .clearHeaders()
            .setResponseCode(HttpURLConnection.HTTP_MOVED_PERM)
            .addHeader(""Location: /b""),
        new MockDuplexResponseBody()
            .sendResponse(""/a has moved!\n"", duplexResponseSent)
            .requestIOException()
            .exhaustResponse());
    server.enqueue(new MockResponse()
        .setBody(""this is /b""));

    Call call = client.newCall(new Request.Builder()
        .url(server.url(""/""))
        .post(new AsyncRequestBody())
        .build());

    try (Response response = call.execute()) {
      BufferedSource responseBody = response.body().source();
      assertThat(responseBody.readUtf8Line()).isEqualTo(""this is /b"");
    }

    BufferedSink requestBody = ((AsyncRequestBody) call.request().body()).takeSink();
    try {
      requestBody.writeUtf8(""request body\n"");
      requestBody.flush();
      fail();
    } catch (IOException expected) {
      assertThat(expected.getMessage()).isEqualTo(""stream was reset: CANCEL"");
    }

    mockDuplexResponseBody.awaitSuccess();

    assertThat(listener.recordedEventTypes()).containsExactly(
        ""CallStart"", ""DnsStart"", ""DnsEnd"", ""ConnectStart"",
        ""SecureConnectStart"", ""SecureConnectEnd"", ""ConnectEnd"", ""ConnectionAcquired"",
        ""RequestHeadersStart"", ""RequestHeadersEnd"", ""RequestBodyStart"", ""ResponseHeadersStart"",
        ""ResponseHeadersEnd"", ""ResponseBodyStart"", ""ResponseBodyEnd"", ""RequestHeadersStart"",
        ""RequestHeadersEnd"", ""ResponseHeadersStart"", ""ResponseHeadersEnd"", ""ResponseBodyStart"",
        ""ResponseBodyEnd"", ""ConnectionReleased"", ""CallEnd"", ""RequestFailed"");
  }","--- pre
+++ post
@@ -1,4 +1,22 @@
 @Test public void duplexWithRedirect() throws Exception {
     enableProtocol(Protocol.HTTP_2);
+
+    CountDownLatch duplexResponseSent = new CountDownLatch(1);
+    listener = new RecordingEventListener() {
+      @Override public void responseHeadersEnd(Call call, Response response) {
+        try {
+          // Wait for the server to send the duplex response before acting on the 301 response
+          // and resetting the stream.
+          duplexResponseSent.await();
+        } catch (InterruptedException e) {
+          throw new AssertionError();
+        }
+        super.responseHeadersEnd(call, response);
+      }
+    };
+
+    client = client.newBuilder()
+        .eventListener(listener)
+        .build();
 
     MockDuplexResponseBody mockDuplexResponseBody = enqueueResponseWithBody(
@@ -8,5 +26,5 @@
             .addHeader(""Location: /b""),
         new MockDuplexResponseBody()
-            .sendResponse(""/a has moved!\n"")
+            .sendResponse(""/a has moved!\n"", duplexResponseSent)
             .requestIOException()
             .exhaustResponse());"
square_okhttp,square/okhttp,HttpOverHttp2Test.recoverFromCancelReusesConnection,okhttp-tests/src/test/java/okhttp3/internal/http2/HttpOverHttp2Test.java,afec05a4790eab9335cfb622ca518cfbe2ec2d5e,Fix flaky recoverFromMultipleCancelReusesConnection,async wait,True,212.0,226,227,77,False,0.3392070484581498,False,cue_neutral,2,2,{'CountDownLatch': 2},"{'InterruptedException': 1, 'await': 1}","@Test public void recoverFromCancelReusesConnection() throws Exception {
    CountDownLatch responseDequeuedLatch = new CountDownLatch(1);
    CountDownLatch requestCanceledLatch = new CountDownLatch(1);

    QueueDispatcher dispatcher = new QueueDispatcher() {
      @Override
      public MockResponse dispatch(RecordedRequest request) throws InterruptedException {
        // This guarantees a deterministic sequence when handling the canceled request:
        // 1. Server reads request and dequeues first response
        // 2. Client cancels request
        // 3. Server tries to send response on the canceled stream
        // Otherwise, there is no guarantee for the sequence. For example, the server may use the
        // first mocked response to respond to the second request.
        MockResponse response = super.dispatch(request);
        responseDequeuedLatch.countDown();
        requestCanceledLatch.await();
        return response;
      }
    };
    server.setDispatcher(dispatcher);

    dispatcher.enqueueResponse(new MockResponse()
        .setBodyDelay(10, TimeUnit.SECONDS)
        .setBody(""abc""));
    dispatcher.enqueueResponse(new MockResponse()
        .setBody(""def""));

    client = client.newBuilder()
        .dns(new DoubleInetAddressDns())
        .build();

    callAndCancel(0, responseDequeuedLatch, requestCanceledLatch);

    // Make a second request to ensure the connection is reused.
    Call call = client.newCall(new Request.Builder()
        .url(server.url(""/""))
        .build());
    Response response = call.execute();
    assertThat(response.body().string()).isEqualTo(""def"");
    assertThat(server.takeRequest().getSequenceNumber()).isEqualTo(1);
  }","@Test public void recoverFromCancelReusesConnection() throws Exception {
    List<CountDownLatch> responseDequeuedLatches = Arrays.asList(
        new CountDownLatch(1),
        // No synchronization is needed for the last request, which is not canceled.
        new CountDownLatch(0));
    List<CountDownLatch> requestCanceledLatches = Arrays.asList(
        new CountDownLatch(1),
        new CountDownLatch(0));

    QueueDispatcher dispatcher =
        new RespondAfterCancelDispatcher(responseDequeuedLatches, requestCanceledLatches);
    dispatcher.enqueueResponse(new MockResponse()
        .setBodyDelay(10, TimeUnit.SECONDS)
        .setBody(""abc""));
    dispatcher.enqueueResponse(new MockResponse()
        .setBody(""def""));
    server.setDispatcher(dispatcher);

    client = client.newBuilder()
        .dns(new DoubleInetAddressDns())
        .build();

    callAndCancel(0, responseDequeuedLatches.get(0), requestCanceledLatches.get(0));

    // Make a second request to ensure the connection is reused.
    Call call = client.newCall(new Request.Builder()
        .url(server.url(""/""))
        .build());
    Response response = call.execute();
    assertThat(response.body().string()).isEqualTo(""def"");
    assertThat(server.takeRequest().getSequenceNumber()).isEqualTo(1);
  }","--- pre
+++ post
@@ -1,23 +1,13 @@
 @Test public void recoverFromCancelReusesConnection() throws Exception {
-    CountDownLatch responseDequeuedLatch = new CountDownLatch(1);
-    CountDownLatch requestCanceledLatch = new CountDownLatch(1);
+    List<CountDownLatch> responseDequeuedLatches = Arrays.asList(
+        new CountDownLatch(1),
+        // No synchronization is needed for the last request, which is not canceled.
+        new CountDownLatch(0));
+    List<CountDownLatch> requestCanceledLatches = Arrays.asList(
+        new CountDownLatch(1),
+        new CountDownLatch(0));
 
-    QueueDispatcher dispatcher = new QueueDispatcher() {
-      @Override
-      public MockResponse dispatch(RecordedRequest request) throws InterruptedException {
-        // This guarantees a deterministic sequence when handling the canceled request:
-        // 1. Server reads request and dequeues first response
-        // 2. Client cancels request
-        // 3. Server tries to send response on the canceled stream
-        // Otherwise, there is no guarantee for the sequence. For example, the server may use the
-        // first mocked response to respond to the second request.
-        MockResponse response = super.dispatch(request);
-        responseDequeuedLatch.countDown();
-        requestCanceledLatch.await();
-        return response;
-      }
-    };
-    server.setDispatcher(dispatcher);
-
+    QueueDispatcher dispatcher =
+        new RespondAfterCancelDispatcher(responseDequeuedLatches, requestCanceledLatches);
     dispatcher.enqueueResponse(new MockResponse()
         .setBodyDelay(10, TimeUnit.SECONDS)
@@ -25,4 +15,5 @@
     dispatcher.enqueueResponse(new MockResponse()
         .setBody(""def""));
+    server.setDispatcher(dispatcher);
 
     client = client.newBuilder()
@@ -30,5 +21,5 @@
         .build();
 
-    callAndCancel(0, responseDequeuedLatch, requestCanceledLatch);
+    callAndCancel(0, responseDequeuedLatches.get(0), requestCanceledLatches.get(0));
 
     // Make a second request to ensure the connection is reused."
square_okhttp,square/okhttp,HttpOverHttp2Test.recoverFromMultipleCancelReusesConnection,okhttp-tests/src/test/java/okhttp3/internal/http2/HttpOverHttp2Test.java,afec05a4790eab9335cfb622ca518cfbe2ec2d5e,Fix flaky recoverFromMultipleCancelReusesConnection,unknown,False,,202,282,96,False,0.3404255319148936,False,cue_added,4,0,{'CountDownLatch': 4},{},"@Test public void recoverFromMultipleCancelReusesConnection() throws Exception {
    server.enqueue(new MockResponse()
            .setBodyDelay(10, TimeUnit.SECONDS)
            .setBody(""abc""));
    server.enqueue(new MockResponse()
            .setBodyDelay(10, TimeUnit.SECONDS)
            .setBody(""def""));
    server.enqueue(new MockResponse()
            .setBody(""ghi""));

    client = client.newBuilder()
            .dns(new DoubleInetAddressDns())
            .build();

    callAndCancel(0, new CountDownLatch(0), new CountDownLatch(0));
    callAndCancel(1, new CountDownLatch(0), new CountDownLatch(0));

    // Make a third request to ensure the connection is reused.
    Call call = client.newCall(new Request.Builder()
            .url(server.url(""/""))
            .build());
    Response response = call.execute();
    assertThat(response.body().string()).isEqualTo(""ghi"");
    assertThat(server.takeRequest().getSequenceNumber()).isEqualTo(2);
  }","@Test public void recoverFromMultipleCancelReusesConnection() throws Exception {
    List<CountDownLatch> responseDequeuedLatches = Arrays.asList(
        new CountDownLatch(1),
        new CountDownLatch(1),
        // No synchronization is needed for the last request, which is not canceled.
        new CountDownLatch(0));
    List<CountDownLatch> requestCanceledLatches = Arrays.asList(
        new CountDownLatch(1),
        new CountDownLatch(1),
        new CountDownLatch(0));

    QueueDispatcher dispatcher =
        new RespondAfterCancelDispatcher(responseDequeuedLatches, requestCanceledLatches);
    dispatcher.enqueueResponse(new MockResponse()
            .setBodyDelay(10, TimeUnit.SECONDS)
            .setBody(""abc""));
    dispatcher.enqueueResponse(new MockResponse()
            .setBodyDelay(10, TimeUnit.SECONDS)
            .setBody(""def""));
    dispatcher.enqueueResponse(new MockResponse()
            .setBody(""ghi""));
    server.setDispatcher(dispatcher);

    client = client.newBuilder()
            .dns(new DoubleInetAddressDns())
            .build();

    callAndCancel(0, responseDequeuedLatches.get(0), requestCanceledLatches.get(0));
    callAndCancel(1, responseDequeuedLatches.get(1), requestCanceledLatches.get(1));

    // Make a third request to ensure the connection is reused.
    Call call = client.newCall(new Request.Builder()
            .url(server.url(""/""))
            .build());
    Response response = call.execute();
    assertThat(response.body().string()).isEqualTo(""ghi"");
    assertThat(server.takeRequest().getSequenceNumber()).isEqualTo(2);
  }","--- pre
+++ post
@@ -1,11 +1,24 @@
 @Test public void recoverFromMultipleCancelReusesConnection() throws Exception {
-    server.enqueue(new MockResponse()
+    List<CountDownLatch> responseDequeuedLatches = Arrays.asList(
+        new CountDownLatch(1),
+        new CountDownLatch(1),
+        // No synchronization is needed for the last request, which is not canceled.
+        new CountDownLatch(0));
+    List<CountDownLatch> requestCanceledLatches = Arrays.asList(
+        new CountDownLatch(1),
+        new CountDownLatch(1),
+        new CountDownLatch(0));
+
+    QueueDispatcher dispatcher =
+        new RespondAfterCancelDispatcher(responseDequeuedLatches, requestCanceledLatches);
+    dispatcher.enqueueResponse(new MockResponse()
             .setBodyDelay(10, TimeUnit.SECONDS)
             .setBody(""abc""));
-    server.enqueue(new MockResponse()
+    dispatcher.enqueueResponse(new MockResponse()
             .setBodyDelay(10, TimeUnit.SECONDS)
             .setBody(""def""));
-    server.enqueue(new MockResponse()
+    dispatcher.enqueueResponse(new MockResponse()
             .setBody(""ghi""));
+    server.setDispatcher(dispatcher);
 
     client = client.newBuilder()
@@ -13,6 +26,6 @@
             .build();
 
-    callAndCancel(0, new CountDownLatch(0), new CountDownLatch(0));
-    callAndCancel(1, new CountDownLatch(0), new CountDownLatch(0));
+    callAndCancel(0, responseDequeuedLatches.get(0), requestCanceledLatches.get(0));
+    callAndCancel(1, responseDequeuedLatches.get(1), requestCanceledLatches.get(1));
 
     // Make a third request to ensure the connection is reused."
square_okhttp,square/okhttp,WebSocketHttpTest.missingConnectionHeader,okhttp-tests/src/test/java/okhttp3/internal/ws/WebSocketHttpTest.java,c13c8fa897b8f33198226db9ed7f9cf471cc624c,Don't leak a connection if a WebSocket handshake fails,unknown,False,,59,84,25,False,0.2976190476190476,False,cue_neutral,0,0,{},{},"@Test public void missingConnectionHeader() throws IOException {
    webServer.enqueue(new MockResponse()
        .setResponseCode(101)
        .setHeader(""Upgrade"", ""websocket"")
        .setHeader(""Sec-WebSocket-Accept"", ""ujmZX4KXZqjwy6vi1aQFH5p4Ygk=""));
    newWebSocket();

    clientListener.assertFailure(101, null, ProtocolException.class,
        ""Expected 'Connection' header value 'Upgrade' but was 'null'"");
  }","@Test public void missingConnectionHeader() throws IOException {
    webServer.enqueue(new MockResponse()
        .setResponseCode(101)
        .setHeader(""Upgrade"", ""websocket"")
        .setHeader(""Sec-WebSocket-Accept"", ""ujmZX4KXZqjwy6vi1aQFH5p4Ygk=""));
    newWebSocket();

    clientListener.assertFailure(101, null, ProtocolException.class,
        ""Expected 'Connection' header value 'Upgrade' but was 'null'"");

    client.connectionPool().evictAll();
    assertEquals(0, client.connectionPool().connectionCount());
  }","--- pre
+++ post
@@ -8,3 +8,6 @@
     clientListener.assertFailure(101, null, ProtocolException.class,
         ""Expected 'Connection' header value 'Upgrade' but was 'null'"");
+
+    client.connectionPool().evictAll();
+    assertEquals(0, client.connectionPool().connectionCount());
   }"
strapdata_elassandra,strapdata/elassandra,TokenServiceTests.testTokenExpiry,x-pack/plugin/security/src/test/java/org/elasticsearch/xpack/security/authc/TokenServiceTests.java,25bc5d872bc6a5e41c3dee38fbbe0e183f6228bf,Fix testTokenExpiry flaky test (#46308),unknown,False,,497,527,30,False,0.056925996204933584,False,cue_added,1,0,{'clock': 1},{},"public void testTokenExpiry() throws Exception {
        ClockMock clock = ClockMock.frozen();
        TokenService tokenService = createTokenService(tokenServiceEnabledSettings, clock);
        Authentication authentication = new Authentication(new User(""joe"", ""admin""), new RealmRef(""native_realm"", ""native"", ""node1""), null);
        PlainActionFuture<Tuple<UserToken, String>> tokenFuture = new PlainActionFuture<>();
        tokenService.createUserToken(authentication, authentication, tokenFuture, Collections.emptyMap(), true);
        final UserToken token = tokenFuture.get().v1();
        mockGetTokenFromId(token);
        mockCheckTokenInvalidationFromId(token);
        authentication = token.getAuthentication();

        ThreadContext requestContext = new ThreadContext(Settings.EMPTY);
        storeTokenHeader(requestContext, tokenService.getUserTokenString(token));

        try (ThreadContext.StoredContext ignore = requestContext.newStoredContext(true)) {
            // the clock is still frozen, so the cookie should be valid
            PlainActionFuture<UserToken> future = new PlainActionFuture<>();
            tokenService.getAndValidateToken(requestContext, future);
            assertAuthenticationEquals(authentication, future.get().getAuthentication());
        }

        final TimeValue defaultExpiration = TokenService.TOKEN_EXPIRATION.get(Settings.EMPTY);
        final int fastForwardAmount = randomIntBetween(1, Math.toIntExact(defaultExpiration.getSeconds()) - 5);
        try (ThreadContext.StoredContext ignore = requestContext.newStoredContext(true)) {
            // move the clock forward but don't go to expiry
            clock.fastForwardSeconds(fastForwardAmount);
            PlainActionFuture<UserToken> future = new PlainActionFuture<>();
            tokenService.getAndValidateToken(requestContext, future);
            assertAuthenticationEquals(authentication, future.get().getAuthentication());
        }

        try (ThreadContext.StoredContext ignore = requestContext.newStoredContext(true)) {
            // move to expiry
            clock.fastForwardSeconds(Math.toIntExact(defaultExpiration.getSeconds()) - fastForwardAmount);
            clock.rewind(TimeValue.timeValueNanos(clock.instant().getNano())); // trim off nanoseconds since don't store them in the index
            PlainActionFuture<UserToken> future = new PlainActionFuture<>();
            tokenService.getAndValidateToken(requestContext, future);
            assertAuthenticationEquals(authentication, future.get().getAuthentication());
        }

        try (ThreadContext.StoredContext ignore = requestContext.newStoredContext(true)) {
            // move one second past expiry
            clock.fastForwardSeconds(1);
            PlainActionFuture<UserToken> future = new PlainActionFuture<>();
            tokenService.getAndValidateToken(requestContext, future);
            ElasticsearchSecurityException e = expectThrows(ElasticsearchSecurityException.class, future::actionGet);
            final String headerValue = e.getHeader(""WWW-Authenticate"").get(0);
            assertThat(headerValue, containsString(""Bearer realm=""));
            assertThat(headerValue, containsString(""expired""));
        }

        assertSettingDeprecationsAndWarnings(new Setting[] { TokenService.BWC_ENABLED });
    }","public void testTokenExpiry() throws Exception {
        ClockMock clock = ClockMock.frozen();
        TokenService tokenService = createTokenService(tokenServiceEnabledSettings, clock);
        Authentication authentication = new Authentication(new User(""joe"", ""admin""), new RealmRef(""native_realm"", ""native"", ""node1""), null);
        PlainActionFuture<Tuple<UserToken, String>> tokenFuture = new PlainActionFuture<>();
        tokenService.createUserToken(authentication, authentication, tokenFuture, Collections.emptyMap(), true);
        final UserToken token = tokenFuture.get().v1();
        mockGetTokenFromId(token);
        mockCheckTokenInvalidationFromId(token);
        authentication = token.getAuthentication();

        ThreadContext requestContext = new ThreadContext(Settings.EMPTY);
        storeTokenHeader(requestContext, tokenService.getUserTokenString(token));

        try (ThreadContext.StoredContext ignore = requestContext.newStoredContext(true)) {
            // the clock is still frozen, so the cookie should be valid
            PlainActionFuture<UserToken> future = new PlainActionFuture<>();
            tokenService.getAndValidateToken(requestContext, future);
            assertAuthenticationEquals(authentication, future.get().getAuthentication());
        }

        final TimeValue defaultExpiration = TokenService.TOKEN_EXPIRATION.get(Settings.EMPTY);
        final int fastForwardAmount = randomIntBetween(1, Math.toIntExact(defaultExpiration.getSeconds()) - 5);
        try (ThreadContext.StoredContext ignore = requestContext.newStoredContext(true)) {
            // move the clock forward but don't go to expiry
            clock.fastForwardSeconds(fastForwardAmount);
            PlainActionFuture<UserToken> future = new PlainActionFuture<>();
            tokenService.getAndValidateToken(requestContext, future);
            assertAuthenticationEquals(authentication, future.get().getAuthentication());
        }

        try (ThreadContext.StoredContext ignore = requestContext.newStoredContext(true)) {
            // move to expiry
            clock.fastForwardSeconds(Math.toIntExact(defaultExpiration.getSeconds()) - fastForwardAmount);
            clock.rewind(TimeValue.timeValueNanos(clock.instant().getNano())); // trim off nanoseconds since don't store them in the index
            clock.setTime(new DateTime(token.getExpirationTime().truncatedTo(ChronoUnit.MILLIS).toEpochMilli(), DateTimeZone.UTC));
            PlainActionFuture<UserToken> future = new PlainActionFuture<>();
            tokenService.getAndValidateToken(requestContext, future);
            assertAuthenticationEquals(authentication, future.get().getAuthentication());
        }

        try (ThreadContext.StoredContext ignore = requestContext.newStoredContext(true)) {
            // move one second past expiry
            clock.fastForwardSeconds(1);
            PlainActionFuture<UserToken> future = new PlainActionFuture<>();
            tokenService.getAndValidateToken(requestContext, future);
            ElasticsearchSecurityException e = expectThrows(ElasticsearchSecurityException.class, future::actionGet);
            final String headerValue = e.getHeader(""WWW-Authenticate"").get(0);
            assertThat(headerValue, containsString(""Bearer realm=""));
            assertThat(headerValue, containsString(""expired""));
        }

        assertSettingDeprecationsAndWarnings(new Setting[] { TokenService.BWC_ENABLED });
    }","--- pre
+++ post
@@ -34,4 +34,5 @@
             clock.fastForwardSeconds(Math.toIntExact(defaultExpiration.getSeconds()) - fastForwardAmount);
             clock.rewind(TimeValue.timeValueNanos(clock.instant().getNano())); // trim off nanoseconds since don't store them in the index
+            clock.setTime(new DateTime(token.getExpirationTime().truncatedTo(ChronoUnit.MILLIS).toEpochMilli(), DateTimeZone.UTC));
             PlainActionFuture<UserToken> future = new PlainActionFuture<>();
             tokenService.getAndValidateToken(requestContext, future);"
swankjesse_dex,swankjesse/dex,OldDateFormatTest.test_parseLString,luni/src/test/java/libcore/java/text/OldDateFormatTest.java,dfe203b9f580f238240d56b4878336594af9b2cc,OldDateFormatTest is flaky; improve its output.,unknown,False,,1223,1181,91,False,0.07440719542109567,False,cue_neutral,0,0,{},{},"public void test_parseLString() {
        DateFormat format = DateFormat.getDateTimeInstance(DateFormat.SHORT, DateFormat.SHORT, Locale.US);

        try {
            format.parse(""not a Date"");
            fail(""should throw ParseException first"");
        } catch (ParseException pe) {
            assertNotNull(pe.getMessage());
        }

        Date current = new Date();

        try {
            Date date = format.parse(format.format(current).toString());
            assertEquals(current.getDate(), date.getDate());
            assertEquals(current.getDay(), date.getDay());
            assertEquals(current.getMonth(), date.getMonth());
            assertEquals(current.getYear(), date.getYear());
            assertEquals(current.getHours(), date.getHours());
            assertEquals(current.getMinutes(), date.getMinutes());
            assertEquals(0, date.getSeconds());
        } catch(ParseException pe) {
            fail(""ParseException was thrown for current Date."");
        }

        try {
            format.parse(""27/08/1998"");
            fail(""ParseException was not thrown."");
        } catch(ParseException pe) {
            //expected
        }
        try {
            format.parse(""30/30/908 4:50, PDT"");
            fail(""ParseException was not thrown."");
        } catch(ParseException pe) {
            //expected
        }
        try {
            format.parse(""837039928046"");
            fail(""ParseException was not thrown."");
        } catch(ParseException pe) {
            //expected
        }

        format = DateFormat.getDateInstance(DateFormat.DEFAULT, Locale.US);
        try {
            Date date = format.parse(format.format(current).toString());
            assertEquals(current.getDate(), date.getDate());
            assertEquals(current.getDay(), date.getDay());
            assertEquals(current.getMonth(), date.getMonth());
            assertEquals(current.getYear(), date.getYear());
            assertEquals(0, date.getHours());
            assertEquals(0, date.getMinutes());
            assertEquals(0, date.getSeconds());
        } catch(ParseException pe) {
            fail(""ParseException was thrown for current Date."");
        }

        try {
            format.parse(""Jan 16 1970"");
            fail(""ParseException was not thrown."");
        } catch(ParseException pe) {
            //expected
        }

        try {
            format.parse(""27/08/1998"");
            fail(""ParseException was not thrown."");
        } catch(ParseException pe) {
            //expected
        }

        format = DateFormat.getDateInstance(DateFormat.LONG, Locale.US);
        try {
            Date date = format.parse(format.format(current).toString());
            assertEquals(current.getDate(), date.getDate());
            assertEquals(current.getDay(), date.getDay());
            assertEquals(current.getMonth(), date.getMonth());
            assertEquals(current.getYear(), date.getYear());
            assertEquals(0, date.getHours());
            assertEquals(0, date.getMinutes());
            assertEquals(0, date.getSeconds());
        } catch(ParseException pe) {
            fail(""ParseException was thrown for current Date."");
        }

        format = DateFormat.getDateInstance(DateFormat.MEDIUM, Locale.US);
        try {
            Date date = format.parse(format.format(current).toString());
            assertEquals(current.getDate(), date.getDate());
            assertEquals(current.getDay(), date.getDay());
            assertEquals(current.getMonth(), date.getMonth());
            assertEquals(current.getYear(), date.getYear());
            assertEquals(0, date.getHours());
            assertEquals(0, date.getMinutes());
            assertEquals(0, date.getSeconds());
        } catch(ParseException pe) {
            fail(""ParseException was thrown for current Date."");
        }

        format = DateFormat.getTimeInstance(DateFormat.DEFAULT, Locale.US);
        try {
            Date date = format.parse(format.format(current).toString());
            assertEquals(1, date.getDate());
            assertEquals(0, date.getMonth());
            assertEquals(70, date.getYear());
            assertEquals(current.getHours(), date.getHours());
            assertEquals(current.getMinutes(), date.getMinutes());
        } catch(ParseException pe) {
            fail(""ParseException was thrown for current Date."");
        }

        try {
            format.parse(""8:58:44"");
            fail(""ParseException was not thrown."");
        } catch(ParseException pe) {
            //expected
        }

        format = DateFormat.getDateTimeInstance(DateFormat.DEFAULT, DateFormat.SHORT, Locale.US);
        try {
            Date date = format.parse(format.format(current).toString());
            assertEquals(current.getDate(), date.getDate());
            assertEquals(current.getDay(), date.getDay());
            assertEquals(current.getMonth(), date.getMonth());
            assertEquals(current.getYear(), date.getYear());
            assertEquals(current.getHours(), date.getHours());
            assertEquals(current.getMinutes(), date.getMinutes());
        } catch(ParseException pe) {
            fail(""ParseException was thrown for current Date."");
        }

        try {
            format.parse(""January 31 1970 7:52:34 AM PST"");
            fail(""ParseException was not thrown."");
        } catch(ParseException pe) {
            //expected
        }

        try {
            format.parse(""January 31 1970"");
            fail(""ParseException was not thrown."");
        } catch(ParseException pe) {
            //expected
        }

        format = DateFormat.getDateTimeInstance(DateFormat.FULL, DateFormat.FULL, Locale.US);
        try {
            Date date = format.parse(format.format(current).toString());
            assertEquals(current.getDate(), date.getDate());
            assertEquals(current.getDay(), date.getDay());
            assertEquals(current.getMonth(), date.getMonth());
            assertEquals(current.getYear(), date.getYear());
            assertEquals(current.getHours(), date.getHours());
            assertEquals(current.getMinutes(), date.getMinutes());
        } catch(ParseException pe) {
            fail(""ParseException was thrown for current Date."");
        }

        try {
            format.parse(""January 16, 1970 8:03:52 PM CET"");
            fail(""ParseException was not thrown."");
        } catch(ParseException pe) {
            //expected
        }
    }","public void test_parseLString() throws Exception {
        DateFormat format = DateFormat.getDateTimeInstance(DateFormat.SHORT, DateFormat.SHORT, Locale.US);

        try {
            format.parse(""not a Date"");
            fail(""should throw ParseException first"");
        } catch (ParseException pe) {
            assertNotNull(pe.getMessage());
        }

        Date current = new Date();

        try {
            Date date = format.parse(format.format(current).toString());
            assertEquals(current.getDate(), date.getDate());
            assertEquals(current.getDay(), date.getDay());
            assertEquals(current.getMonth(), date.getMonth());
            assertEquals(current.getYear(), date.getYear());
            assertEquals(current.getHours(), date.getHours());
            assertEquals(current.getMinutes(), date.getMinutes());
            assertEquals(0, date.getSeconds());
        } catch(ParseException pe) {
            fail(""ParseException was thrown for current Date."");
        }

        try {
            format.parse(""27/08/1998"");
            fail(""ParseException was not thrown."");
        } catch(ParseException pe) {
            //expected
        }
        try {
            format.parse(""30/30/908 4:50, PDT"");
            fail(""ParseException was not thrown."");
        } catch(ParseException pe) {
            //expected
        }
        try {
            format.parse(""837039928046"");
            fail(""ParseException was not thrown."");
        } catch(ParseException pe) {
            //expected
        }

        format = DateFormat.getDateInstance(DateFormat.DEFAULT, Locale.US);
        try {
            Date date = format.parse(format.format(current).toString());
            assertEquals(current.getDate(), date.getDate());
            assertEquals(current.getDay(), date.getDay());
            assertEquals(current.getMonth(), date.getMonth());
            assertEquals(current.getYear(), date.getYear());
            assertEquals(0, date.getHours());
            assertEquals(0, date.getMinutes());
            assertEquals(0, date.getSeconds());
        } catch(ParseException pe) {
            fail(""ParseException was thrown for current Date."");
        }

        try {
            format.parse(""Jan 16 1970"");
            fail(""ParseException was not thrown."");
        } catch(ParseException pe) {
            //expected
        }

        try {
            format.parse(""27/08/1998"");
            fail(""ParseException was not thrown."");
        } catch(ParseException pe) {
            //expected
        }

        format = DateFormat.getDateInstance(DateFormat.LONG, Locale.US);
        try {
            Date date = format.parse(format.format(current).toString());
            assertEquals(current.getDate(), date.getDate());
            assertEquals(current.getDay(), date.getDay());
            assertEquals(current.getMonth(), date.getMonth());
            assertEquals(current.getYear(), date.getYear());
            assertEquals(0, date.getHours());
            assertEquals(0, date.getMinutes());
            assertEquals(0, date.getSeconds());
        } catch(ParseException pe) {
            fail(""ParseException was thrown for current Date."");
        }

        format = DateFormat.getDateInstance(DateFormat.MEDIUM, Locale.US);
        try {
            Date date = format.parse(format.format(current).toString());
            assertEquals(current.getDate(), date.getDate());
            assertEquals(current.getDay(), date.getDay());
            assertEquals(current.getMonth(), date.getMonth());
            assertEquals(current.getYear(), date.getYear());
            assertEquals(0, date.getHours());
            assertEquals(0, date.getMinutes());
            assertEquals(0, date.getSeconds());
        } catch(ParseException pe) {
            fail(""ParseException was thrown for current Date."");
        }

        format = DateFormat.getTimeInstance(DateFormat.DEFAULT, Locale.US);
        try {
            Date date = format.parse(format.format(current).toString());
            assertEquals(1, date.getDate());
            assertEquals(0, date.getMonth());
            assertEquals(70, date.getYear());
            assertEquals(current.getHours(), date.getHours());
            assertEquals(current.getMinutes(), date.getMinutes());
        } catch(ParseException pe) {
            fail(""ParseException was thrown for current Date."");
        }

        try {
            format.parse(""8:58:44"");
            fail(""ParseException was not thrown."");
        } catch(ParseException pe) {
            //expected
        }

        format = DateFormat.getDateTimeInstance(DateFormat.DEFAULT, DateFormat.SHORT, Locale.US);
        try {
            Date date = format.parse(format.format(current).toString());
            assertEquals(current.getDate(), date.getDate());
            assertEquals(current.getDay(), date.getDay());
            assertEquals(current.getMonth(), date.getMonth());
            assertEquals(current.getYear(), date.getYear());
            assertEquals(current.getHours(), date.getHours());
            assertEquals(current.getMinutes(), date.getMinutes());
        } catch(ParseException pe) {
            fail(""ParseException was thrown for current Date."");
        }

        try {
            format.parse(""January 31 1970 7:52:34 AM PST"");
            fail(""ParseException was not thrown."");
        } catch (ParseException expected) {
        }

        try {
            format.parse(""January 31 1970"");
            fail(""ParseException was not thrown."");
        } catch (ParseException expected) {
        }

        format = DateFormat.getDateTimeInstance(DateFormat.FULL, DateFormat.FULL, Locale.US);
        String formatPattern = ((SimpleDateFormat) format).toPattern();
        String formattedCurrent = format.format(current);
        Date date = format.parse(formattedCurrent);
        // Date has millisecond accuracy, but humans don't use time formats that precise.
        if (date.getTime() / 1000 != current.getTime() / 1000) {
            fail(date.getTime() + "" != "" + current.getTime() +
                    ""; "" + formatPattern + ""; "" + formattedCurrent);
        }

        try {
            format.parse(""January 16, 1970 8:03:52 PM CET"");
            fail(""ParseException was not thrown."");
        } catch (ParseException expected) {
        }
    }","--- pre
+++ post
@@ -1,3 +1,3 @@
-public void test_parseLString() {
+public void test_parseLString() throws Exception {
         DateFormat format = DateFormat.getDateTimeInstance(DateFormat.SHORT, DateFormat.SHORT, Locale.US);
 
@@ -134,6 +134,5 @@
             format.parse(""January 31 1970 7:52:34 AM PST"");
             fail(""ParseException was not thrown."");
-        } catch(ParseException pe) {
-            //expected
+        } catch (ParseException expected) {
         }
 
@@ -141,19 +140,15 @@
             format.parse(""January 31 1970"");
             fail(""ParseException was not thrown."");
-        } catch(ParseException pe) {
-            //expected
+        } catch (ParseException expected) {
         }
 
         format = DateFormat.getDateTimeInstance(DateFormat.FULL, DateFormat.FULL, Locale.US);
-        try {
-            Date date = format.parse(format.format(current).toString());
-            assertEquals(current.getDate(), date.getDate());
-            assertEquals(current.getDay(), date.getDay());
-            assertEquals(current.getMonth(), date.getMonth());
-            assertEquals(current.getYear(), date.getYear());
-            assertEquals(current.getHours(), date.getHours());
-            assertEquals(current.getMinutes(), date.getMinutes());
-        } catch(ParseException pe) {
-            fail(""ParseException was thrown for current Date."");
+        String formatPattern = ((SimpleDateFormat) format).toPattern();
+        String formattedCurrent = format.format(current);
+        Date date = format.parse(formattedCurrent);
+        // Date has millisecond accuracy, but humans don't use time formats that precise.
+        if (date.getTime() / 1000 != current.getTime() / 1000) {
+            fail(date.getTime() + "" != "" + current.getTime() +
+                    ""; "" + formatPattern + ""; "" + formattedCurrent);
         }
 
@@ -161,6 +156,5 @@
             format.parse(""January 16, 1970 8:03:52 PM CET"");
             fail(""ParseException was not thrown."");
-        } catch(ParseException pe) {
-            //expected
+        } catch (ParseException expected) {
         }
     }"
testcontainers_testcontainers-java,testcontainers/testcontainers-java,WaitAllStrategyTest.appliesOuterTimeout,core/src/test/java/org/testcontainers/containers/wait/WaitAllStrategyTest.java,fc2f169fac91c413f7af5658d93445902470a9c6,fix flaky WaitAllStrategyTest#appliesOuterTimeout test (#731),unknown,False,,92,92,2,False,0.021739130434782608,False,cue_neutral,0,0,{},{},"@Test
    public void appliesOuterTimeout() {

        final WaitStrategy underTest = new WaitAllStrategy()
                .withStrategy(strategy1)
                .withStartupTimeout(Duration.ofMillis(10));

        doAnswer(invocation -> {
            Uninterruptibles.sleepUninterruptibly(20, TimeUnit.MILLISECONDS);
            return null;
        }).when(strategy1).waitUntilReady(eq(container));

        assertThrows(""The outer strategy timeout applies"", TimeoutException.class, () -> {
            underTest.waitUntilReady(container);
        });
    }","@Test
    public void appliesOuterTimeout() {

        final WaitStrategy underTest = new WaitAllStrategy()
                .withStrategy(strategy1)
                .withStartupTimeout(Duration.ofMillis(10));

        doAnswer(invocation -> {
            Uninterruptibles.sleepUninterruptibly(10, TimeUnit.SECONDS);
            return null;
        }).when(strategy1).waitUntilReady(eq(container));

        assertThrows(""The outer strategy timeout applies"", TimeoutException.class, () -> {
            underTest.waitUntilReady(container);
        });
    }","--- pre
+++ post
@@ -7,5 +7,5 @@
 
         doAnswer(invocation -> {
-            Uninterruptibles.sleepUninterruptibly(20, TimeUnit.MILLISECONDS);
+            Uninterruptibles.sleepUninterruptibly(10, TimeUnit.SECONDS);
             return null;
         }).when(strategy1).waitUntilReady(eq(container));"
togglz_togglz,togglz/togglz,ZookeeperStateRepositoryTest.testZkNodeChangesUpdateFeatureState,zookeeper/src/test/java/org/togglz/zookeeper/ZookeeperStateRepositoryTest.java,e8eacd4de866354d0f92224a6897809727a18bd6,Increased sleep duration to work around failing tests.. (#240),async wait,True,88.0,240,240,1,False,0.004166666666666667,False,cue_neutral,0,0,{},{},"@Test
    public void testZkNodeChangesUpdateFeatureState() throws Exception {
        setupTestWithEmptyDatastore();
        FeatureState savedFeatureState = new FeatureState(TestFeature.FEATURE);
        savedFeatureState.setStrategyId(UsernameActivationStrategy.ID);
        savedFeatureState.setParameter(UsernameActivationStrategy.PARAM_USERS, ""user1, user2, user3"");
        stateRepository.setFeatureState(savedFeatureState);

        FeatureState loadedFeatureState = stateRepository.getFeatureState(TestFeature.FEATURE);
        assertThat(reflectionEquals(savedFeatureState, loadedFeatureState), is(true));

        // Modify data in ZK
        FeatureStateStorageWrapper externallySetStateWrapper = new FeatureStateStorageWrapper();
        FeatureState externallySetState = new FeatureState(TestFeature.FEATURE);
        ObjectMapper objectMapper = new ObjectMapper();
        final String json = objectMapper.writeValueAsString(externallySetStateWrapper);

        final CountDownLatch latch = new CountDownLatch(1);
        new Thread(new Runnable() {
            @Override
            public void run() {
                try {
                    serverClientPair.client.setData().forPath(TEST_ZNODE + ""/FEATURE"", json.getBytes(""UTF-8""));
                    latch.countDown();
                } catch (Exception e) {
                    e.printStackTrace();
                }
            }
        }).start();
        latch.await(2, TimeUnit.SECONDS);
        Thread.sleep(25);

        loadedFeatureState = stateRepository.getFeatureState(TestFeature.FEATURE);
        assertThat(reflectionEquals(externallySetState, loadedFeatureState), is(true));
    }","@Test
    public void testZkNodeChangesUpdateFeatureState() throws Exception {
        setupTestWithEmptyDatastore();
        FeatureState savedFeatureState = new FeatureState(TestFeature.FEATURE);
        savedFeatureState.setStrategyId(UsernameActivationStrategy.ID);
        savedFeatureState.setParameter(UsernameActivationStrategy.PARAM_USERS, ""user1, user2, user3"");
        stateRepository.setFeatureState(savedFeatureState);

        FeatureState loadedFeatureState = stateRepository.getFeatureState(TestFeature.FEATURE);
        assertThat(reflectionEquals(savedFeatureState, loadedFeatureState), is(true));

        // Modify data in ZK
        FeatureStateStorageWrapper externallySetStateWrapper = new FeatureStateStorageWrapper();
        FeatureState externallySetState = new FeatureState(TestFeature.FEATURE);
        ObjectMapper objectMapper = new ObjectMapper();
        final String json = objectMapper.writeValueAsString(externallySetStateWrapper);

        final CountDownLatch latch = new CountDownLatch(1);
        new Thread(new Runnable() {
            @Override
            public void run() {
                try {
                    serverClientPair.client.setData().forPath(TEST_ZNODE + ""/FEATURE"", json.getBytes(""UTF-8""));
                    latch.countDown();
                } catch (Exception e) {
                    e.printStackTrace();
                }
            }
        }).start();
        latch.await(2, TimeUnit.SECONDS);
        Thread.sleep(500);

        loadedFeatureState = stateRepository.getFeatureState(TestFeature.FEATURE);
        assertThat(reflectionEquals(externallySetState, loadedFeatureState), is(true));
    }","--- pre
+++ post
@@ -29,5 +29,5 @@
         }).start();
         latch.await(2, TimeUnit.SECONDS);
-        Thread.sleep(25);
+        Thread.sleep(500);
 
         loadedFeatureState = stateRepository.getFeatureState(TestFeature.FEATURE);"
trinodb_trino,trinodb/trino,TestExchangeClient.testAddLocation,core/trino-main/src/test/java/io/trino/operator/TestExchangeClient.java,f009a46eb8a955c339eac2f6277ad112011d1216,Fix flaky TestExchangeClient.testAddLocation,async wait,True,24.0,695,709,59,False,0.08321579689703808,False,cue_neutral,0,0,{},{},"@Test
    public void testAddLocation()
            throws Exception
    {
        DataSize maxResponseSize = DataSize.of(10, Unit.MEGABYTE);
        MockExchangeRequestProcessor processor = new MockExchangeRequestProcessor(maxResponseSize);

        TaskId task1 = new TaskId(new StageId(""query"", 1), 0, 0);
        TaskId task2 = new TaskId(new StageId(""query"", 1), 1, 0);
        TaskId task3 = new TaskId(new StageId(""query"", 1), 2, 0);

        URI location1 = URI.create(""http://localhost:8080/1"");
        URI location2 = URI.create(""http://localhost:8080/2"");
        URI location3 = URI.create(""http://localhost:8080/3"");

        processor.addPage(location1, createSerializedPage(1));
        processor.addPage(location1, createSerializedPage(2));

        TestingExchangeClientBuffer buffer = new TestingExchangeClientBuffer(DataSize.of(1, Unit.MEGABYTE));

        @SuppressWarnings(""resource"")
        ExchangeClient exchangeClient = new ExchangeClient(
                ""localhost"",
                DataIntegrityVerification.ABORT,
                buffer,
                maxResponseSize,
                1,
                new Duration(1, TimeUnit.MINUTES),
                true,
                new TestingHttpClient(processor, scheduler),
                scheduler,
                new SimpleLocalMemoryContext(newSimpleAggregatedMemoryContext(), ""test""),
                pageBufferClientCallbackExecutor,
                (taskId, failure) -> {});

        assertThat(buffer.getAllTasks()).isEmpty();
        assertThat(buffer.getPages().asMap()).isEmpty();
        assertThat(buffer.getFinishedTasks()).isEmpty();
        assertThat(buffer.getFailedTasks().asMap()).isEmpty();
        assertFalse(buffer.isNoMoreTasks());

        exchangeClient.addLocation(task1, location1);
        assertThat(buffer.getAllTasks()).containsExactly(task1);
        assertTaskIsNotFinished(buffer, task1);

        processor.setComplete(location1);
        buffer.whenTaskFinished(task1).get(10, SECONDS);
        assertThat(buffer.getPages().get(task1)).hasSize(2);
        assertThat(buffer.getFinishedTasks()).containsExactly(task1);

        exchangeClient.addLocation(task2, location2);
        assertThat(buffer.getAllTasks()).containsExactlyInAnyOrder(task1, task2);
        assertTaskIsNotFinished(buffer, task2);

        processor.setComplete(location2);
        buffer.whenTaskFinished(task2).get(10, SECONDS);
        assertThat(buffer.getFinishedTasks()).containsExactlyInAnyOrder(task1, task2);
        assertThat(buffer.getPages().get(task2)).hasSize(0);

        exchangeClient.addLocation(task3, location3);
        assertThat(buffer.getAllTasks()).containsExactlyInAnyOrder(task1, task2, task3);
        assertTaskIsNotFinished(buffer, task3);

        exchangeClient.noMoreLocations();
        assertTrue(buffer.isNoMoreTasks());

        assertThat(buffer.getAllTasks()).containsExactlyInAnyOrder(task1, task2, task3);
        assertTaskIsNotFinished(buffer, task3);

        exchangeClient.close();

        assertEventually(() -> assertEquals(exchangeClient.getStatus().getPageBufferClientStatuses().get(0).getHttpRequestState(), ""not scheduled"", ""httpRequestState""));
        assertEventually(() -> assertEquals(exchangeClient.getStatus().getPageBufferClientStatuses().get(1).getHttpRequestState(), ""not scheduled"", ""httpRequestState""));
        assertEventually(() -> assertEquals(exchangeClient.getStatus().getPageBufferClientStatuses().get(2).getHttpRequestState(), ""not scheduled"", ""httpRequestState""));

        assertThat(buffer.getFinishedTasks()).containsExactlyInAnyOrder(task1, task2, task3);
        assertThat(buffer.getFailedTasks().asMap()).isEmpty();

        assertTrue(exchangeClient.isFinished());
    }","@Test
    public void testAddLocation()
            throws Exception
    {
        DataSize maxResponseSize = DataSize.of(10, Unit.MEGABYTE);
        MockExchangeRequestProcessor processor = new MockExchangeRequestProcessor(maxResponseSize);

        TaskId task1 = new TaskId(new StageId(""query"", 1), 0, 0);
        TaskId task2 = new TaskId(new StageId(""query"", 1), 1, 0);
        TaskId task3 = new TaskId(new StageId(""query"", 1), 2, 0);

        URI location1 = URI.create(""http://localhost:8080/1"");
        URI location2 = URI.create(""http://localhost:8080/2"");
        URI location3 = URI.create(""http://localhost:8080/3"");

        processor.addPage(location1, createSerializedPage(1));
        processor.addPage(location1, createSerializedPage(2));

        TestingExchangeClientBuffer buffer = new TestingExchangeClientBuffer(DataSize.of(1, Unit.MEGABYTE));

        @SuppressWarnings(""resource"")
        ExchangeClient exchangeClient = new ExchangeClient(
                ""localhost"",
                DataIntegrityVerification.ABORT,
                buffer,
                maxResponseSize,
                1,
                new Duration(1, TimeUnit.MINUTES),
                true,
                new TestingHttpClient(processor, scheduler),
                scheduler,
                new SimpleLocalMemoryContext(newSimpleAggregatedMemoryContext(), ""test""),
                pageBufferClientCallbackExecutor,
                (taskId, failure) -> {});

        assertThat(buffer.getAllTasks()).isEmpty();
        assertThat(buffer.getPages().asMap()).isEmpty();
        assertThat(buffer.getFinishedTasks()).isEmpty();
        assertThat(buffer.getFailedTasks().asMap()).isEmpty();
        assertFalse(buffer.isNoMoreTasks());

        exchangeClient.addLocation(task1, location1);
        assertThat(buffer.getAllTasks()).containsExactly(task1);
        assertTaskIsNotFinished(buffer, task1);

        processor.setComplete(location1);
        buffer.whenTaskFinished(task1).get(10, SECONDS);
        assertThat(buffer.getPages().get(task1)).hasSize(2);
        assertThat(buffer.getFinishedTasks()).containsExactly(task1);

        exchangeClient.addLocation(task2, location2);
        assertThat(buffer.getAllTasks()).containsExactlyInAnyOrder(task1, task2);
        assertTaskIsNotFinished(buffer, task2);

        processor.setComplete(location2);
        buffer.whenTaskFinished(task2).get(10, SECONDS);
        assertThat(buffer.getFinishedTasks()).containsExactlyInAnyOrder(task1, task2);
        assertThat(buffer.getPages().get(task2)).hasSize(0);

        exchangeClient.addLocation(task3, location3);
        assertThat(buffer.getAllTasks()).containsExactlyInAnyOrder(task1, task2, task3);
        assertTaskIsNotFinished(buffer, task3);

        exchangeClient.noMoreLocations();
        assertTrue(buffer.isNoMoreTasks());

        assertThat(buffer.getAllTasks()).containsExactlyInAnyOrder(task1, task2, task3);
        assertTaskIsNotFinished(buffer, task3);

        exchangeClient.close();
        buffer.whenTaskFinished(task3).get(10, SECONDS);
        assertThat(buffer.getFinishedTasks()).containsExactlyInAnyOrder(task1, task2, task3);
        assertThat(buffer.getFailedTasks().asMap()).isEmpty();

        assertEventually(() -> assertEquals(exchangeClient.getStatus().getPageBufferClientStatuses().get(0).getHttpRequestState(), ""not scheduled"", ""httpRequestState""));
        assertEventually(() -> assertEquals(exchangeClient.getStatus().getPageBufferClientStatuses().get(1).getHttpRequestState(), ""not scheduled"", ""httpRequestState""));
        assertEventually(() -> assertEquals(exchangeClient.getStatus().getPageBufferClientStatuses().get(2).getHttpRequestState(), ""not scheduled"", ""httpRequestState""));

        assertTrue(exchangeClient.isFinished());
    }","--- pre
+++ post
@@ -69,4 +69,7 @@
 
         exchangeClient.close();
+        buffer.whenTaskFinished(task3).get(10, SECONDS);
+        assertThat(buffer.getFinishedTasks()).containsExactlyInAnyOrder(task1, task2, task3);
+        assertThat(buffer.getFailedTasks().asMap()).isEmpty();
 
         assertEventually(() -> assertEquals(exchangeClient.getStatus().getPageBufferClientStatuses().get(0).getHttpRequestState(), ""not scheduled"", ""httpRequestState""));
@@ -74,7 +77,4 @@
         assertEventually(() -> assertEquals(exchangeClient.getStatus().getPageBufferClientStatuses().get(2).getHttpRequestState(), ""not scheduled"", ""httpRequestState""));
 
-        assertThat(buffer.getFinishedTasks()).containsExactlyInAnyOrder(task1, task2, task3);
-        assertThat(buffer.getFailedTasks().asMap()).isEmpty();
-
         assertTrue(exchangeClient.isFinished());
     }"
trinodb_trino,trinodb/trino,TestExternalAuthenticator.testAuthenticationFromMultipleThreadsWithCachedToken,client/trino-client/src/test/java/io/trino/client/auth/external/TestExternalAuthenticator.java,792ab8f64c878b14cc439973af7099426d216903,Fix flaky ExternalAuthenticator tests,unknown,False,,210,210,3,False,0.014285714285714285,False,cue_neutral,0,0,{},{},"@Test(timeOut = 2000)
    public void testAuthenticationFromMultipleThreadsWithCachedToken()
    {
        ExecutorService executor = newCachedThreadPool(daemonThreadsNamed(this.getClass().getName() + ""%n""));
        MockTokenPoller tokenPoller = new MockTokenPoller()
                .withResult(URI.create(""http://token.uri""), successful(new Token(""valid-token"")));
        MockRedirectHandler redirectHandler = new MockRedirectHandler()
                .sleepOnRedirect(Duration.ofMillis(10));

        ExternalAuthenticator authenticator = new ExternalAuthenticator(redirectHandler, tokenPoller, KnownToken.memoryCached(), Duration.ofSeconds(1));
        List<Future<Request>> requests = times(
                4,
                () -> authenticator.authenticate(null, getUnauthorizedResponse(""Bearer x_token_server=\""http://token.uri\"", x_redirect_server=\""http://redirect.uri\"""")))
                .map(executor::submit)
                .collect(toImmutableList());

        ConcurrentRequestAssertion assertion = new ConcurrentRequestAssertion(requests);
        assertion.requests()
                .extracting(Request::headers)
                .extracting(headers -> headers.get(AUTHORIZATION))
                .containsOnly(""Bearer valid-token"");
        assertion.assertThatNoExceptionsHasBeenThrown();
        assertThat(redirectHandler.getRedirectionCount()).isEqualTo(1);
    }","@Test(timeOut = 2000)
    public void testAuthenticationFromMultipleThreadsWithCachedToken()
    {
        ExecutorService executor = newCachedThreadPool(daemonThreadsNamed(this.getClass().getName() + ""%n""));
        MockTokenPoller tokenPoller = new MockTokenPoller()
                .withResult(URI.create(""http://token.uri""), successful(new Token(""valid-token"")));
        MockRedirectHandler redirectHandler = new MockRedirectHandler()
                .sleepOnRedirect(Duration.ofSeconds(1));

        ExternalAuthenticator authenticator = new ExternalAuthenticator(redirectHandler, tokenPoller, KnownToken.memoryCached(), Duration.ofSeconds(1));
        List<Future<Request>> requests = times(
                2,
                () -> authenticator.authenticate(null, getUnauthorizedResponse(""Bearer x_token_server=\""http://token.uri\"", x_redirect_server=\""http://redirect.uri\"""")))
                .map(executor::submit)
                .collect(toImmutableList());

        ConcurrentRequestAssertion assertion = new ConcurrentRequestAssertion(requests);
        assertion.requests()
                .extracting(Request::headers)
                .extracting(headers -> headers.get(AUTHORIZATION))
                .containsOnly(""Bearer valid-token"");
        assertion.assertThatNoExceptionsHasBeenThrown();
        assertThat(redirectHandler.getRedirectionCount()).isEqualTo(1);
    }","--- pre
+++ post
@@ -6,9 +6,9 @@
                 .withResult(URI.create(""http://token.uri""), successful(new Token(""valid-token"")));
         MockRedirectHandler redirectHandler = new MockRedirectHandler()
-                .sleepOnRedirect(Duration.ofMillis(10));
+                .sleepOnRedirect(Duration.ofSeconds(1));
 
         ExternalAuthenticator authenticator = new ExternalAuthenticator(redirectHandler, tokenPoller, KnownToken.memoryCached(), Duration.ofSeconds(1));
         List<Future<Request>> requests = times(
-                4,
+                2,
                 () -> authenticator.authenticate(null, getUnauthorizedResponse(""Bearer x_token_server=\""http://token.uri\"", x_redirect_server=\""http://redirect.uri\"""")))
                 .map(executor::submit)"
trinodb_trino,trinodb/trino,TestExternalAuthenticator.testAuthenticationFromMultipleThreadsWithCachedTokenAfterAuthenticateFails,client/trino-client/src/test/java/io/trino/client/auth/external/TestExternalAuthenticator.java,792ab8f64c878b14cc439973af7099426d216903,Fix flaky ExternalAuthenticator tests,unknown,False,,220,215,7,False,0.031818181818181815,False,cue_neutral,0,0,{},{},"@Test(timeOut = 2000)
    public void testAuthenticationFromMultipleThreadsWithCachedTokenAfterAuthenticateFails()
    {
        MockTokenPoller tokenPoller = new MockTokenPoller()
                .withResult(URI.create(""http://token.uri""), TokenPollResult.successful(new Token(""first-token"")))
                .withResult(URI.create(""http://token.uri""), TokenPollResult.failed(""external authentication error""));
        MockRedirectHandler redirectHandler = new MockRedirectHandler()
                .sleepOnRedirect(Duration.ofMillis(10));

        ExternalAuthenticator authenticator = new ExternalAuthenticator(redirectHandler, tokenPoller, KnownToken.memoryCached(), Duration.ofSeconds(1));
        Request firstRequest = authenticator.authenticate(null, getUnauthorizedResponse(""Bearer x_token_server=\""http://token.uri\"", x_redirect_server=\""http://redirect.uri\""""));

        List<Future<Request>> requests = times(
                4,
                () -> authenticator.authenticate(null, getUnauthorizedResponse(""Bearer x_token_server=\""http://token.uri\"", x_redirect_server=\""http://redirect.uri\"""", firstRequest)))
                .map(executor::submit)
                .collect(toImmutableList());

        ConcurrentRequestAssertion assertion = new ConcurrentRequestAssertion(requests);
        assertion.requests().containsExactly(null, null, null);
        assertion.firstException().hasMessage(""external authentication error"")
                .isInstanceOf(ClientException.class);

        assertThat(redirectHandler.getRedirectionCount()).isEqualTo(2);
    }","@Test(timeOut = 2000)
    public void testAuthenticationFromMultipleThreadsWithCachedTokenAfterAuthenticateFails()
    {
        MockTokenPoller tokenPoller = new MockTokenPoller()
                .withResult(URI.create(""http://token.uri""), TokenPollResult.successful(new Token(""first-token"")))
                .withResult(URI.create(""http://token.uri""), TokenPollResult.failed(""external authentication error""));
        MockRedirectHandler redirectHandler = new MockRedirectHandler()
                .sleepOnRedirect(Duration.ofMillis(500));

        ExternalAuthenticator authenticator = new ExternalAuthenticator(redirectHandler, tokenPoller, KnownToken.memoryCached(), Duration.ofSeconds(1));
        Request firstRequest = authenticator.authenticate(null, getUnauthorizedResponse(""Bearer x_token_server=\""http://token.uri\"", x_redirect_server=\""http://redirect.uri\""""));

        List<Future<Request>> requests = times(
                4,
                () -> authenticator.authenticate(null, getUnauthorizedResponse(""Bearer x_token_server=\""http://token.uri\"", x_redirect_server=\""http://redirect.uri\"""", firstRequest)))
                .map(executor::submit)
                .collect(toImmutableList());

        ConcurrentRequestAssertion assertion = new ConcurrentRequestAssertion(requests);
        assertion.requests().containsOnlyNulls();
        assertion.firstException().hasMessage(""external authentication error"")
                .isInstanceOf(ClientException.class);

        assertThat(redirectHandler.getRedirectionCount()).isEqualTo(2);
    }","--- pre
+++ post
@@ -6,5 +6,5 @@
                 .withResult(URI.create(""http://token.uri""), TokenPollResult.failed(""external authentication error""));
         MockRedirectHandler redirectHandler = new MockRedirectHandler()
-                .sleepOnRedirect(Duration.ofMillis(10));
+                .sleepOnRedirect(Duration.ofMillis(500));
 
         ExternalAuthenticator authenticator = new ExternalAuthenticator(redirectHandler, tokenPoller, KnownToken.memoryCached(), Duration.ofSeconds(1));
@@ -18,5 +18,5 @@
 
         ConcurrentRequestAssertion assertion = new ConcurrentRequestAssertion(requests);
-        assertion.requests().containsExactly(null, null, null);
+        assertion.requests().containsOnlyNulls();
         assertion.firstException().hasMessage(""external authentication error"")
                 .isInstanceOf(ClientException.class);"
trinodb_trino,trinodb/trino,TestExternalAuthenticator.testAuthenticationFromMultipleThreadsWithCachedTokenAfterAuthenticateTimesOut,client/trino-client/src/test/java/io/trino/client/auth/external/TestExternalAuthenticator.java,792ab8f64c878b14cc439973af7099426d216903,Fix flaky ExternalAuthenticator tests,unknown,False,,159,155,7,False,0.0440251572327044,False,cue_neutral,0,0,{},{},"@Test(timeOut = 2000)
    public void testAuthenticationFromMultipleThreadsWithCachedTokenAfterAuthenticateTimesOut()
    {
        MockRedirectHandler redirectHandler = new MockRedirectHandler()
                .sleepOnRedirect(Duration.ofMillis(5));

        ExternalAuthenticator authenticator = new ExternalAuthenticator(redirectHandler, (uri, duration) -> TokenPollResult.pending(uri), KnownToken.memoryCached(), Duration.ofMillis(1));
        List<Future<Request>> requests = times(
                4,
                () -> authenticator.authenticate(null, getUnauthorizedResponse(""Bearer x_token_server=\""http://token.uri\"", x_redirect_server=\""http://redirect.uri\"""")))
                .map(executor::submit)
                .collect(toImmutableList());

        ConcurrentRequestAssertion assertion = new ConcurrentRequestAssertion(requests);
        assertion.requests()
                .containsExactly(null, null, null, null);
        assertion.assertThatNoExceptionsHasBeenThrown();
        assertThat(redirectHandler.getRedirectionCount()).isEqualTo(1);
    }","@Test(timeOut = 2000)
    public void testAuthenticationFromMultipleThreadsWithCachedTokenAfterAuthenticateTimesOut()
    {
        MockRedirectHandler redirectHandler = new MockRedirectHandler()
                .sleepOnRedirect(Duration.ofSeconds(1));

        ExternalAuthenticator authenticator = new ExternalAuthenticator(redirectHandler, (uri, duration) -> TokenPollResult.pending(uri), KnownToken.memoryCached(), Duration.ofMillis(1));
        List<Future<Request>> requests = times(
                2,
                () -> authenticator.authenticate(null, getUnauthorizedResponse(""Bearer x_token_server=\""http://token.uri\"", x_redirect_server=\""http://redirect.uri\"""")))
                .map(executor::submit)
                .collect(toImmutableList());

        ConcurrentRequestAssertion assertion = new ConcurrentRequestAssertion(requests);
        assertion.requests()
                .containsExactly(null, null);
        assertion.assertThatNoExceptionsHasBeenThrown();
        assertThat(redirectHandler.getRedirectionCount()).isEqualTo(1);
    }","--- pre
+++ post
@@ -3,9 +3,9 @@
     {
         MockRedirectHandler redirectHandler = new MockRedirectHandler()
-                .sleepOnRedirect(Duration.ofMillis(5));
+                .sleepOnRedirect(Duration.ofSeconds(1));
 
         ExternalAuthenticator authenticator = new ExternalAuthenticator(redirectHandler, (uri, duration) -> TokenPollResult.pending(uri), KnownToken.memoryCached(), Duration.ofMillis(1));
         List<Future<Request>> requests = times(
-                4,
+                2,
                 () -> authenticator.authenticate(null, getUnauthorizedResponse(""Bearer x_token_server=\""http://token.uri\"", x_redirect_server=\""http://redirect.uri\"""")))
                 .map(executor::submit)
@@ -14,5 +14,5 @@
         ConcurrentRequestAssertion assertion = new ConcurrentRequestAssertion(requests);
         assertion.requests()
-                .containsExactly(null, null, null, null);
+                .containsExactly(null, null);
         assertion.assertThatNoExceptionsHasBeenThrown();
         assertThat(redirectHandler.getRedirectionCount()).isEqualTo(1);"
trinodb_trino,trinodb/trino,TestPrestoDriver.testQueryTimeout,presto-jdbc/src/test/java/com/facebook/presto/jdbc/TestPrestoDriver.java,4e70e865fa9714bb6a07219de716db6b1900305b,Fix flaky test TestPrestoDriver::testQueryTimeout(),unknown,False,,237,231,6,False,0.02531645569620253,False,cue_neutral,0,0,{},{},"@Test(timeOut = 4000)
    public void testQueryTimeout()
            throws Exception
    {
        try (Connection connection = createConnection(""blackhole"", ""blackhole"");
                Statement statement = connection.createStatement()) {
            statement.executeUpdate(""CREATE TABLE test_query_timeout (key BIGINT) "" +
                    ""WITH ("" +
                    ""   split_count = 1, "" +
                    ""   pages_per_split = 1, "" +
                    ""   rows_per_page = 1, "" +
                    ""   page_processing_delay = '1m'"" +
                    "")"");
        }

        CountDownLatch queryFinished = new CountDownLatch(1);
        AtomicReference<Throwable> queryFailure = new AtomicReference<>();

        executorService.submit(() -> {
            try (Connection connection = createConnection(""blackhole"", ""default"");
                    Statement statement = connection.createStatement()) {
                statement.setQueryTimeout(1);
                try (ResultSet resultSet = statement.executeQuery(""SELECT * FROM test_query_timeout"")) {
                    try {
                        resultSet.next();
                    }
                    catch (SQLException t) {
                        queryFailure.set(t);
                    }
                    finally {
                        queryFinished.countDown();
                    }
                }
            }
            return null;
        });

        // make sure the query timed out
        assertTrue(queryFinished.await(2, SECONDS));
        assertNotNull(queryFailure.get());
        assertContains(queryFailure.get().getMessage(), ""Query exceeded maximum time limit of 1.00s"");

        try (Connection connection = createConnection(""blackhole"", ""blackhole"");
                Statement statement = connection.createStatement()) {
            statement.executeUpdate(""DROP TABLE test_query_timeout"");
        }
    }","@Test(timeOut = 4000)
    public void testQueryTimeout()
            throws Exception
    {
        try (Connection connection = createConnection(""blackhole"", ""blackhole"");
                Statement statement = connection.createStatement()) {
            statement.executeUpdate(""CREATE TABLE test_query_timeout (key BIGINT) "" +
                    ""WITH ("" +
                    ""   split_count = 1, "" +
                    ""   pages_per_split = 1, "" +
                    ""   rows_per_page = 1, "" +
                    ""   page_processing_delay = '1m'"" +
                    "")"");
        }

        CountDownLatch queryFinished = new CountDownLatch(1);
        AtomicReference<Throwable> queryFailure = new AtomicReference<>();

        executorService.submit(() -> {
            try (Connection connection = createConnection(""blackhole"", ""default"");
                    Statement statement = connection.createStatement()) {
                statement.setQueryTimeout(1);
                try (ResultSet resultSet = statement.executeQuery(""SELECT * FROM test_query_timeout"")) {
                    try {
                        resultSet.next();
                    }
                    catch (SQLException t) {
                        queryFailure.set(t);
                    }
                    finally {
                        queryFinished.countDown();
                    }
                }
            }
            return null;
        });

        // make sure the query timed out
        queryFinished.await();
        assertNotNull(queryFailure.get());
        assertContains(queryFailure.get().getMessage(), ""Query exceeded maximum time limit of 1.00s"");

        try (Connection connection = createConnection(""blackhole"", ""blackhole"");
                Statement statement = connection.createStatement()) {
            statement.executeUpdate(""DROP TABLE test_query_timeout"");
        }
    }","--- pre
+++ post
@@ -37,5 +37,5 @@
 
         // make sure the query timed out
-        assertTrue(queryFinished.await(2, SECONDS));
+        queryFinished.await();
         assertNotNull(queryFailure.get());
         assertContains(queryFailure.get().getMessage(), ""Query exceeded maximum time limit of 1.00s"");"
triplea-game_triplea,triplea-game/triplea,SendMessageAndConnect.close,http-clients/src/test/java/org/triplea/http/client/web/socket/WebSocketConnectionTest.java,d5cb14872aaf259f05aeb28b528dde89c73b542d,Fix flaky test with Mockito.timeout (#5428),unknown,False,,60,56,11,False,0.18333333333333332,False,cue_removed,1,2,{'timeout': 1},"{'Thread': 1, 'sleep': 1}","@Test
    void close() throws Exception {
      when(webSocketClient.getConnection()).thenReturn(webSocket);
      when(webSocketClient.isOpen()).thenReturn(true);

      webSocketConnection.close();

      // small delay to allow async 'close' to complete
      Thread.sleep(10);
      verify(webSocket).close();
    }","@Test
    void close() {
      when(webSocketClient.getConnection()).thenReturn(webSocket);
      when(webSocketClient.isOpen()).thenReturn(true);

      webSocketConnection.close();

      verify(webSocket, timeout(150)).close();
    }","--- pre
+++ post
@@ -1,4 +1,4 @@
 @Test
-    void close() throws Exception {
+    void close() {
       when(webSocketClient.getConnection()).thenReturn(webSocket);
       when(webSocketClient.isOpen()).thenReturn(true);
@@ -6,6 +6,4 @@
       webSocketConnection.close();
 
-      // small delay to allow async 'close' to complete
-      Thread.sleep(10);
-      verify(webSocket).close();
+      verify(webSocket, timeout(150)).close();
     }"
triplea-game_triplea,triplea-game/triplea,WebSocketConnectionTest.SendMessageAndConnect.close,http-clients/src/test/java/org/triplea/http/client/web/socket/WebSocketConnectionTest.java,d5cb14872aaf259f05aeb28b528dde89c73b542d,Fix flaky test with Mockito.timeout (#5428),unknown,False,,60,56,11,False,0.18333333333333332,False,cue_removed,1,2,{'timeout': 1},"{'Thread': 1, 'sleep': 1}","@Test
    void close() throws Exception {
      when(webSocketClient.getConnection()).thenReturn(webSocket);
      when(webSocketClient.isOpen()).thenReturn(true);

      webSocketConnection.close();

      // small delay to allow async 'close' to complete
      Thread.sleep(10);
      verify(webSocket).close();
    }","@Test
    void close() {
      when(webSocketClient.getConnection()).thenReturn(webSocket);
      when(webSocketClient.isOpen()).thenReturn(true);

      webSocketConnection.close();

      verify(webSocket, timeout(150)).close();
    }","--- pre
+++ post
@@ -1,4 +1,4 @@
 @Test
-    void close() throws Exception {
+    void close() {
       when(webSocketClient.getConnection()).thenReturn(webSocket);
       when(webSocketClient.isOpen()).thenReturn(true);
@@ -6,6 +6,4 @@
       webSocketConnection.close();
 
-      // small delay to allow async 'close' to complete
-      Thread.sleep(10);
-      verify(webSocket).close();
+      verify(webSocket, timeout(150)).close();
     }"
vespa-engine_vespa,vespa-engine/vespa,NodeMetricsDbTest.testNodeMetricsDb,node-repository/src/test/java/com/yahoo/vespa/hosted/provision/autoscale/NodeMetricsDbTest.java,aa43693517b3c165c4a03f38527596c5e1705b90,Fix flaky NodeMetricsDbTest,unknown,False,,274,292,18,False,0.06164383561643835,False,cue_added,3,0,"{'clock': 1, 'Instant': 1, 'Duration': 1}",{},"@Test
    public void testNodeMetricsDb() {
        ManualClock clock = new ManualClock();
        NodeMetricsDb db = new NodeMetricsDb();
        List<NodeMetrics.MetricValue> values = new ArrayList<>();
        for (int i = 0; i < 40; i++) {
            values.add(new NodeMetrics.MetricValue(""host0"", ""cpu.util"", clock.instant().getEpochSecond(), 0.9f));
            clock.advance(Duration.ofHours(1));
        }
        db.add(values);

        assertEquals(29, db.getWindow(clock.instant().minus(Duration.ofHours(30)), Resource.cpu,    List.of(""host0"")).measurementCount());
        assertEquals( 0, db.getWindow(clock.instant().minus(Duration.ofHours(30)), Resource.memory, List.of(""host0"")).measurementCount());
        db.gc(clock);
        assertEquals(23, db.getWindow(clock.instant().minus(Duration.ofHours(30)), Resource.cpu,    List.of(""host0"")).measurementCount());
        assertEquals( 0, db.getWindow(clock.instant().minus(Duration.ofHours(30)), Resource.memory, List.of(""host0"")).measurementCount());
    }","@Test
    public void testNodeMetricsDb() {
        ManualClock clock = new ManualClock(Instant.ofEpochSecond(1596102538L));
        NodeMetricsDb db = new NodeMetricsDb();
        List<NodeMetrics.MetricValue> values = new ArrayList<>();
        for (int i = 0; i < 40; i++) {
            values.add(new NodeMetrics.MetricValue(""host0"", ""cpu.util"", clock.instant().getEpochSecond(), 0.9f));
            clock.advance(Duration.ofHours(1));
        }
        db.add(values);

        // Avoid off-by-one bug when the below windows starts exactly on one of the above getEpochSecond() timestamps.
        clock.advance(Duration.ofMinutes(1));

        assertEquals(29, db.getWindow(clock.instant().minus(Duration.ofHours(30)), Resource.cpu,    List.of(""host0"")).measurementCount());
        assertEquals( 0, db.getWindow(clock.instant().minus(Duration.ofHours(30)), Resource.memory, List.of(""host0"")).measurementCount());
        db.gc(clock);
        assertEquals(23, db.getWindow(clock.instant().minus(Duration.ofHours(30)), Resource.cpu,    List.of(""host0"")).measurementCount());
        assertEquals( 0, db.getWindow(clock.instant().minus(Duration.ofHours(30)), Resource.memory, List.of(""host0"")).measurementCount());
    }","--- pre
+++ post
@@ -1,5 +1,5 @@
 @Test
     public void testNodeMetricsDb() {
-        ManualClock clock = new ManualClock();
+        ManualClock clock = new ManualClock(Instant.ofEpochSecond(1596102538L));
         NodeMetricsDb db = new NodeMetricsDb();
         List<NodeMetrics.MetricValue> values = new ArrayList<>();
@@ -10,4 +10,7 @@
         db.add(values);
 
+        // Avoid off-by-one bug when the below windows starts exactly on one of the above getEpochSecond() timestamps.
+        clock.advance(Duration.ofMinutes(1));
+
         assertEquals(29, db.getWindow(clock.instant().minus(Duration.ofHours(30)), Resource.cpu,    List.of(""host0"")).measurementCount());
         assertEquals( 0, db.getWindow(clock.instant().minus(Duration.ofHours(30)), Resource.memory, List.of(""host0"")).measurementCount());"
vojtechhabarta_typescript-generator,vojtechhabarta/typescript-generator,EnumTest.testEnumsAsPascalCaseWithClassEnumPattern,typescript-generator-core/src/test/java/cz/habarta/typescript/generator/EnumTest.java,caef58bfe55a8cd1fc5d7368c19e9ff818a7b7fa,Enum member casing (#587) - `enumMemberCasing` parameter (including Maven and Gradle plugins) - improvements in splitting into words,unknown,False,,161,163,4,False,0.024539877300613498,False,cue_neutral,0,0,{},{},"@Test
    public void testEnumsAsPascalCaseWithClassEnumPattern() {
        final Settings settings = TestUtils.settings();
        settings.mapEnum = EnumMapping.asEnum;
        settings.pascalCaseEnums = true;
        settings.jsonLibrary = JsonLibrary.jackson2;
        final ClassEnumExtension classEnumExtension = new ClassEnumExtension();
        classEnumExtension.setConfiguration(Collections.singletonMap(""classEnumPattern"", ""Enum""));
        settings.extensions.add(classEnumExtension);
        final String output = new TypeScriptGenerator(settings).generateTypeScript(Input.from(DummyEnum.class, DummyClassEnum.class, DummyMixedCaseEnum.class));
        final String expected = (
                ""\ndeclare const enum DummyClassEnum {\n"" +
                        ""    Atype = 'ATYPE',\n"" +
                        ""    Btype = 'BTYPE',\n"" +
                        ""    Ctype = 'CTYPE',\n"" +
                        ""}\n"" +
                        ""\ndeclare const enum DummyEnum {\n"" +
                        ""    Red = 'Red',\n"" +
                        ""    Green = 'Green',\n"" +
                        ""    Blue = 'Blue',\n"" +
                        ""}\n"" +
                        ""\ndeclare const enum DummyMixedCaseEnum {\n"" +
                        ""    CamelCaseType = 'camelCaseType',\n"" +
                        ""    PascalCaseType = 'PascalCaseType',\n"" +
                        ""    UpperCaseType = 'UPPER_CASE_TYPE',\n"" +
                        ""}\n""
        ).replace(""'"", ""\"""");
        assertEquals(expected.trim(), output.trim());
    }","@Test
    public void testEnumsAsPascalCaseWithClassEnumPattern() {
        final Settings settings = TestUtils.settings();
        settings.mapEnum = EnumMapping.asEnum;
        settings.enumMemberCasing = IdentifierCasing.PascalCase;
        settings.jsonLibrary = JsonLibrary.jackson2;
        final ClassEnumExtension classEnumExtension = new ClassEnumExtension();
        classEnumExtension.setConfiguration(Collections.singletonMap(""classEnumPattern"", ""Enum""));
        settings.extensions.add(classEnumExtension);
        final String output = new TypeScriptGenerator(settings).generateTypeScript(Input.from(DummyEnum.class, DummyClassEnum.class, DummyMixedCaseEnum.class));
        final String expected = (
                ""\ndeclare const enum DummyClassEnum {\n"" +
                        ""    Atype = 'ATYPE',\n"" +
                        ""    Btype = 'BTYPE',\n"" +
                        ""    Ctype = 'CTYPE',\n"" +
                        ""}\n"" +
                        ""\ndeclare const enum DummyEnum {\n"" +
                        ""    Red = 'Red',\n"" +
                        ""    Green = 'Green',\n"" +
                        ""    Blue = 'Blue',\n"" +
                        ""}\n"" +
                        ""\ndeclare const enum DummyMixedCaseEnum {\n"" +
                        ""    CamelCaseType = 'camelCaseType',\n"" +
                        ""    PascalCaseType = 'PascalCaseType',\n"" +
                        ""    UpperCaseType = 'UPPER_CASE_TYPE',\n"" +
                        ""}\n""
        ).replace(""'"", ""\"""");
        assertEquals(expected.trim(), output.trim());
    }","--- pre
+++ post
@@ -3,5 +3,5 @@
         final Settings settings = TestUtils.settings();
         settings.mapEnum = EnumMapping.asEnum;
-        settings.pascalCaseEnums = true;
+        settings.enumMemberCasing = IdentifierCasing.PascalCase;
         settings.jsonLibrary = JsonLibrary.jackson2;
         final ClassEnumExtension classEnumExtension = new ClassEnumExtension();"
